table_code,measure_id,px_geo_code,px_geo_label,px_year_code,year,official_value,join_label,local_geo_label,local_value,source_cell,_merge,absolute_difference,cell_status,numeric_tolerance
V05.02,new_registrations,63,An Giang,0,2016,619.0,an giang,An Giang,619.0,B67,both,0.0,MATCHED,1e-12
V05.02,new_registrations,63,An Giang,1,2017,778.0,an giang,An Giang,778.0,C67,both,0.0,MATCHED,1e-12
V05.02,new_registrations,63,An Giang,2,2018,724.0,an giang,An Giang,724.0,D67,both,0.0,MATCHED,1e-12
V05.02,new_registrations,63,An Giang,3,2019,720.0,an giang,An Giang,720.0,E67,both,0.0,MATCHED,1e-12
V05.02,new_registrations,63,An Giang,4,2020,858.0,an giang,An Giang,858.0,F67,both,0.0,MATCHED,1e-12
V05.02,new_registrations,63,An Giang,5,2021,604.0,an giang,An Giang,604.0,G67,both,0.0,MATCHED,1e-12
V05.02,new_registrations,63,An Giang,6,2022,879.0,an giang,An Giang,879.0,H67,both,0.0,MATCHED,1e-12
V05.02,new_registrations,63,An Giang,7,2023,931.0,an giang,An Giang,931.0,I67,both,0.0,MATCHED,1e-12
V05.02,new_registrations,63,An Giang,8,2024,1060.0,an giang,An Giang,1060.0,J67,both,0.0,MATCHED,1e-12
V05.02,new_registrations,54,Bà Rịa - Vũng Tàu,0,2016,1368.0,ba ria vung tau,Bà Rịa - Vũng Tàu,1368.0,B58,both,0.0,MATCHED,1e-12
V05.02,new_registrations,54,Bà Rịa - Vũng Tàu,1,2017,1601.0,ba ria vung tau,Bà Rịa - Vũng Tàu,1601.0,C58,both,0.0,MATCHED,1e-12
V05.02,new_registrations,54,Bà Rịa - Vũng Tàu,2,2018,1616.0,ba ria vung tau,Bà Rịa - Vũng Tàu,1616.0,D58,both,0.0,MATCHED,1e-12
V05.02,new_registrations,54,Bà Rịa - Vũng Tàu,3,2019,1740.0,ba ria vung tau,Bà Rịa - Vũng Tàu,1740.0,E58,both,0.0,MATCHED,1e-12
V05.02,new_registrations,54,Bà Rịa - Vũng Tàu,4,2020,1951.0,ba ria vung tau,Bà Rịa - Vũng Tàu,1951.0,F58,both,0.0,MATCHED,1e-12
V05.02,new_registrations,54,Bà Rịa - Vũng Tàu,5,2021,1400.0,ba ria vung tau,Bà Rịa - Vũng Tàu,1400.0,G58,both,0.0,MATCHED,1e-12
V05.02,new_registrations,54,Bà Rịa - Vũng Tàu,6,2022,1933.0,ba ria vung tau,Bà Rịa - Vũng Tàu,1933.0,H58,both,0.0,MATCHED,1e-12
V05.02,new_registrations,54,Bà Rịa - Vũng Tàu,7,2023,1931.0,ba ria vung tau,Bà Rịa - Vũng Tàu,1931.0,I58,both,0.0,MATCHED,1e-12
V05.02,new_registrations,54,Bà Rịa - Vũng Tàu,8,2024,1826.0,ba ria vung tau,Bà Rịa - Vũng Tàu,1826.0,J58,both,0.0,MATCHED,1e-12
V05.02,new_registrations,22,Bắc Giang,0,2016,869.0,bac giang,Bắc Giang,869.0,B26,both,0.0,MATCHED,1e-12
V05.02,new_registrations,22,Bắc Giang,1,2017,1297.0,bac giang,Bắc Giang,1297.0,C26,both,0.0,MATCHED,1e-12
V05.02,new_registrations,22,Bắc Giang,2,2018,1209.0,bac giang,Bắc Giang,1209.0,D26,both,0.0,MATCHED,1e-12
V05.02,new_registrations,22,Bắc Giang,3,2019,1356.0,bac giang,Bắc Giang,1356.0,E26,both,0.0,MATCHED,1e-12
V05.02,new_registrations,22,Bắc Giang,4,2020,1332.0,bac giang,Bắc Giang,1332.0,F26,both,0.0,MATCHED,1e-12
V05.02,new_registrations,22,Bắc Giang,5,2021,1399.0,bac giang,Bắc Giang,1399.0,G26,both,0.0,MATCHED,1e-12
V05.02,new_registrations,22,Bắc Giang,6,2022,1706.0,bac giang,Bắc Giang,1706.0,H26,both,0.0,MATCHED,1e-12
V05.02,new_registrations,22,Bắc Giang,7,2023,2308.0,bac giang,Bắc Giang,2308.0,I26,both,0.0,MATCHED,1e-12
V05.02,new_registrations,22,Bắc Giang,8,2024,1990.0,bac giang,Bắc Giang,1990.0,J26,both,0.0,MATCHED,1e-12
V05.02,new_registrations,16,Bắc Kạn,0,2016,92.0,bac kan,Bắc Kạn,92.0,B20,both,0.0,MATCHED,1e-12
V05.02,new_registrations,16,Bắc Kạn,1,2017,66.0,bac kan,Bắc Kạn,66.0,C20,both,0.0,MATCHED,1e-12
V05.02,new_registrations,16,Bắc Kạn,2,2018,79.0,bac kan,Bắc Kạn,79.0,D20,both,0.0,MATCHED,1e-12
V05.02,new_registrations,16,Bắc Kạn,3,2019,66.0,bac kan,Bắc Kạn,66.0,E20,both,0.0,MATCHED,1e-12
V05.02,new_registrations,16,Bắc Kạn,4,2020,64.0,bac kan,Bắc Kạn,64.0,F20,both,0.0,MATCHED,1e-12
V05.02,new_registrations,16,Bắc Kạn,5,2021,107.0,bac kan,Bắc Kạn,107.0,G20,both,0.0,MATCHED,1e-12
V05.02,new_registrations,16,Bắc Kạn,6,2022,116.0,bac kan,Bắc Kạn,116.0,H20,both,0.0,MATCHED,1e-12
V05.02,new_registrations,16,Bắc Kạn,7,2023,122.0,bac kan,Bắc Kạn,122.0,I20,both,0.0,MATCHED,1e-12
V05.02,new_registrations,16,Bắc Kạn,8,2024,115.0,bac kan,Bắc Kạn,115.0,J20,both,0.0,MATCHED,1e-12
V05.02,new_registrations,68,Bạc Liêu,0,2016,242.0,bac lieu,Bạc Liêu,242.0,B72,both,0.0,MATCHED,1e-12
V05.02,new_registrations,68,Bạc Liêu,1,2017,277.0,bac lieu,Bạc Liêu,277.0,C72,both,0.0,MATCHED,1e-12
V05.02,new_registrations,68,Bạc Liêu,2,2018,323.0,bac lieu,Bạc Liêu,323.0,D72,both,0.0,MATCHED,1e-12
V05.02,new_registrations,68,Bạc Liêu,3,2019,384.0,bac lieu,Bạc Liêu,384.0,E72,both,0.0,MATCHED,1e-12
V05.02,new_registrations,68,Bạc Liêu,4,2020,421.0,bac lieu,Bạc Liêu,421.0,F72,both,0.0,MATCHED,1e-12
V05.02,new_registrations,68,Bạc Liêu,5,2021,336.0,bac lieu,Bạc Liêu,336.0,G72,both,0.0,MATCHED,1e-12
V05.02,new_registrations,68,Bạc Liêu,6,2022,329.0,bac lieu,Bạc Liêu,329.0,H72,both,0.0,MATCHED,1e-12
V05.02,new_registrations,68,Bạc Liêu,7,2023,390.0,bac lieu,Bạc Liêu,390.0,I72,both,0.0,MATCHED,1e-12
V05.02,new_registrations,68,Bạc Liêu,8,2024,368.0,bac lieu,Bạc Liêu,368.0,J72,both,0.0,MATCHED,1e-12
V05.02,new_registrations,4,Bắc Ninh,0,2016,1660.0,bac ninh,Bắc Ninh,1660.0,B8,both,0.0,MATCHED,1e-12
V05.02,new_registrations,4,Bắc Ninh,1,2017,2046.0,bac ninh,Bắc Ninh,2046.0,C8,both,0.0,MATCHED,1e-12
V05.02,new_registrations,4,Bắc Ninh,2,2018,2041.0,bac ninh,Bắc Ninh,2041.0,D8,both,0.0,MATCHED,1e-12
V05.02,new_registrations,4,Bắc Ninh,3,2019,2405.0,bac ninh,Bắc Ninh,2405.0,E8,both,0.0,MATCHED,1e-12
V05.02,new_registrations,4,Bắc Ninh,4,2020,2390.0,bac ninh,Bắc Ninh,2390.0,F8,both,0.0,MATCHED,1e-12
V05.02,new_registrations,4,Bắc Ninh,5,2021,2368.0,bac ninh,Bắc Ninh,2368.0,G8,both,0.0,MATCHED,1e-12
V05.02,new_registrations,4,Bắc Ninh,6,2022,2700.0,bac ninh,Bắc Ninh,2700.0,H8,both,0.0,MATCHED,1e-12
V05.02,new_registrations,4,Bắc Ninh,7,2023,3473.0,bac ninh,Bắc Ninh,3473.0,I8,both,0.0,MATCHED,1e-12
V05.02,new_registrations,4,Bắc Ninh,8,2024,3820.0,bac ninh,Bắc Ninh,3820.0,J8,both,0.0,MATCHED,1e-12
V05.02,new_registrations,28,Bắc Trung Bộ và duyên hải miền Trung,0,2016,14825.0,bac trung bo va duyen hai mien trung,Bắc Trung Bộ và duyên hải miền Trung,14825.0,B32,both,0.0,MATCHED,1e-12
V05.02,new_registrations,28,Bắc Trung Bộ và duyên hải miền Trung,1,2017,17556.0,bac trung bo va duyen hai mien trung,Bắc Trung Bộ và duyên hải miền Trung,17556.0,C32,both,0.0,MATCHED,1e-12
V05.02,new_registrations,28,Bắc Trung Bộ và duyên hải miền Trung,2,2018,18820.0,bac trung bo va duyen hai mien trung,Bắc Trung Bộ và duyên hải miền Trung,18820.0,D32,both,0.0,MATCHED,1e-12
V05.02,new_registrations,28,Bắc Trung Bộ và duyên hải miền Trung,3,2019,19255.0,bac trung bo va duyen hai mien trung,Bắc Trung Bộ và duyên hải miền Trung,19255.0,E32,both,0.0,MATCHED,1e-12
V05.02,new_registrations,28,Bắc Trung Bộ và duyên hải miền Trung,4,2020,18626.0,bac trung bo va duyen hai mien trung,Bắc Trung Bộ và duyên hải miền Trung,18626.0,F32,both,0.0,MATCHED,1e-12
V05.02,new_registrations,28,Bắc Trung Bộ và duyên hải miền Trung,5,2021,16842.0,bac trung bo va duyen hai mien trung,Bắc Trung Bộ và duyên hải miền Trung,16842.0,G32,both,0.0,MATCHED,1e-12
V05.02,new_registrations,28,Bắc Trung Bộ và duyên hải miền Trung,6,2022,20080.0,bac trung bo va duyen hai mien trung,Bắc Trung Bộ và duyên hải miền Trung,20080.0,H32,both,0.0,MATCHED,1e-12
V05.02,new_registrations,28,Bắc Trung Bộ và duyên hải miền Trung,7,2023,18690.0,bac trung bo va duyen hai mien trung,Bắc Trung Bộ và duyên hải miền Trung,18690.0,I32,both,0.0,MATCHED,1e-12
V05.02,new_registrations,28,Bắc Trung Bộ và duyên hải miền Trung,8,2024,18321.0,bac trung bo va duyen hai mien trung,Bắc Trung Bộ và duyên hải miền Trung,18321.0,J32,both,0.0,MATCHED,1e-12
V05.02,new_registrations,59,Bến Tre,0,2016,387.0,ben tre,Bến Tre,387.0,B63,both,0.0,MATCHED,1e-12
V05.02,new_registrations,59,Bến Tre,1,2017,535.0,ben tre,Bến Tre,535.0,C63,both,0.0,MATCHED,1e-12
V05.02,new_registrations,59,Bến Tre,2,2018,550.0,ben tre,Bến Tre,550.0,D63,both,0.0,MATCHED,1e-12
V05.02,new_registrations,59,Bến Tre,3,2019,507.0,ben tre,Bến Tre,507.0,E63,both,0.0,MATCHED,1e-12
V05.02,new_registrations,59,Bến Tre,4,2020,524.0,ben tre,Bến Tre,524.0,F63,both,0.0,MATCHED,1e-12
V05.02,new_registrations,59,Bến Tre,5,2021,418.0,ben tre,Bến Tre,418.0,G63,both,0.0,MATCHED,1e-12
V05.02,new_registrations,59,Bến Tre,6,2022,566.0,ben tre,Bến Tre,566.0,H63,both,0.0,MATCHED,1e-12
V05.02,new_registrations,59,Bến Tre,7,2023,591.0,ben tre,Bến Tre,591.0,I63,both,0.0,MATCHED,1e-12
V05.02,new_registrations,59,Bến Tre,8,2024,646.0,ben tre,Bến Tre,646.0,J63,both,0.0,MATCHED,1e-12
V05.02,new_registrations,38,Bình Định,0,2016,787.0,binh dinh,Bình Định,787.0,B42,both,0.0,MATCHED,1e-12
V05.02,new_registrations,38,Bình Định,1,2017,947.0,binh dinh,Bình Định,947.0,C42,both,0.0,MATCHED,1e-12
V05.02,new_registrations,38,Bình Định,2,2018,901.0,binh dinh,Bình Định,901.0,D42,both,0.0,MATCHED,1e-12
V05.02,new_registrations,38,Bình Định,3,2019,888.0,binh dinh,Bình Định,888.0,E42,both,0.0,MATCHED,1e-12
V05.02,new_registrations,38,Bình Định,4,2020,1061.0,binh dinh,Bình Định,1061.0,F42,both,0.0,MATCHED,1e-12
V05.02,new_registrations,38,Bình Định,5,2021,969.0,binh dinh,Bình Định,969.0,G42,both,0.0,MATCHED,1e-12
V05.02,new_registrations,38,Bình Định,6,2022,1238.0,binh dinh,Bình Định,1238.0,H42,both,0.0,MATCHED,1e-12
V05.02,new_registrations,38,Bình Định,7,2023,1090.0,binh dinh,Bình Định,1090.0,I42,both,0.0,MATCHED,1e-12
V05.02,new_registrations,38,Bình Định,8,2024,1150.0,binh dinh,Bình Định,1150.0,J42,both,0.0,MATCHED,1e-12
V05.02,new_registrations,52,Bình Dương,0,2016,4820.0,binh duong,Bình Dương,4820.0,B56,both,0.0,MATCHED,1e-12
V05.02,new_registrations,52,Bình Dương,1,2017,5549.0,binh duong,Bình Dương,5549.0,C56,both,0.0,MATCHED,1e-12
V05.02,new_registrations,52,Bình Dương,2,2018,5923.0,binh duong,Bình Dương,5923.0,D56,both,0.0,MATCHED,1e-12
V05.02,new_registrations,52,Bình Dương,3,2019,6612.0,binh duong,Bình Dương,6612.0,E56,both,0.0,MATCHED,1e-12
V05.02,new_registrations,52,Bình Dương,4,2020,6557.0,binh duong,Bình Dương,6557.0,F56,both,0.0,MATCHED,1e-12
V05.02,new_registrations,52,Bình Dương,5,2021,5293.0,binh duong,Bình Dương,5293.0,G56,both,0.0,MATCHED,1e-12
V05.02,new_registrations,52,Bình Dương,6,2022,6494.0,binh duong,Bình Dương,6494.0,H56,both,0.0,MATCHED,1e-12
V05.02,new_registrations,52,Bình Dương,7,2023,6792.0,binh duong,Bình Dương,6792.0,I56,both,0.0,MATCHED,1e-12
V05.02,new_registrations,52,Bình Dương,8,2024,8671.0,binh duong,Bình Dương,8671.0,J56,both,0.0,MATCHED,1e-12
V05.02,new_registrations,50,Bình Phước,0,2016,726.0,binh phuoc,Bình Phước,726.0,B54,both,0.0,MATCHED,1e-12
V05.02,new_registrations,50,Bình Phước,1,2017,896.0,binh phuoc,Bình Phước,896.0,C54,both,0.0,MATCHED,1e-12
V05.02,new_registrations,50,Bình Phước,2,2018,944.0,binh phuoc,Bình Phước,944.0,D54,both,0.0,MATCHED,1e-12
V05.02,new_registrations,50,Bình Phước,3,2019,1066.0,binh phuoc,Bình Phước,1066.0,E54,both,0.0,MATCHED,1e-12
V05.02,new_registrations,50,Bình Phước,4,2020,1257.0,binh phuoc,Bình Phước,1257.0,F54,both,0.0,MATCHED,1e-12
V05.02,new_registrations,50,Bình Phước,5,2021,1058.0,binh phuoc,Bình Phước,1058.0,G54,both,0.0,MATCHED,1e-12
V05.02,new_registrations,50,Bình Phước,6,2022,1172.0,binh phuoc,Bình Phước,1172.0,H54,both,0.0,MATCHED,1e-12
V05.02,new_registrations,50,Bình Phước,7,2023,1065.0,binh phuoc,Bình Phước,1065.0,I54,both,0.0,MATCHED,1e-12
V05.02,new_registrations,50,Bình Phước,8,2024,1249.0,binh phuoc,Bình Phước,1249.0,J54,both,0.0,MATCHED,1e-12
V05.02,new_registrations,42,Bình Thuận,0,2016,578.0,binh thuan,Bình Thuận,578.0,B46,both,0.0,MATCHED,1e-12
V05.02,new_registrations,42,Bình Thuận,1,2017,703.0,binh thuan,Bình Thuận,703.0,C46,both,0.0,MATCHED,1e-12
V05.02,new_registrations,42,Bình Thuận,2,2018,714.0,binh thuan,Bình Thuận,714.0,D46,both,0.0,MATCHED,1e-12
V05.02,new_registrations,42,Bình Thuận,3,2019,838.0,binh thuan,Bình Thuận,838.0,E46,both,0.0,MATCHED,1e-12
V05.02,new_registrations,42,Bình Thuận,4,2020,941.0,binh thuan,Bình Thuận,941.0,F46,both,0.0,MATCHED,1e-12
V05.02,new_registrations,42,Bình Thuận,5,2021,644.0,binh thuan,Bình Thuận,644.0,G46,both,0.0,MATCHED,1e-12
V05.02,new_registrations,42,Bình Thuận,6,2022,886.0,binh thuan,Bình Thuận,886.0,H46,both,0.0,MATCHED,1e-12
V05.02,new_registrations,42,Bình Thuận,7,2023,788.0,binh thuan,Bình Thuận,788.0,I46,both,0.0,MATCHED,1e-12
V05.02,new_registrations,42,Bình Thuận,8,2024,730.0,binh thuan,Bình Thuận,730.0,J46,both,0.0,MATCHED,1e-12
V05.02,new_registrations,69,Cà Mau,0,2016,515.0,ca mau,Cà Mau,515.0,B73,both,0.0,MATCHED,1e-12
V05.02,new_registrations,69,Cà Mau,1,2017,538.0,ca mau,Cà Mau,538.0,C73,both,0.0,MATCHED,1e-12
V05.02,new_registrations,69,Cà Mau,2,2018,526.0,ca mau,Cà Mau,526.0,D73,both,0.0,MATCHED,1e-12
V05.02,new_registrations,69,Cà Mau,3,2019,499.0,ca mau,Cà Mau,499.0,E73,both,0.0,MATCHED,1e-12
V05.02,new_registrations,69,Cà Mau,4,2020,594.0,ca mau,Cà Mau,594.0,F73,both,0.0,MATCHED,1e-12
V05.02,new_registrations,69,Cà Mau,5,2021,474.0,ca mau,Cà Mau,474.0,G73,both,0.0,MATCHED,1e-12
V05.02,new_registrations,69,Cà Mau,6,2022,658.0,ca mau,Cà Mau,658.0,H73,both,0.0,MATCHED,1e-12
V05.02,new_registrations,69,Cà Mau,7,2023,617.0,ca mau,Cà Mau,617.0,I73,both,0.0,MATCHED,1e-12
V05.02,new_registrations,69,Cà Mau,8,2024,543.0,ca mau,Cà Mau,543.0,J73,both,0.0,MATCHED,1e-12
V05.02,new_registrations,0,CẢ NƯỚC,0,2016,110100.0,ca nuoc,CẢ NƯỚC,110100.0,B4,both,0.0,MATCHED,1e-12
V05.02,new_registrations,0,CẢ NƯỚC,1,2017,126859.0,ca nuoc,CẢ NƯỚC,126859.0,C4,both,0.0,MATCHED,1e-12
V05.02,new_registrations,0,CẢ NƯỚC,2,2018,131275.0,ca nuoc,CẢ NƯỚC,131275.0,D4,both,0.0,MATCHED,1e-12
V05.02,new_registrations,0,CẢ NƯỚC,3,2019,138139.0,ca nuoc,CẢ NƯỚC,138139.0,E4,both,0.0,MATCHED,1e-12
V05.02,new_registrations,0,CẢ NƯỚC,4,2020,134940.0,ca nuoc,CẢ NƯỚC,134940.0,F4,both,0.0,MATCHED,1e-12
V05.02,new_registrations,0,CẢ NƯỚC,5,2021,116839.0,ca nuoc,CẢ NƯỚC,116839.0,G4,both,0.0,MATCHED,1e-12
V05.02,new_registrations,0,CẢ NƯỚC,6,2022,148533.0,ca nuoc,CẢ NƯỚC,148533.0,H4,both,0.0,MATCHED,1e-12
V05.02,new_registrations,0,CẢ NƯỚC,7,2023,159294.0,ca nuoc,CẢ NƯỚC,159294.0,I4,both,0.0,MATCHED,1e-12
V05.02,new_registrations,0,CẢ NƯỚC,8,2024,157240.0,ca nuoc,CẢ NƯỚC,157240.0,J4,both,0.0,MATCHED,1e-12
V05.02,new_registrations,65,Cần Thơ,0,2016,1257.0,can tho,Cần Thơ,1257.0,B69,both,0.0,MATCHED,1e-12
V05.02,new_registrations,65,Cần Thơ,1,2017,1366.0,can tho,Cần Thơ,1366.0,C69,both,0.0,MATCHED,1e-12
V05.02,new_registrations,65,Cần Thơ,2,2018,1398.0,can tho,Cần Thơ,1398.0,D69,both,0.0,MATCHED,1e-12
V05.02,new_registrations,65,Cần Thơ,3,2019,1483.0,can tho,Cần Thơ,1483.0,E69,both,0.0,MATCHED,1e-12
V05.02,new_registrations,65,Cần Thơ,4,2020,1564.0,can tho,Cần Thơ,1564.0,F69,both,0.0,MATCHED,1e-12
V05.02,new_registrations,65,Cần Thơ,5,2021,1283.0,can tho,Cần Thơ,1283.0,G69,both,0.0,MATCHED,1e-12
V05.02,new_registrations,65,Cần Thơ,6,2022,1807.0,can tho,Cần Thơ,1807.0,H69,both,0.0,MATCHED,1e-12
V05.02,new_registrations,65,Cần Thơ,7,2023,1706.0,can tho,Cần Thơ,1706.0,I69,both,0.0,MATCHED,1e-12
V05.02,new_registrations,65,Cần Thơ,8,2024,1824.0,can tho,Cần Thơ,1824.0,J69,both,0.0,MATCHED,1e-12
V05.02,new_registrations,15,Cao Bằng,0,2016,114.0,cao bang,Cao Bằng,114.0,B19,both,0.0,MATCHED,1e-12
V05.02,new_registrations,15,Cao Bằng,1,2017,150.0,cao bang,Cao Bằng,150.0,C19,both,0.0,MATCHED,1e-12
V05.02,new_registrations,15,Cao Bằng,2,2018,127.0,cao bang,Cao Bằng,127.0,D19,both,0.0,MATCHED,1e-12
V05.02,new_registrations,15,Cao Bằng,3,2019,167.0,cao bang,Cao Bằng,167.0,E19,both,0.0,MATCHED,1e-12
V05.02,new_registrations,15,Cao Bằng,4,2020,167.0,cao bang,Cao Bằng,167.0,F19,both,0.0,MATCHED,1e-12
V05.02,new_registrations,15,Cao Bằng,5,2021,138.0,cao bang,Cao Bằng,138.0,G19,both,0.0,MATCHED,1e-12
V05.02,new_registrations,15,Cao Bằng,6,2022,174.0,cao bang,Cao Bằng,174.0,H19,both,0.0,MATCHED,1e-12
V05.02,new_registrations,15,Cao Bằng,7,2023,125.0,cao bang,Cao Bằng,125.0,I19,both,0.0,MATCHED,1e-12
V05.02,new_registrations,15,Cao Bằng,8,2024,137.0,cao bang,Cao Bằng,137.0,J19,both,0.0,MATCHED,1e-12
V05.02,new_registrations,35,Đà Nẵng,0,2016,3898.0,da nang,Đà Nẵng,3898.0,B39,both,0.0,MATCHED,1e-12
V05.02,new_registrations,35,Đà Nẵng,1,2017,4022.0,da nang,Đà Nẵng,4022.0,C39,both,0.0,MATCHED,1e-12
V05.02,new_registrations,35,Đà Nẵng,2,2018,4474.0,da nang,Đà Nẵng,4474.0,D39,both,0.0,MATCHED,1e-12
V05.02,new_registrations,35,Đà Nẵng,3,2019,4742.0,da nang,Đà Nẵng,4742.0,E39,both,0.0,MATCHED,1e-12
V05.02,new_registrations,35,Đà Nẵng,4,2020,3752.0,da nang,Đà Nẵng,3752.0,F39,both,0.0,MATCHED,1e-12
V05.02,new_registrations,35,Đà Nẵng,5,2021,3294.0,da nang,Đà Nẵng,3294.0,G39,both,0.0,MATCHED,1e-12
V05.02,new_registrations,35,Đà Nẵng,6,2022,4000.0,da nang,Đà Nẵng,4000.0,H39,both,0.0,MATCHED,1e-12
V05.02,new_registrations,35,Đà Nẵng,7,2023,3758.0,da nang,Đà Nẵng,3758.0,I39,both,0.0,MATCHED,1e-12
V05.02,new_registrations,35,Đà Nẵng,8,2024,3451.0,da nang,Đà Nẵng,3451.0,J39,both,0.0,MATCHED,1e-12
V05.02,new_registrations,46,Đắk Lắk,0,2016,729.0,dak lak,Đắk Lắk,729.0,B50,both,0.0,MATCHED,1e-12
V05.02,new_registrations,46,Đắk Lắk,1,2017,929.0,dak lak,Đắk Lắk,929.0,C50,both,0.0,MATCHED,1e-12
V05.02,new_registrations,46,Đắk Lắk,2,2018,1008.0,dak lak,Đắk Lắk,1008.0,D50,both,0.0,MATCHED,1e-12
V05.02,new_registrations,46,Đắk Lắk,3,2019,1173.0,dak lak,Đắk Lắk,1173.0,E50,both,0.0,MATCHED,1e-12
V05.02,new_registrations,46,Đắk Lắk,4,2020,1562.0,dak lak,Đắk Lắk,1562.0,F50,both,0.0,MATCHED,1e-12
V05.02,new_registrations,46,Đắk Lắk,5,2021,1054.0,dak lak,Đắk Lắk,1054.0,G50,both,0.0,MATCHED,1e-12
V05.02,new_registrations,46,Đắk Lắk,6,2022,1249.0,dak lak,Đắk Lắk,1249.0,H50,both,0.0,MATCHED,1e-12
V05.02,new_registrations,46,Đắk Lắk,7,2023,1228.0,dak lak,Đắk Lắk,1228.0,I50,both,0.0,MATCHED,1e-12
V05.02,new_registrations,46,Đắk Lắk,8,2024,1324.0,dak lak,Đắk Lắk,1324.0,J50,both,0.0,MATCHED,1e-12
V05.02,new_registrations,47,Đắk Nông,0,2016,285.0,dak nong,Đắk Nông,285.0,B51,both,0.0,MATCHED,1e-12
V05.02,new_registrations,47,Đắk Nông,1,2017,361.0,dak nong,Đắk Nông,361.0,C51,both,0.0,MATCHED,1e-12
V05.02,new_registrations,47,Đắk Nông,2,2018,386.0,dak nong,Đắk Nông,386.0,D51,both,0.0,MATCHED,1e-12
V05.02,new_registrations,47,Đắk Nông,3,2019,362.0,dak nong,Đắk Nông,362.0,E51,both,0.0,MATCHED,1e-12
V05.02,new_registrations,47,Đắk Nông,4,2020,505.0,dak nong,Đắk Nông,505.0,F51,both,0.0,MATCHED,1e-12
V05.02,new_registrations,47,Đắk Nông,5,2021,388.0,dak nong,Đắk Nông,388.0,G51,both,0.0,MATCHED,1e-12
V05.02,new_registrations,47,Đắk Nông,6,2022,465.0,dak nong,Đắk Nông,465.0,H51,both,0.0,MATCHED,1e-12
V05.02,new_registrations,47,Đắk Nông,7,2023,381.0,dak nong,Đắk Nông,381.0,I51,both,0.0,MATCHED,1e-12
V05.02,new_registrations,47,Đắk Nông,8,2024,466.0,dak nong,Đắk Nông,466.0,J51,both,0.0,MATCHED,1e-12
V05.02,new_registrations,24,Điện Biên,0,2016,87.0,dien bien,Điện Biên,87.0,B28,both,0.0,MATCHED,1e-12
V05.02,new_registrations,24,Điện Biên,1,2017,121.0,dien bien,Điện Biên,121.0,C28,both,0.0,MATCHED,1e-12
V05.02,new_registrations,24,Điện Biên,2,2018,131.0,dien bien,Điện Biên,131.0,D28,both,0.0,MATCHED,1e-12
V05.02,new_registrations,24,Điện Biên,3,2019,97.0,dien bien,Điện Biên,97.0,E28,both,0.0,MATCHED,1e-12
V05.02,new_registrations,24,Điện Biên,4,2020,132.0,dien bien,Điện Biên,132.0,F28,both,0.0,MATCHED,1e-12
V05.02,new_registrations,24,Điện Biên,5,2021,129.0,dien bien,Điện Biên,129.0,G28,both,0.0,MATCHED,1e-12
V05.02,new_registrations,24,Điện Biên,6,2022,113.0,dien bien,Điện Biên,113.0,H28,both,0.0,MATCHED,1e-12
V05.02,new_registrations,24,Điện Biên,7,2023,137.0,dien bien,Điện Biên,137.0,I28,both,0.0,MATCHED,1e-12
V05.02,new_registrations,24,Điện Biên,8,2024,160.0,dien bien,Điện Biên,160.0,J28,both,0.0,MATCHED,1e-12
V05.02,new_registrations,56,Đồng bằng sông Cửu Long,0,2016,7890.0,dong bang song cuu long,Đồng bằng sông Cửu Long,7890.0,B60,both,0.0,MATCHED,1e-12
V05.02,new_registrations,56,Đồng bằng sông Cửu Long,1,2017,8994.0,dong bang song cuu long,Đồng bằng sông Cửu Long,8994.0,C60,both,0.0,MATCHED,1e-12
V05.02,new_registrations,56,Đồng bằng sông Cửu Long,2,2018,9271.0,dong bang song cuu long,Đồng bằng sông Cửu Long,9271.0,D60,both,0.0,MATCHED,1e-12
V05.02,new_registrations,56,Đồng bằng sông Cửu Long,3,2019,9388.0,dong bang song cuu long,Đồng bằng sông Cửu Long,9388.0,E60,both,0.0,MATCHED,1e-12
V05.02,new_registrations,56,Đồng bằng sông Cửu Long,4,2020,10360.0,dong bang song cuu long,Đồng bằng sông Cửu Long,10360.0,F60,both,0.0,MATCHED,1e-12
V05.02,new_registrations,56,Đồng bằng sông Cửu Long,5,2021,8313.0,dong bang song cuu long,Đồng bằng sông Cửu Long,8313.0,G60,both,0.0,MATCHED,1e-12
V05.02,new_registrations,56,Đồng bằng sông Cửu Long,6,2022,11536.0,dong bang song cuu long,Đồng bằng sông Cửu Long,11536.0,H60,both,0.0,MATCHED,1e-12
V05.02,new_registrations,56,Đồng bằng sông Cửu Long,7,2023,11381.0,dong bang song cuu long,Đồng bằng sông Cửu Long,11381.0,I60,both,0.0,MATCHED,1e-12
V05.02,new_registrations,56,Đồng bằng sông Cửu Long,8,2024,12712.0,dong bang song cuu long,Đồng bằng sông Cửu Long,12712.0,J60,both,0.0,MATCHED,1e-12
V05.02,new_registrations,1,Đồng bằng sông Hồng,0,2016,33453.0,dong bang song hong,Đồng bằng sông Hồng,33453.0,B5,both,0.0,MATCHED,1e-12
V05.02,new_registrations,1,Đồng bằng sông Hồng,1,2017,38075.0,dong bang song hong,Đồng bằng sông Hồng,38075.0,C5,both,0.0,MATCHED,1e-12
V05.02,new_registrations,1,Đồng bằng sông Hồng,2,2018,38873.0,dong bang song hong,Đồng bằng sông Hồng,38873.0,D5,both,0.0,MATCHED,1e-12
V05.02,new_registrations,1,Đồng bằng sông Hồng,3,2019,41842.0,dong bang song hong,Đồng bằng sông Hồng,41842.0,E5,both,0.0,MATCHED,1e-12
V05.02,new_registrations,1,Đồng bằng sông Hồng,4,2020,39723.0,dong bang song hong,Đồng bằng sông Hồng,39723.0,F5,both,0.0,MATCHED,1e-12
V05.02,new_registrations,1,Đồng bằng sông Hồng,5,2021,37913.0,dong bang song hong,Đồng bằng sông Hồng,37913.0,G5,both,0.0,MATCHED,1e-12
V05.02,new_registrations,1,Đồng bằng sông Hồng,6,2022,45472.0,dong bang song hong,Đồng bằng sông Hồng,45472.0,H5,both,0.0,MATCHED,1e-12
V05.02,new_registrations,1,Đồng bằng sông Hồng,7,2023,49377.0,dong bang song hong,Đồng bằng sông Hồng,49377.0,I5,both,0.0,MATCHED,1e-12
V05.02,new_registrations,1,Đồng bằng sông Hồng,8,2024,48027.0,dong bang song hong,Đồng bằng sông Hồng,48027.0,J5,both,0.0,MATCHED,1e-12
V05.02,new_registrations,53,Đồng Nai,0,2016,3172.0,dong nai,Đồng Nai,3172.0,B57,both,0.0,MATCHED,1e-12
V05.02,new_registrations,53,Đồng Nai,1,2017,3360.0,dong nai,Đồng Nai,3360.0,C57,both,0.0,MATCHED,1e-12
V05.02,new_registrations,53,Đồng Nai,2,2018,3549.0,dong nai,Đồng Nai,3549.0,D57,both,0.0,MATCHED,1e-12
V05.02,new_registrations,53,Đồng Nai,3,2019,3817.0,dong nai,Đồng Nai,3817.0,E57,both,0.0,MATCHED,1e-12
V05.02,new_registrations,53,Đồng Nai,4,2020,3926.0,dong nai,Đồng Nai,3926.0,F57,both,0.0,MATCHED,1e-12
V05.02,new_registrations,53,Đồng Nai,5,2021,3086.0,dong nai,Đồng Nai,3086.0,G57,both,0.0,MATCHED,1e-12
V05.02,new_registrations,53,Đồng Nai,6,2022,4203.0,dong nai,Đồng Nai,4203.0,H57,both,0.0,MATCHED,1e-12
V05.02,new_registrations,53,Đồng Nai,7,2023,4061.0,dong nai,Đồng Nai,4061.0,I57,both,0.0,MATCHED,1e-12
V05.02,new_registrations,53,Đồng Nai,8,2024,4608.0,dong nai,Đồng Nai,4608.0,J57,both,0.0,MATCHED,1e-12
V05.02,new_registrations,49,Đông Nam Bộ,0,2016,47108.0,dong nam bo,Đông Nam Bộ,47108.0,B53,both,0.0,MATCHED,1e-12
V05.02,new_registrations,49,Đông Nam Bộ,1,2017,53698.0,dong nam bo,Đông Nam Bộ,53698.0,C53,both,0.0,MATCHED,1e-12
V05.02,new_registrations,49,Đông Nam Bộ,2,2018,55821.0,dong nam bo,Đông Nam Bộ,55821.0,D53,both,0.0,MATCHED,1e-12
V05.02,new_registrations,49,Đông Nam Bộ,3,2019,58673.0,dong nam bo,Đông Nam Bộ,58673.0,E53,both,0.0,MATCHED,1e-12
V05.02,new_registrations,49,Đông Nam Bộ,4,2020,55850.0,dong nam bo,Đông Nam Bộ,55850.0,F53,both,0.0,MATCHED,1e-12
V05.02,new_registrations,49,Đông Nam Bộ,5,2021,43857.0,dong nam bo,Đông Nam Bộ,43857.0,G53,both,0.0,MATCHED,1e-12
V05.02,new_registrations,49,Đông Nam Bộ,6,2022,60043.0,dong nam bo,Đông Nam Bộ,60043.0,H53,both,0.0,MATCHED,1e-12
V05.02,new_registrations,49,Đông Nam Bộ,7,2023,67980.0,dong nam bo,Đông Nam Bộ,67980.0,I53,both,0.0,MATCHED,1e-12
V05.02,new_registrations,49,Đông Nam Bộ,8,2024,65883.0,dong nam bo,Đông Nam Bộ,65883.0,J53,both,0.0,MATCHED,1e-12
V05.02,new_registrations,62,Đồng Tháp,0,2016,464.0,dong thap,Đồng Tháp,464.0,B66,both,0.0,MATCHED,1e-12
V05.02,new_registrations,62,Đồng Tháp,1,2017,525.0,dong thap,Đồng Tháp,525.0,C66,both,0.0,MATCHED,1e-12
V05.02,new_registrations,62,Đồng Tháp,2,2018,576.0,dong thap,Đồng Tháp,576.0,D66,both,0.0,MATCHED,1e-12
V05.02,new_registrations,62,Đồng Tháp,3,2019,523.0,dong thap,Đồng Tháp,523.0,E66,both,0.0,MATCHED,1e-12
V05.02,new_registrations,62,Đồng Tháp,4,2020,605.0,dong thap,Đồng Tháp,605.0,F66,both,0.0,MATCHED,1e-12
V05.02,new_registrations,62,Đồng Tháp,5,2021,482.0,dong thap,Đồng Tháp,482.0,G66,both,0.0,MATCHED,1e-12
V05.02,new_registrations,62,Đồng Tháp,6,2022,738.0,dong thap,Đồng Tháp,738.0,H66,both,0.0,MATCHED,1e-12
V05.02,new_registrations,62,Đồng Tháp,7,2023,676.0,dong thap,Đồng Tháp,676.0,I66,both,0.0,MATCHED,1e-12
V05.02,new_registrations,62,Đồng Tháp,8,2024,666.0,dong thap,Đồng Tháp,666.0,J66,both,0.0,MATCHED,1e-12
V05.02,new_registrations,45,Gia Lai,0,2016,478.0,gia lai,Gia Lai,478.0,B49,both,0.0,MATCHED,1e-12
V05.02,new_registrations,45,Gia Lai,1,2017,593.0,gia lai,Gia Lai,593.0,C49,both,0.0,MATCHED,1e-12
V05.02,new_registrations,45,Gia Lai,2,2018,560.0,gia lai,Gia Lai,560.0,D49,both,0.0,MATCHED,1e-12
V05.02,new_registrations,45,Gia Lai,3,2019,645.0,gia lai,Gia Lai,645.0,E49,both,0.0,MATCHED,1e-12
V05.02,new_registrations,45,Gia Lai,4,2020,1089.0,gia lai,Gia Lai,1089.0,F49,both,0.0,MATCHED,1e-12
V05.02,new_registrations,45,Gia Lai,5,2021,805.0,gia lai,Gia Lai,805.0,G49,both,0.0,MATCHED,1e-12
V05.02,new_registrations,45,Gia Lai,6,2022,897.0,gia lai,Gia Lai,897.0,H49,both,0.0,MATCHED,1e-12
V05.02,new_registrations,45,Gia Lai,7,2023,760.0,gia lai,Gia Lai,760.0,I49,both,0.0,MATCHED,1e-12
V05.02,new_registrations,45,Gia Lai,8,2024,759.0,gia lai,Gia Lai,759.0,J49,both,0.0,MATCHED,1e-12
V05.02,new_registrations,14,Hà Giang,0,2016,112.0,ha giang,Hà Giang,112.0,B18,both,0.0,MATCHED,1e-12
V05.02,new_registrations,14,Hà Giang,1,2017,174.0,ha giang,Hà Giang,174.0,C18,both,0.0,MATCHED,1e-12
V05.02,new_registrations,14,Hà Giang,2,2018,149.0,ha giang,Hà Giang,149.0,D18,both,0.0,MATCHED,1e-12
V05.02,new_registrations,14,Hà Giang,3,2019,173.0,ha giang,Hà Giang,173.0,E18,both,0.0,MATCHED,1e-12
V05.02,new_registrations,14,Hà Giang,4,2020,151.0,ha giang,Hà Giang,151.0,F18,both,0.0,MATCHED,1e-12
V05.02,new_registrations,14,Hà Giang,5,2021,126.0,ha giang,Hà Giang,126.0,G18,both,0.0,MATCHED,1e-12
V05.02,new_registrations,14,Hà Giang,6,2022,183.0,ha giang,Hà Giang,183.0,H18,both,0.0,MATCHED,1e-12
V05.02,new_registrations,14,Hà Giang,7,2023,237.0,ha giang,Hà Giang,237.0,I18,both,0.0,MATCHED,1e-12
V05.02,new_registrations,14,Hà Giang,8,2024,191.0,ha giang,Hà Giang,191.0,J18,both,0.0,MATCHED,1e-12
V05.02,new_registrations,10,Hà Nam,0,2016,481.0,ha nam,Hà Nam,481.0,B14,both,0.0,MATCHED,1e-12
V05.02,new_registrations,10,Hà Nam,1,2017,628.0,ha nam,Hà Nam,628.0,C14,both,0.0,MATCHED,1e-12
V05.02,new_registrations,10,Hà Nam,2,2018,596.0,ha nam,Hà Nam,596.0,D14,both,0.0,MATCHED,1e-12
V05.02,new_registrations,10,Hà Nam,3,2019,684.0,ha nam,Hà Nam,684.0,E14,both,0.0,MATCHED,1e-12
V05.02,new_registrations,10,Hà Nam,4,2020,682.0,ha nam,Hà Nam,682.0,F14,both,0.0,MATCHED,1e-12
V05.02,new_registrations,10,Hà Nam,5,2021,666.0,ha nam,Hà Nam,666.0,G14,both,0.0,MATCHED,1e-12
V05.02,new_registrations,10,Hà Nam,6,2022,796.0,ha nam,Hà Nam,796.0,H14,both,0.0,MATCHED,1e-12
V05.02,new_registrations,10,Hà Nam,7,2023,771.0,ha nam,Hà Nam,771.0,I14,both,0.0,MATCHED,1e-12
V05.02,new_registrations,10,Hà Nam,8,2024,926.0,ha nam,Hà Nam,926.0,J14,both,0.0,MATCHED,1e-12
V05.02,new_registrations,2,Hà Nội,0,2016,22663.0,ha noi,Hà Nội,22663.0,B6,both,0.0,MATCHED,1e-12
V05.02,new_registrations,2,Hà Nội,1,2017,24545.0,ha noi,Hà Nội,24545.0,C6,both,0.0,MATCHED,1e-12
V05.02,new_registrations,2,Hà Nội,2,2018,25231.0,ha noi,Hà Nội,25231.0,D6,both,0.0,MATCHED,1e-12
V05.02,new_registrations,2,Hà Nội,3,2019,27711.0,ha noi,Hà Nội,27711.0,E6,both,0.0,MATCHED,1e-12
V05.02,new_registrations,2,Hà Nội,4,2020,26135.0,ha noi,Hà Nội,26135.0,F6,both,0.0,MATCHED,1e-12
V05.02,new_registrations,2,Hà Nội,5,2021,24026.0,ha noi,Hà Nội,24026.0,G6,both,0.0,MATCHED,1e-12
V05.02,new_registrations,2,Hà Nội,6,2022,29720.0,ha noi,Hà Nội,29720.0,H6,both,0.0,MATCHED,1e-12
V05.02,new_registrations,2,Hà Nội,7,2023,31512.0,ha noi,Hà Nội,31512.0,I6,both,0.0,MATCHED,1e-12
V05.02,new_registrations,2,Hà Nội,8,2024,28931.0,ha noi,Hà Nội,28931.0,J6,both,0.0,MATCHED,1e-12
V05.02,new_registrations,31,Hà Tĩnh,0,2016,734.0,ha tinh,Hà Tĩnh,734.0,B35,both,0.0,MATCHED,1e-12
V05.02,new_registrations,31,Hà Tĩnh,1,2017,741.0,ha tinh,Hà Tĩnh,741.0,C35,both,0.0,MATCHED,1e-12
V05.02,new_registrations,31,Hà Tĩnh,2,2018,761.0,ha tinh,Hà Tĩnh,761.0,D35,both,0.0,MATCHED,1e-12
V05.02,new_registrations,31,Hà Tĩnh,3,2019,810.0,ha tinh,Hà Tĩnh,810.0,E35,both,0.0,MATCHED,1e-12
V05.02,new_registrations,31,Hà Tĩnh,4,2020,758.0,ha tinh,Hà Tĩnh,758.0,F35,both,0.0,MATCHED,1e-12
V05.02,new_registrations,31,Hà Tĩnh,5,2021,889.0,ha tinh,Hà Tĩnh,889.0,G35,both,0.0,MATCHED,1e-12
V05.02,new_registrations,31,Hà Tĩnh,6,2022,895.0,ha tinh,Hà Tĩnh,895.0,H35,both,0.0,MATCHED,1e-12
V05.02,new_registrations,31,Hà Tĩnh,7,2023,868.0,ha tinh,Hà Tĩnh,868.0,I35,both,0.0,MATCHED,1e-12
V05.02,new_registrations,31,Hà Tĩnh,8,2024,896.0,ha tinh,Hà Tĩnh,896.0,J35,both,0.0,MATCHED,1e-12
V05.02,new_registrations,6,Hải Dương,0,2016,1213.0,hai duong,Hải Dương,1213.0,B10,both,0.0,MATCHED,1e-12
V05.02,new_registrations,6,Hải Dương,1,2017,1509.0,hai duong,Hải Dương,1509.0,C10,both,0.0,MATCHED,1e-12
V05.02,new_registrations,6,Hải Dương,2,2018,1549.0,hai duong,Hải Dương,1549.0,D10,both,0.0,MATCHED,1e-12
V05.02,new_registrations,6,Hải Dương,3,2019,1695.0,hai duong,Hải Dương,1695.0,E10,both,0.0,MATCHED,1e-12
V05.02,new_registrations,6,Hải Dương,4,2020,1600.0,hai duong,Hải Dương,1600.0,F10,both,0.0,MATCHED,1e-12
V05.02,new_registrations,6,Hải Dương,5,2021,1425.0,hai duong,Hải Dương,1425.0,G10,both,0.0,MATCHED,1e-12
V05.02,new_registrations,6,Hải Dương,6,2022,1579.0,hai duong,Hải Dương,1579.0,H10,both,0.0,MATCHED,1e-12
V05.02,new_registrations,6,Hải Dương,7,2023,1884.0,hai duong,Hải Dương,1884.0,I10,both,0.0,MATCHED,1e-12
V05.02,new_registrations,6,Hải Dương,8,2024,1992.0,hai duong,Hải Dương,1992.0,J10,both,0.0,MATCHED,1e-12
V05.02,new_registrations,7,Hải Phòng,0,2016,2568.0,hai phong,Hải Phòng,2568.0,B11,both,0.0,MATCHED,1e-12
V05.02,new_registrations,7,Hải Phòng,1,2017,2979.0,hai phong,Hải Phòng,2979.0,C11,both,0.0,MATCHED,1e-12
V05.02,new_registrations,7,Hải Phòng,2,2018,3145.0,hai phong,Hải Phòng,3145.0,D11,both,0.0,MATCHED,1e-12
V05.02,new_registrations,7,Hải Phòng,3,2019,2943.0,hai phong,Hải Phòng,2943.0,E11,both,0.0,MATCHED,1e-12
V05.02,new_registrations,7,Hải Phòng,4,2020,2867.0,hai phong,Hải Phòng,2867.0,F11,both,0.0,MATCHED,1e-12
V05.02,new_registrations,7,Hải Phòng,5,2021,3034.0,hai phong,Hải Phòng,3034.0,G11,both,0.0,MATCHED,1e-12
V05.02,new_registrations,7,Hải Phòng,6,2022,3294.0,hai phong,Hải Phòng,3294.0,H11,both,0.0,MATCHED,1e-12
V05.02,new_registrations,7,Hải Phòng,7,2023,3523.0,hai phong,Hải Phòng,3523.0,I11,both,0.0,MATCHED,1e-12
V05.02,new_registrations,7,Hải Phòng,8,2024,3494.0,hai phong,Hải Phòng,3494.0,J11,both,0.0,MATCHED,1e-12
V05.02,new_registrations,66,Hậu Giang,0,2016,404.0,hau giang,Hậu Giang,404.0,B70,both,0.0,MATCHED,1e-12
V05.02,new_registrations,66,Hậu Giang,1,2017,376.0,hau giang,Hậu Giang,376.0,C70,both,0.0,MATCHED,1e-12
V05.02,new_registrations,66,Hậu Giang,2,2018,364.0,hau giang,Hậu Giang,364.0,D70,both,0.0,MATCHED,1e-12
V05.02,new_registrations,66,Hậu Giang,3,2019,366.0,hau giang,Hậu Giang,366.0,E70,both,0.0,MATCHED,1e-12
V05.02,new_registrations,66,Hậu Giang,4,2020,529.0,hau giang,Hậu Giang,529.0,F70,both,0.0,MATCHED,1e-12
V05.02,new_registrations,66,Hậu Giang,5,2021,350.0,hau giang,Hậu Giang,350.0,G70,both,0.0,MATCHED,1e-12
V05.02,new_registrations,66,Hậu Giang,6,2022,562.0,hau giang,Hậu Giang,562.0,H70,both,0.0,MATCHED,1e-12
V05.02,new_registrations,66,Hậu Giang,7,2023,622.0,hau giang,Hậu Giang,622.0,I70,both,0.0,MATCHED,1e-12
V05.02,new_registrations,66,Hậu Giang,8,2024,850.0,hau giang,Hậu Giang,850.0,J70,both,0.0,MATCHED,1e-12
V05.02,new_registrations,55,TP. Hồ Chí Minh,0,2016,36442.0,ho chi minh,TP. Hồ Chí Minh,36442.0,B59,both,0.0,MATCHED,1e-12
V05.02,new_registrations,55,TP. Hồ Chí Minh,1,2017,41686.0,ho chi minh,TP. Hồ Chí Minh,41686.0,C59,both,0.0,MATCHED,1e-12
V05.02,new_registrations,55,TP. Hồ Chí Minh,2,2018,43230.0,ho chi minh,TP. Hồ Chí Minh,43230.0,D59,both,0.0,MATCHED,1e-12
V05.02,new_registrations,55,TP. Hồ Chí Minh,3,2019,44769.0,ho chi minh,TP. Hồ Chí Minh,44769.0,E59,both,0.0,MATCHED,1e-12
V05.02,new_registrations,55,TP. Hồ Chí Minh,4,2020,41423.0,ho chi minh,TP. Hồ Chí Minh,41423.0,F59,both,0.0,MATCHED,1e-12
V05.02,new_registrations,55,TP. Hồ Chí Minh,5,2021,32344.0,ho chi minh,TP. Hồ Chí Minh,32344.0,G59,both,0.0,MATCHED,1e-12
V05.02,new_registrations,55,TP. Hồ Chí Minh,6,2022,45425.0,ho chi minh,TP. Hồ Chí Minh,45425.0,H59,both,0.0,MATCHED,1e-12
V05.02,new_registrations,55,TP. Hồ Chí Minh,7,2023,53300.0,ho chi minh,TP. Hồ Chí Minh,53300.0,I59,both,0.0,MATCHED,1e-12
V05.02,new_registrations,55,TP. Hồ Chí Minh,8,2024,48664.0,ho chi minh,TP. Hồ Chí Minh,48664.0,J59,both,0.0,MATCHED,1e-12
V05.02,new_registrations,27,Hòa Bình,0,2016,287.0,hoa binh,Hòa Bình,287.0,B31,both,0.0,MATCHED,1e-12
V05.02,new_registrations,27,Hòa Bình,1,2017,374.0,hoa binh,Hòa Bình,374.0,C31,both,0.0,MATCHED,1e-12
V05.02,new_registrations,27,Hòa Bình,2,2018,383.0,hoa binh,Hòa Bình,383.0,D31,both,0.0,MATCHED,1e-12
V05.02,new_registrations,27,Hòa Bình,3,2019,365.0,hoa binh,Hòa Bình,365.0,E31,both,0.0,MATCHED,1e-12
V05.02,new_registrations,27,Hòa Bình,4,2020,361.0,hoa binh,Hòa Bình,361.0,F31,both,0.0,MATCHED,1e-12
V05.02,new_registrations,27,Hòa Bình,5,2021,455.0,hoa binh,Hòa Bình,455.0,G31,both,0.0,MATCHED,1e-12
V05.02,new_registrations,27,Hòa Bình,6,2022,490.0,hoa binh,Hòa Bình,490.0,H31,both,0.0,MATCHED,1e-12
V05.02,new_registrations,27,Hòa Bình,7,2023,395.0,hoa binh,Hòa Bình,395.0,I31,both,0.0,MATCHED,1e-12
V05.02,new_registrations,27,Hòa Bình,8,2024,526.0,hoa binh,Hòa Bình,526.0,J31,both,0.0,MATCHED,1e-12
V05.02,new_registrations,8,Hưng Yên,0,2016,903.0,hung yen,Hưng Yên,903.0,B12,both,0.0,MATCHED,1e-12
V05.02,new_registrations,8,Hưng Yên,1,2017,1311.0,hung yen,Hưng Yên,1311.0,C12,both,0.0,MATCHED,1e-12
V05.02,new_registrations,8,Hưng Yên,2,2018,1185.0,hung yen,Hưng Yên,1185.0,D12,both,0.0,MATCHED,1e-12
V05.02,new_registrations,8,Hưng Yên,3,2019,1194.0,hung yen,Hưng Yên,1194.0,E12,both,0.0,MATCHED,1e-12
V05.02,new_registrations,8,Hưng Yên,4,2020,1153.0,hung yen,Hưng Yên,1153.0,F12,both,0.0,MATCHED,1e-12
V05.02,new_registrations,8,Hưng Yên,5,2021,1331.0,hung yen,Hưng Yên,1331.0,G12,both,0.0,MATCHED,1e-12
V05.02,new_registrations,8,Hưng Yên,6,2022,1364.0,hung yen,Hưng Yên,1364.0,H12,both,0.0,MATCHED,1e-12
V05.02,new_registrations,8,Hưng Yên,7,2023,1594.0,hung yen,Hưng Yên,1594.0,I12,both,0.0,MATCHED,1e-12
V05.02,new_registrations,8,Hưng Yên,8,2024,2079.0,hung yen,Hưng Yên,2079.0,J12,both,0.0,MATCHED,1e-12
V05.02,new_registrations,40,Khánh Hòa,0,2016,1880.0,khanh hoa,Khánh Hòa,1880.0,B44,both,0.0,MATCHED,1e-12
V05.02,new_registrations,40,Khánh Hòa,1,2017,1990.0,khanh hoa,Khánh Hòa,1990.0,C44,both,0.0,MATCHED,1e-12
V05.02,new_registrations,40,Khánh Hòa,2,2018,1924.0,khanh hoa,Khánh Hòa,1924.0,D44,both,0.0,MATCHED,1e-12
V05.02,new_registrations,40,Khánh Hòa,3,2019,1900.0,khanh hoa,Khánh Hòa,1900.0,E44,both,0.0,MATCHED,1e-12
V05.02,new_registrations,40,Khánh Hòa,4,2020,1825.0,khanh hoa,Khánh Hòa,1825.0,F44,both,0.0,MATCHED,1e-12
V05.02,new_registrations,40,Khánh Hòa,5,2021,1219.0,khanh hoa,Khánh Hòa,1219.0,G44,both,0.0,MATCHED,1e-12
V05.02,new_registrations,40,Khánh Hòa,6,2022,1982.0,khanh hoa,Khánh Hòa,1982.0,H44,both,0.0,MATCHED,1e-12
V05.02,new_registrations,40,Khánh Hòa,7,2023,1913.0,khanh hoa,Khánh Hòa,1913.0,I44,both,0.0,MATCHED,1e-12
V05.02,new_registrations,40,Khánh Hòa,8,2024,1854.0,khanh hoa,Khánh Hòa,1854.0,J44,both,0.0,MATCHED,1e-12
V05.02,new_registrations,64,Kiên Giang,0,2016,1208.0,kien giang,Kiên Giang,1208.0,B68,both,0.0,MATCHED,1e-12
V05.02,new_registrations,64,Kiên Giang,1,2017,1442.0,kien giang,Kiên Giang,1442.0,C68,both,0.0,MATCHED,1e-12
V05.02,new_registrations,64,Kiên Giang,2,2018,1536.0,kien giang,Kiên Giang,1536.0,D68,both,0.0,MATCHED,1e-12
V05.02,new_registrations,64,Kiên Giang,3,2019,1447.0,kien giang,Kiên Giang,1447.0,E68,both,0.0,MATCHED,1e-12
V05.02,new_registrations,64,Kiên Giang,4,2020,1479.0,kien giang,Kiên Giang,1479.0,F68,both,0.0,MATCHED,1e-12
V05.02,new_registrations,64,Kiên Giang,5,2021,1304.0,kien giang,Kiên Giang,1304.0,G68,both,0.0,MATCHED,1e-12
V05.02,new_registrations,64,Kiên Giang,6,2022,1892.0,kien giang,Kiên Giang,1892.0,H68,both,0.0,MATCHED,1e-12
V05.02,new_registrations,64,Kiên Giang,7,2023,1566.0,kien giang,Kiên Giang,1566.0,I68,both,0.0,MATCHED,1e-12
V05.02,new_registrations,64,Kiên Giang,8,2024,1564.0,kien giang,Kiên Giang,1564.0,J68,both,0.0,MATCHED,1e-12
V05.02,new_registrations,44,Kon Tum,0,2016,216.0,kon tum,Kon Tum,216.0,B48,both,0.0,MATCHED,1e-12
V05.02,new_registrations,44,Kon Tum,1,2017,237.0,kon tum,Kon Tum,237.0,C48,both,0.0,MATCHED,1e-12
V05.02,new_registrations,44,Kon Tum,2,2018,256.0,kon tum,Kon Tum,256.0,D48,both,0.0,MATCHED,1e-12
V05.02,new_registrations,44,Kon Tum,3,2019,286.0,kon tum,Kon Tum,286.0,E48,both,0.0,MATCHED,1e-12
V05.02,new_registrations,44,Kon Tum,4,2020,370.0,kon tum,Kon Tum,370.0,F48,both,0.0,MATCHED,1e-12
V05.02,new_registrations,44,Kon Tum,5,2021,302.0,kon tum,Kon Tum,302.0,G48,both,0.0,MATCHED,1e-12
V05.02,new_registrations,44,Kon Tum,6,2022,336.0,kon tum,Kon Tum,336.0,H48,both,0.0,MATCHED,1e-12
V05.02,new_registrations,44,Kon Tum,7,2023,291.0,kon tum,Kon Tum,291.0,I48,both,0.0,MATCHED,1e-12
V05.02,new_registrations,44,Kon Tum,8,2024,303.0,kon tum,Kon Tum,303.0,J48,both,0.0,MATCHED,1e-12
V05.02,new_registrations,25,Lai Châu,0,2016,153.0,lai chau,Lai Châu,153.0,B29,both,0.0,MATCHED,1e-12
V05.02,new_registrations,25,Lai Châu,1,2017,188.0,lai chau,Lai Châu,188.0,C29,both,0.0,MATCHED,1e-12
V05.02,new_registrations,25,Lai Châu,2,2018,157.0,lai chau,Lai Châu,157.0,D29,both,0.0,MATCHED,1e-12
V05.02,new_registrations,25,Lai Châu,3,2019,144.0,lai chau,Lai Châu,144.0,E29,both,0.0,MATCHED,1e-12
V05.02,new_registrations,25,Lai Châu,4,2020,131.0,lai chau,Lai Châu,131.0,F29,both,0.0,MATCHED,1e-12
V05.02,new_registrations,25,Lai Châu,5,2021,128.0,lai chau,Lai Châu,128.0,G29,both,0.0,MATCHED,1e-12
V05.02,new_registrations,25,Lai Châu,6,2022,194.0,lai chau,Lai Châu,194.0,H29,both,0.0,MATCHED,1e-12
V05.02,new_registrations,25,Lai Châu,7,2023,138.0,lai chau,Lai Châu,138.0,I29,both,0.0,MATCHED,1e-12
V05.02,new_registrations,25,Lai Châu,8,2024,148.0,lai chau,Lai Châu,148.0,J29,both,0.0,MATCHED,1e-12
V05.02,new_registrations,48,Lâm Đồng,0,2016,923.0,lam dong,Lâm Đồng,923.0,B52,both,0.0,MATCHED,1e-12
V05.02,new_registrations,48,Lâm Đồng,1,2017,1116.0,lam dong,Lâm Đồng,1116.0,C52,both,0.0,MATCHED,1e-12
V05.02,new_registrations,48,Lâm Đồng,2,2018,1009.0,lam dong,Lâm Đồng,1009.0,D52,both,0.0,MATCHED,1e-12
V05.02,new_registrations,48,Lâm Đồng,3,2019,1133.0,lam dong,Lâm Đồng,1133.0,E52,both,0.0,MATCHED,1e-12
V05.02,new_registrations,48,Lâm Đồng,4,2020,1323.0,lam dong,Lâm Đồng,1323.0,F52,both,0.0,MATCHED,1e-12
V05.02,new_registrations,48,Lâm Đồng,5,2021,1238.0,lam dong,Lâm Đồng,1238.0,G52,both,0.0,MATCHED,1e-12
V05.02,new_registrations,48,Lâm Đồng,6,2022,1523.0,lam dong,Lâm Đồng,1523.0,H52,both,0.0,MATCHED,1e-12
V05.02,new_registrations,48,Lâm Đồng,7,2023,1326.0,lam dong,Lâm Đồng,1326.0,I52,both,0.0,MATCHED,1e-12
V05.02,new_registrations,48,Lâm Đồng,8,2024,1201.0,lam dong,Lâm Đồng,1201.0,J52,both,0.0,MATCHED,1e-12
V05.02,new_registrations,21,Lạng Sơn,0,2016,288.0,lang son,Lạng Sơn,288.0,B25,both,0.0,MATCHED,1e-12
V05.02,new_registrations,21,Lạng Sơn,1,2017,355.0,lang son,Lạng Sơn,355.0,C25,both,0.0,MATCHED,1e-12
V05.02,new_registrations,21,Lạng Sơn,2,2018,386.0,lang son,Lạng Sơn,386.0,D25,both,0.0,MATCHED,1e-12
V05.02,new_registrations,21,Lạng Sơn,3,2019,387.0,lang son,Lạng Sơn,387.0,E25,both,0.0,MATCHED,1e-12
V05.02,new_registrations,21,Lạng Sơn,4,2020,409.0,lang son,Lạng Sơn,409.0,F25,both,0.0,MATCHED,1e-12
V05.02,new_registrations,21,Lạng Sơn,5,2021,493.0,lang son,Lạng Sơn,493.0,G25,both,0.0,MATCHED,1e-12
V05.02,new_registrations,21,Lạng Sơn,6,2022,463.0,lang son,Lạng Sơn,463.0,H25,both,0.0,MATCHED,1e-12
V05.02,new_registrations,21,Lạng Sơn,7,2023,726.0,lang son,Lạng Sơn,726.0,I25,both,0.0,MATCHED,1e-12
V05.02,new_registrations,21,Lạng Sơn,8,2024,1170.0,lang son,Lạng Sơn,1170.0,J25,both,0.0,MATCHED,1e-12
V05.02,new_registrations,18,Lào Cai,0,2016,394.0,lao cai,Lào Cai,394.0,B22,both,0.0,MATCHED,1e-12
V05.02,new_registrations,18,Lào Cai,1,2017,399.0,lao cai,Lào Cai,399.0,C22,both,0.0,MATCHED,1e-12
V05.02,new_registrations,18,Lào Cai,2,2018,389.0,lao cai,Lào Cai,389.0,D22,both,0.0,MATCHED,1e-12
V05.02,new_registrations,18,Lào Cai,3,2019,421.0,lao cai,Lào Cai,421.0,E22,both,0.0,MATCHED,1e-12
V05.02,new_registrations,18,Lào Cai,4,2020,525.0,lao cai,Lào Cai,525.0,F22,both,0.0,MATCHED,1e-12
V05.02,new_registrations,18,Lào Cai,5,2021,604.0,lao cai,Lào Cai,604.0,G22,both,0.0,MATCHED,1e-12
V05.02,new_registrations,18,Lào Cai,6,2022,655.0,lao cai,Lào Cai,655.0,H22,both,0.0,MATCHED,1e-12
V05.02,new_registrations,18,Lào Cai,7,2023,689.0,lao cai,Lào Cai,689.0,I22,both,0.0,MATCHED,1e-12
V05.02,new_registrations,18,Lào Cai,8,2024,675.0,lao cai,Lào Cai,675.0,J22,both,0.0,MATCHED,1e-12
V05.02,new_registrations,57,Long An,0,2016,1354.0,long an,Long An,1354.0,B61,both,0.0,MATCHED,1e-12
V05.02,new_registrations,57,Long An,1,2017,1497.0,long an,Long An,1497.0,C61,both,0.0,MATCHED,1e-12
V05.02,new_registrations,57,Long An,2,2018,1578.0,long an,Long An,1578.0,D61,both,0.0,MATCHED,1e-12
V05.02,new_registrations,57,Long An,3,2019,1713.0,long an,Long An,1713.0,E61,both,0.0,MATCHED,1e-12
V05.02,new_registrations,57,Long An,4,2020,1638.0,long an,Long An,1638.0,F61,both,0.0,MATCHED,1e-12
V05.02,new_registrations,57,Long An,5,2021,1419.0,long an,Long An,1419.0,G61,both,0.0,MATCHED,1e-12
V05.02,new_registrations,57,Long An,6,2022,1763.0,long an,Long An,1763.0,H61,both,0.0,MATCHED,1e-12
V05.02,new_registrations,57,Long An,7,2023,1994.0,long an,Long An,1994.0,I61,both,0.0,MATCHED,1e-12
V05.02,new_registrations,57,Long An,8,2024,2854.0,long an,Long An,2854.0,J61,both,0.0,MATCHED,1e-12
V05.02,new_registrations,11,Nam Định,0,2016,675.0,nam dinh,Nam Định,675.0,B15,both,0.0,MATCHED,1e-12
V05.02,new_registrations,11,Nam Định,1,2017,799.0,nam dinh,Nam Định,799.0,C15,both,0.0,MATCHED,1e-12
V05.02,new_registrations,11,Nam Định,2,2018,818.0,nam dinh,Nam Định,818.0,D15,both,0.0,MATCHED,1e-12
V05.02,new_registrations,11,Nam Định,3,2019,796.0,nam dinh,Nam Định,796.0,E15,both,0.0,MATCHED,1e-12
V05.02,new_registrations,11,Nam Định,4,2020,794.0,nam dinh,Nam Định,794.0,F15,both,0.0,MATCHED,1e-12
V05.02,new_registrations,11,Nam Định,5,2021,906.0,nam dinh,Nam Định,906.0,G15,both,0.0,MATCHED,1e-12
V05.02,new_registrations,11,Nam Định,6,2022,1088.0,nam dinh,Nam Định,1088.0,H15,both,0.0,MATCHED,1e-12
V05.02,new_registrations,11,Nam Định,7,2023,1283.0,nam dinh,Nam Định,1283.0,I15,both,0.0,MATCHED,1e-12
V05.02,new_registrations,11,Nam Định,8,2024,1311.0,nam dinh,Nam Định,1311.0,J15,both,0.0,MATCHED,1e-12
V05.02,new_registrations,30,Nghệ An,0,2016,1547.0,nghe an,Nghệ An,1547.0,B34,both,0.0,MATCHED,1e-12
V05.02,new_registrations,30,Nghệ An,1,2017,1794.0,nghe an,Nghệ An,1794.0,C34,both,0.0,MATCHED,1e-12
V05.02,new_registrations,30,Nghệ An,2,2018,1903.0,nghe an,Nghệ An,1903.0,D34,both,0.0,MATCHED,1e-12
V05.02,new_registrations,30,Nghệ An,3,2019,1779.0,nghe an,Nghệ An,1779.0,E34,both,0.0,MATCHED,1e-12
V05.02,new_registrations,30,Nghệ An,4,2020,1846.0,nghe an,Nghệ An,1846.0,F34,both,0.0,MATCHED,1e-12
V05.02,new_registrations,30,Nghệ An,5,2021,1955.0,nghe an,Nghệ An,1955.0,G34,both,0.0,MATCHED,1e-12
V05.02,new_registrations,30,Nghệ An,6,2022,2143.0,nghe an,Nghệ An,2143.0,H34,both,0.0,MATCHED,1e-12
V05.02,new_registrations,30,Nghệ An,7,2023,2062.0,nghe an,Nghệ An,2062.0,I34,both,0.0,MATCHED,1e-12
V05.02,new_registrations,30,Nghệ An,8,2024,2211.0,nghe an,Nghệ An,2211.0,J34,both,0.0,MATCHED,1e-12
V05.02,new_registrations,12,Ninh Bình,0,2016,548.0,ninh binh,Ninh Bình,548.0,B16,both,0.0,MATCHED,1e-12
V05.02,new_registrations,12,Ninh Bình,1,2017,639.0,ninh binh,Ninh Bình,639.0,C16,both,0.0,MATCHED,1e-12
V05.02,new_registrations,12,Ninh Bình,2,2018,684.0,ninh binh,Ninh Bình,684.0,D16,both,0.0,MATCHED,1e-12
V05.02,new_registrations,12,Ninh Bình,3,2019,725.0,ninh binh,Ninh Bình,725.0,E16,both,0.0,MATCHED,1e-12
V05.02,new_registrations,12,Ninh Bình,4,2020,683.0,ninh binh,Ninh Bình,683.0,F16,both,0.0,MATCHED,1e-12
V05.02,new_registrations,12,Ninh Bình,5,2021,641.0,ninh binh,Ninh Bình,641.0,G16,both,0.0,MATCHED,1e-12
V05.02,new_registrations,12,Ninh Bình,6,2022,781.0,ninh binh,Ninh Bình,781.0,H16,both,0.0,MATCHED,1e-12
V05.02,new_registrations,12,Ninh Bình,7,2023,880.0,ninh binh,Ninh Bình,880.0,I16,both,0.0,MATCHED,1e-12
V05.02,new_registrations,12,Ninh Bình,8,2024,881.0,ninh binh,Ninh Bình,881.0,J16,both,0.0,MATCHED,1e-12
V05.02,new_registrations,41,Ninh Thuận,0,2016,374.0,ninh thuan,Ninh Thuận,374.0,B45,both,0.0,MATCHED,1e-12
V05.02,new_registrations,41,Ninh Thuận,1,2017,426.0,ninh thuan,Ninh Thuận,426.0,C45,both,0.0,MATCHED,1e-12
V05.02,new_registrations,41,Ninh Thuận,2,2018,434.0,ninh thuan,Ninh Thuận,434.0,D45,both,0.0,MATCHED,1e-12
V05.02,new_registrations,41,Ninh Thuận,3,2019,531.0,ninh thuan,Ninh Thuận,531.0,E45,both,0.0,MATCHED,1e-12
V05.02,new_registrations,41,Ninh Thuận,4,2020,656.0,ninh thuan,Ninh Thuận,656.0,F45,both,0.0,MATCHED,1e-12
V05.02,new_registrations,41,Ninh Thuận,5,2021,383.0,ninh thuan,Ninh Thuận,383.0,G45,both,0.0,MATCHED,1e-12
V05.02,new_registrations,41,Ninh Thuận,6,2022,510.0,ninh thuan,Ninh Thuận,510.0,H45,both,0.0,MATCHED,1e-12
V05.02,new_registrations,41,Ninh Thuận,7,2023,443.0,ninh thuan,Ninh Thuận,443.0,I45,both,0.0,MATCHED,1e-12
V05.02,new_registrations,41,Ninh Thuận,8,2024,454.0,ninh thuan,Ninh Thuận,454.0,J45,both,0.0,MATCHED,1e-12
V05.02,new_registrations,23,Phú Thọ,0,2016,597.0,phu tho,Phú Thọ,597.0,B27,both,0.0,MATCHED,1e-12
V05.02,new_registrations,23,Phú Thọ,1,2017,680.0,phu tho,Phú Thọ,680.0,C27,both,0.0,MATCHED,1e-12
V05.02,new_registrations,23,Phú Thọ,2,2018,784.0,phu tho,Phú Thọ,784.0,D27,both,0.0,MATCHED,1e-12
V05.02,new_registrations,23,Phú Thọ,3,2019,723.0,phu tho,Phú Thọ,723.0,E27,both,0.0,MATCHED,1e-12
V05.02,new_registrations,23,Phú Thọ,4,2020,717.0,phu tho,Phú Thọ,717.0,F27,both,0.0,MATCHED,1e-12
V05.02,new_registrations,23,Phú Thọ,5,2021,793.0,phu tho,Phú Thọ,793.0,G27,both,0.0,MATCHED,1e-12
V05.02,new_registrations,23,Phú Thọ,6,2022,1008.0,phu tho,Phú Thọ,1008.0,H27,both,0.0,MATCHED,1e-12
V05.02,new_registrations,23,Phú Thọ,7,2023,1026.0,phu tho,Phú Thọ,1026.0,I27,both,0.0,MATCHED,1e-12
V05.02,new_registrations,23,Phú Thọ,8,2024,1083.0,phu tho,Phú Thọ,1083.0,J27,both,0.0,MATCHED,1e-12
V05.02,new_registrations,39,Phú Yên,0,2016,337.0,phu yen,Phú Yên,337.0,B43,both,0.0,MATCHED,1e-12
V05.02,new_registrations,39,Phú Yên,1,2017,408.0,phu yen,Phú Yên,408.0,C43,both,0.0,MATCHED,1e-12
V05.02,new_registrations,39,Phú Yên,2,2018,491.0,phu yen,Phú Yên,491.0,D43,both,0.0,MATCHED,1e-12
V05.02,new_registrations,39,Phú Yên,3,2019,459.0,phu yen,Phú Yên,459.0,E43,both,0.0,MATCHED,1e-12
V05.02,new_registrations,39,Phú Yên,4,2020,519.0,phu yen,Phú Yên,519.0,F43,both,0.0,MATCHED,1e-12
V05.02,new_registrations,39,Phú Yên,5,2021,394.0,phu yen,Phú Yên,394.0,G43,both,0.0,MATCHED,1e-12
V05.02,new_registrations,39,Phú Yên,6,2022,561.0,phu yen,Phú Yên,561.0,H43,both,0.0,MATCHED,1e-12
V05.02,new_registrations,39,Phú Yên,7,2023,502.0,phu yen,Phú Yên,502.0,I43,both,0.0,MATCHED,1e-12
V05.02,new_registrations,39,Phú Yên,8,2024,463.0,phu yen,Phú Yên,463.0,J43,both,0.0,MATCHED,1e-12
V05.02,new_registrations,32,Quảng Bình,0,2016,564.0,quang binh,Quảng Bình,564.0,B36,both,0.0,MATCHED,1e-12
V05.02,new_registrations,32,Quảng Bình,1,2017,576.0,quang binh,Quảng Bình,576.0,C36,both,0.0,MATCHED,1e-12
V05.02,new_registrations,32,Quảng Bình,2,2018,659.0,quang binh,Quảng Bình,659.0,D36,both,0.0,MATCHED,1e-12
V05.02,new_registrations,32,Quảng Bình,3,2019,604.0,quang binh,Quảng Bình,604.0,E36,both,0.0,MATCHED,1e-12
V05.02,new_registrations,32,Quảng Bình,4,2020,631.0,quang binh,Quảng Bình,631.0,F36,both,0.0,MATCHED,1e-12
V05.02,new_registrations,32,Quảng Bình,5,2021,623.0,quang binh,Quảng Bình,623.0,G36,both,0.0,MATCHED,1e-12
V05.02,new_registrations,32,Quảng Bình,6,2022,706.0,quang binh,Quảng Bình,706.0,H36,both,0.0,MATCHED,1e-12
V05.02,new_registrations,32,Quảng Bình,7,2023,571.0,quang binh,Quảng Bình,571.0,I36,both,0.0,MATCHED,1e-12
V05.02,new_registrations,32,Quảng Bình,8,2024,520.0,quang binh,Quảng Bình,520.0,J36,both,0.0,MATCHED,1e-12
V05.02,new_registrations,36,Quảng Nam,0,2016,1081.0,quang nam,Quảng Nam,1081.0,B40,both,0.0,MATCHED,1e-12
V05.02,new_registrations,36,Quảng Nam,1,2017,1221.0,quang nam,Quảng Nam,1221.0,C40,both,0.0,MATCHED,1e-12
V05.02,new_registrations,36,Quảng Nam,2,2018,1339.0,quang nam,Quảng Nam,1339.0,D40,both,0.0,MATCHED,1e-12
V05.02,new_registrations,36,Quảng Nam,3,2019,1476.0,quang nam,Quảng Nam,1476.0,E40,both,0.0,MATCHED,1e-12
V05.02,new_registrations,36,Quảng Nam,4,2020,1276.0,quang nam,Quảng Nam,1276.0,F40,both,0.0,MATCHED,1e-12
V05.02,new_registrations,36,Quảng Nam,5,2021,1143.0,quang nam,Quảng Nam,1143.0,G40,both,0.0,MATCHED,1e-12
V05.02,new_registrations,36,Quảng Nam,6,2022,1245.0,quang nam,Quảng Nam,1245.0,H40,both,0.0,MATCHED,1e-12
V05.02,new_registrations,36,Quảng Nam,7,2023,1145.0,quang nam,Quảng Nam,1145.0,I40,both,0.0,MATCHED,1e-12
V05.02,new_registrations,36,Quảng Nam,8,2024,1089.0,quang nam,Quảng Nam,1089.0,J40,both,0.0,MATCHED,1e-12
V05.02,new_registrations,37,Quảng Ngãi,0,2016,638.0,quang ngai,Quảng Ngãi,638.0,B41,both,0.0,MATCHED,1e-12
V05.02,new_registrations,37,Quảng Ngãi,1,2017,716.0,quang ngai,Quảng Ngãi,716.0,C41,both,0.0,MATCHED,1e-12
V05.02,new_registrations,37,Quảng Ngãi,2,2018,776.0,quang ngai,Quảng Ngãi,776.0,D41,both,0.0,MATCHED,1e-12
V05.02,new_registrations,37,Quảng Ngãi,3,2019,862.0,quang ngai,Quảng Ngãi,862.0,E41,both,0.0,MATCHED,1e-12
V05.02,new_registrations,37,Quảng Ngãi,4,2020,708.0,quang ngai,Quảng Ngãi,708.0,F41,both,0.0,MATCHED,1e-12
V05.02,new_registrations,37,Quảng Ngãi,5,2021,595.0,quang ngai,Quảng Ngãi,595.0,G41,both,0.0,MATCHED,1e-12
V05.02,new_registrations,37,Quảng Ngãi,6,2022,735.0,quang ngai,Quảng Ngãi,735.0,H41,both,0.0,MATCHED,1e-12
V05.02,new_registrations,37,Quảng Ngãi,7,2023,721.0,quang ngai,Quảng Ngãi,721.0,I41,both,0.0,MATCHED,1e-12
V05.02,new_registrations,37,Quảng Ngãi,8,2024,668.0,quang ngai,Quảng Ngãi,668.0,J41,both,0.0,MATCHED,1e-12
V05.02,new_registrations,5,Quảng Ninh,0,2016,1254.0,quang ninh,Quảng Ninh,1254.0,B9,both,0.0,MATCHED,1e-12
V05.02,new_registrations,5,Quảng Ninh,1,2017,1593.0,quang ninh,Quảng Ninh,1593.0,C9,both,0.0,MATCHED,1e-12
V05.02,new_registrations,5,Quảng Ninh,2,2018,1654.0,quang ninh,Quảng Ninh,1654.0,D9,both,0.0,MATCHED,1e-12
V05.02,new_registrations,5,Quảng Ninh,3,2019,1605.0,quang ninh,Quảng Ninh,1605.0,E9,both,0.0,MATCHED,1e-12
V05.02,new_registrations,5,Quảng Ninh,4,2020,1456.0,quang ninh,Quảng Ninh,1456.0,F9,both,0.0,MATCHED,1e-12
V05.02,new_registrations,5,Quảng Ninh,5,2021,1455.0,quang ninh,Quảng Ninh,1455.0,G9,both,0.0,MATCHED,1e-12
V05.02,new_registrations,5,Quảng Ninh,6,2022,1643.0,quang ninh,Quảng Ninh,1643.0,H9,both,0.0,MATCHED,1e-12
V05.02,new_registrations,5,Quảng Ninh,7,2023,1689.0,quang ninh,Quảng Ninh,1689.0,I9,both,0.0,MATCHED,1e-12
V05.02,new_registrations,5,Quảng Ninh,8,2024,1859.0,quang ninh,Quảng Ninh,1859.0,J9,both,0.0,MATCHED,1e-12
V05.02,new_registrations,33,Quảng Trị,0,2016,282.0,quang tri,Quảng Trị,282.0,B37,both,0.0,MATCHED,1e-12
V05.02,new_registrations,33,Quảng Trị,1,2017,307.0,quang tri,Quảng Trị,307.0,C37,both,0.0,MATCHED,1e-12
V05.02,new_registrations,33,Quảng Trị,2,2018,366.0,quang tri,Quảng Trị,366.0,D37,both,0.0,MATCHED,1e-12
V05.02,new_registrations,33,Quảng Trị,3,2019,381.0,quang tri,Quảng Trị,381.0,E37,both,0.0,MATCHED,1e-12
V05.02,new_registrations,33,Quảng Trị,4,2020,474.0,quang tri,Quảng Trị,474.0,F37,both,0.0,MATCHED,1e-12
V05.02,new_registrations,33,Quảng Trị,5,2021,448.0,quang tri,Quảng Trị,448.0,G37,both,0.0,MATCHED,1e-12
V05.02,new_registrations,33,Quảng Trị,6,2022,492.0,quang tri,Quảng Trị,492.0,H37,both,0.0,MATCHED,1e-12
V05.02,new_registrations,33,Quảng Trị,7,2023,484.0,quang tri,Quảng Trị,484.0,I37,both,0.0,MATCHED,1e-12
V05.02,new_registrations,33,Quảng Trị,8,2024,363.0,quang tri,Quảng Trị,363.0,J37,both,0.0,MATCHED,1e-12
V05.02,new_registrations,67,Sóc Trăng,0,2016,332.0,soc trang,Sóc Trăng,332.0,B71,both,0.0,MATCHED,1e-12
V05.02,new_registrations,67,Sóc Trăng,1,2017,372.0,soc trang,Sóc Trăng,372.0,C71,both,0.0,MATCHED,1e-12
V05.02,new_registrations,67,Sóc Trăng,2,2018,370.0,soc trang,Sóc Trăng,370.0,D71,both,0.0,MATCHED,1e-12
V05.02,new_registrations,67,Sóc Trăng,3,2019,349.0,soc trang,Sóc Trăng,349.0,E71,both,0.0,MATCHED,1e-12
V05.02,new_registrations,67,Sóc Trăng,4,2020,514.0,soc trang,Sóc Trăng,514.0,F71,both,0.0,MATCHED,1e-12
V05.02,new_registrations,67,Sóc Trăng,5,2021,368.0,soc trang,Sóc Trăng,368.0,G71,both,0.0,MATCHED,1e-12
V05.02,new_registrations,67,Sóc Trăng,6,2022,450.0,soc trang,Sóc Trăng,450.0,H71,both,0.0,MATCHED,1e-12
V05.02,new_registrations,67,Sóc Trăng,7,2023,394.0,soc trang,Sóc Trăng,394.0,I71,both,0.0,MATCHED,1e-12
V05.02,new_registrations,67,Sóc Trăng,8,2024,417.0,soc trang,Sóc Trăng,417.0,J71,both,0.0,MATCHED,1e-12
V05.02,new_registrations,26,Sơn La,0,2016,232.0,son la,Sơn La,232.0,B30,both,0.0,MATCHED,1e-12
V05.02,new_registrations,26,Sơn La,1,2017,320.0,son la,Sơn La,320.0,C30,both,0.0,MATCHED,1e-12
V05.02,new_registrations,26,Sơn La,2,2018,283.0,son la,Sơn La,283.0,D30,both,0.0,MATCHED,1e-12
V05.02,new_registrations,26,Sơn La,3,2019,269.0,son la,Sơn La,269.0,E30,both,0.0,MATCHED,1e-12
V05.02,new_registrations,26,Sơn La,4,2020,302.0,son la,Sơn La,302.0,F30,both,0.0,MATCHED,1e-12
V05.02,new_registrations,26,Sơn La,5,2021,266.0,son la,Sơn La,266.0,G30,both,0.0,MATCHED,1e-12
V05.02,new_registrations,26,Sơn La,6,2022,257.0,son la,Sơn La,257.0,H30,both,0.0,MATCHED,1e-12
V05.02,new_registrations,26,Sơn La,7,2023,277.0,son la,Sơn La,277.0,I30,both,0.0,MATCHED,1e-12
V05.02,new_registrations,26,Sơn La,8,2024,371.0,son la,Sơn La,371.0,J30,both,0.0,MATCHED,1e-12
V05.02,new_registrations,43,Tây Nguyên,0,2016,2631.0,tay nguyen,Tây Nguyên,2631.0,B47,both,0.0,MATCHED,1e-12
V05.02,new_registrations,43,Tây Nguyên,1,2017,3236.0,tay nguyen,Tây Nguyên,3236.0,C47,both,0.0,MATCHED,1e-12
V05.02,new_registrations,43,Tây Nguyên,2,2018,3219.0,tay nguyen,Tây Nguyên,3219.0,D47,both,0.0,MATCHED,1e-12
V05.02,new_registrations,43,Tây Nguyên,3,2019,3599.0,tay nguyen,Tây Nguyên,3599.0,E47,both,0.0,MATCHED,1e-12
V05.02,new_registrations,43,Tây Nguyên,4,2020,4849.0,tay nguyen,Tây Nguyên,4849.0,F47,both,0.0,MATCHED,1e-12
V05.02,new_registrations,43,Tây Nguyên,5,2021,3787.0,tay nguyen,Tây Nguyên,3787.0,G47,both,0.0,MATCHED,1e-12
V05.02,new_registrations,43,Tây Nguyên,6,2022,4470.0,tay nguyen,Tây Nguyên,4470.0,H47,both,0.0,MATCHED,1e-12
V05.02,new_registrations,43,Tây Nguyên,7,2023,3986.0,tay nguyen,Tây Nguyên,3986.0,I47,both,0.0,MATCHED,1e-12
V05.02,new_registrations,43,Tây Nguyên,8,2024,4053.0,tay nguyen,Tây Nguyên,4053.0,J47,both,0.0,MATCHED,1e-12
V05.02,new_registrations,51,Tây Ninh,0,2016,580.0,tay ninh,Tây Ninh,580.0,B55,both,0.0,MATCHED,1e-12
V05.02,new_registrations,51,Tây Ninh,1,2017,606.0,tay ninh,Tây Ninh,606.0,C55,both,0.0,MATCHED,1e-12
V05.02,new_registrations,51,Tây Ninh,2,2018,559.0,tay ninh,Tây Ninh,559.0,D55,both,0.0,MATCHED,1e-12
V05.02,new_registrations,51,Tây Ninh,3,2019,669.0,tay ninh,Tây Ninh,669.0,E55,both,0.0,MATCHED,1e-12
V05.02,new_registrations,51,Tây Ninh,4,2020,736.0,tay ninh,Tây Ninh,736.0,F55,both,0.0,MATCHED,1e-12
V05.02,new_registrations,51,Tây Ninh,5,2021,676.0,tay ninh,Tây Ninh,676.0,G55,both,0.0,MATCHED,1e-12
V05.02,new_registrations,51,Tây Ninh,6,2022,816.0,tay ninh,Tây Ninh,816.0,H55,both,0.0,MATCHED,1e-12
V05.02,new_registrations,51,Tây Ninh,7,2023,831.0,tay ninh,Tây Ninh,831.0,I55,both,0.0,MATCHED,1e-12
V05.02,new_registrations,51,Tây Ninh,8,2024,865.0,tay ninh,Tây Ninh,865.0,J55,both,0.0,MATCHED,1e-12
V05.02,new_registrations,9,Thái Bình,0,2016,631.0,thai binh,Thái Bình,631.0,B13,both,0.0,MATCHED,1e-12
V05.02,new_registrations,9,Thái Bình,1,2017,776.0,thai binh,Thái Bình,776.0,C13,both,0.0,MATCHED,1e-12
V05.02,new_registrations,9,Thái Bình,2,2018,825.0,thai binh,Thái Bình,825.0,D13,both,0.0,MATCHED,1e-12
V05.02,new_registrations,9,Thái Bình,3,2019,890.0,thai binh,Thái Bình,890.0,E13,both,0.0,MATCHED,1e-12
V05.02,new_registrations,9,Thái Bình,4,2020,714.0,thai binh,Thái Bình,714.0,F13,both,0.0,MATCHED,1e-12
V05.02,new_registrations,9,Thái Bình,5,2021,847.0,thai binh,Thái Bình,847.0,G13,both,0.0,MATCHED,1e-12
V05.02,new_registrations,9,Thái Bình,6,2022,1130.0,thai binh,Thái Bình,1130.0,H13,both,0.0,MATCHED,1e-12
V05.02,new_registrations,9,Thái Bình,7,2023,1245.0,thai binh,Thái Bình,1245.0,I13,both,0.0,MATCHED,1e-12
V05.02,new_registrations,9,Thái Bình,8,2024,1223.0,thai binh,Thái Bình,1223.0,J13,both,0.0,MATCHED,1e-12
V05.02,new_registrations,20,Thái Nguyên,0,2016,631.0,thai nguyen,Thái Nguyên,631.0,B24,both,0.0,MATCHED,1e-12
V05.02,new_registrations,20,Thái Nguyên,1,2017,758.0,thai nguyen,Thái Nguyên,758.0,C24,both,0.0,MATCHED,1e-12
V05.02,new_registrations,20,Thái Nguyên,2,2018,740.0,thai nguyen,Thái Nguyên,740.0,D24,both,0.0,MATCHED,1e-12
V05.02,new_registrations,20,Thái Nguyên,3,2019,752.0,thai nguyen,Thái Nguyên,752.0,E24,both,0.0,MATCHED,1e-12
V05.02,new_registrations,20,Thái Nguyên,4,2020,732.0,thai nguyen,Thái Nguyên,732.0,F24,both,0.0,MATCHED,1e-12
V05.02,new_registrations,20,Thái Nguyên,5,2021,891.0,thai nguyen,Thái Nguyên,891.0,G24,both,0.0,MATCHED,1e-12
V05.02,new_registrations,20,Thái Nguyên,6,2022,955.0,thai nguyen,Thái Nguyên,955.0,H24,both,0.0,MATCHED,1e-12
V05.02,new_registrations,20,Thái Nguyên,7,2023,1094.0,thai nguyen,Thái Nguyên,1094.0,I24,both,0.0,MATCHED,1e-12
V05.02,new_registrations,20,Thái Nguyên,8,2024,1079.0,thai nguyen,Thái Nguyên,1079.0,J24,both,0.0,MATCHED,1e-12
V05.02,new_registrations,29,Thanh Hóa,0,2016,1453.0,thanh hoa,Thanh Hóa,1453.0,B33,both,0.0,MATCHED,1e-12
V05.02,new_registrations,29,Thanh Hóa,1,2017,3065.0,thanh hoa,Thanh Hóa,3065.0,C33,both,0.0,MATCHED,1e-12
V05.02,new_registrations,29,Thanh Hóa,2,2018,3398.0,thanh hoa,Thanh Hóa,3398.0,D33,both,0.0,MATCHED,1e-12
V05.02,new_registrations,29,Thanh Hóa,3,2019,3249.0,thanh hoa,Thanh Hóa,3249.0,E33,both,0.0,MATCHED,1e-12
V05.02,new_registrations,29,Thanh Hóa,4,2020,3492.0,thanh hoa,Thanh Hóa,3492.0,F33,both,0.0,MATCHED,1e-12
V05.02,new_registrations,29,Thanh Hóa,5,2021,3676.0,thanh hoa,Thanh Hóa,3676.0,G33,both,0.0,MATCHED,1e-12
V05.02,new_registrations,29,Thanh Hóa,6,2022,3852.0,thanh hoa,Thanh Hóa,3852.0,H33,both,0.0,MATCHED,1e-12
V05.02,new_registrations,29,Thanh Hóa,7,2023,3670.0,thanh hoa,Thanh Hóa,3670.0,I33,both,0.0,MATCHED,1e-12
V05.02,new_registrations,29,Thanh Hóa,8,2024,3684.0,thanh hoa,Thanh Hóa,3684.0,J33,both,0.0,MATCHED,1e-12
V05.02,new_registrations,34,Thừa Thiên - Huế,0,2016,672.0,thua thien hue,Thừa Thiên - Huế,672.0,B38,both,0.0,MATCHED,1e-12
V05.02,new_registrations,34,Thừa Thiên - Huế,1,2017,640.0,thua thien hue,Thừa Thiên - Huế,640.0,C38,both,0.0,MATCHED,1e-12
V05.02,new_registrations,34,Thừa Thiên - Huế,2,2018,680.0,thua thien hue,Thừa Thiên - Huế,680.0,D38,both,0.0,MATCHED,1e-12
V05.02,new_registrations,34,Thừa Thiên - Huế,3,2019,736.0,thua thien hue,Thừa Thiên - Huế,736.0,E38,both,0.0,MATCHED,1e-12
V05.02,new_registrations,34,Thừa Thiên - Huế,4,2020,687.0,thua thien hue,Thừa Thiên - Huế,687.0,F38,both,0.0,MATCHED,1e-12
V05.02,new_registrations,34,Thừa Thiên - Huế,5,2021,610.0,thua thien hue,Thừa Thiên - Huế,610.0,G38,both,0.0,MATCHED,1e-12
V05.02,new_registrations,34,Thừa Thiên - Huế,6,2022,835.0,thua thien hue,Thừa Thiên - Huế,835.0,H38,both,0.0,MATCHED,1e-12
V05.02,new_registrations,34,Thừa Thiên - Huế,7,2023,675.0,thua thien hue,Thừa Thiên - Huế,675.0,I38,both,0.0,MATCHED,1e-12
V05.02,new_registrations,34,Thừa Thiên - Huế,8,2024,788.0,thua thien hue,Thừa Thiên - Huế,788.0,J38,both,0.0,MATCHED,1e-12
V05.02,new_registrations,58,Tiền Giang,0,2016,562.0,tien giang,Tiền Giang,562.0,B62,both,0.0,MATCHED,1e-12
V05.02,new_registrations,58,Tiền Giang,1,2017,615.0,tien giang,Tiền Giang,615.0,C62,both,0.0,MATCHED,1e-12
V05.02,new_registrations,58,Tiền Giang,2,2018,628.0,tien giang,Tiền Giang,628.0,D62,both,0.0,MATCHED,1e-12
V05.02,new_registrations,58,Tiền Giang,3,2019,655.0,tien giang,Tiền Giang,655.0,E62,both,0.0,MATCHED,1e-12
V05.02,new_registrations,58,Tiền Giang,4,2020,750.0,tien giang,Tiền Giang,750.0,F62,both,0.0,MATCHED,1e-12
V05.02,new_registrations,58,Tiền Giang,5,2021,576.0,tien giang,Tiền Giang,576.0,G62,both,0.0,MATCHED,1e-12
V05.02,new_registrations,58,Tiền Giang,6,2022,935.0,tien giang,Tiền Giang,935.0,H62,both,0.0,MATCHED,1e-12
V05.02,new_registrations,58,Tiền Giang,7,2023,889.0,tien giang,Tiền Giang,889.0,I62,both,0.0,MATCHED,1e-12
V05.02,new_registrations,58,Tiền Giang,8,2024,926.0,tien giang,Tiền Giang,926.0,J62,both,0.0,MATCHED,1e-12
V05.02,new_registrations,60,Trà Vinh,0,2016,260.0,tra vinh,Trà Vinh,260.0,B64,both,0.0,MATCHED,1e-12
V05.02,new_registrations,60,Trà Vinh,1,2017,363.0,tra vinh,Trà Vinh,363.0,C64,both,0.0,MATCHED,1e-12
V05.02,new_registrations,60,Trà Vinh,2,2018,351.0,tra vinh,Trà Vinh,351.0,D64,both,0.0,MATCHED,1e-12
V05.02,new_registrations,60,Trà Vinh,3,2019,382.0,tra vinh,Trà Vinh,382.0,E64,both,0.0,MATCHED,1e-12
V05.02,new_registrations,60,Trà Vinh,4,2020,491.0,tra vinh,Trà Vinh,491.0,F64,both,0.0,MATCHED,1e-12
V05.02,new_registrations,60,Trà Vinh,5,2021,370.0,tra vinh,Trà Vinh,370.0,G64,both,0.0,MATCHED,1e-12
V05.02,new_registrations,60,Trà Vinh,6,2022,519.0,tra vinh,Trà Vinh,519.0,H64,both,0.0,MATCHED,1e-12
V05.02,new_registrations,60,Trà Vinh,7,2023,550.0,tra vinh,Trà Vinh,550.0,I64,both,0.0,MATCHED,1e-12
V05.02,new_registrations,60,Trà Vinh,8,2024,531.0,tra vinh,Trà Vinh,531.0,J64,both,0.0,MATCHED,1e-12
V05.02,new_registrations,13,Trung du và miền núi phía Bắc,0,2016,4193.0,trung du va mien nui phia bac,Trung du và miền núi phía Bắc,4193.0,B17,both,0.0,MATCHED,1e-12
V05.02,new_registrations,13,Trung du và miền núi phía Bắc,1,2017,5300.0,trung du va mien nui phia bac,Trung du và miền núi phía Bắc,5300.0,C17,both,0.0,MATCHED,1e-12
V05.02,new_registrations,13,Trung du và miền núi phía Bắc,2,2018,5271.0,trung du va mien nui phia bac,Trung du và miền núi phía Bắc,5271.0,D17,both,0.0,MATCHED,1e-12
V05.02,new_registrations,13,Trung du và miền núi phía Bắc,3,2019,5382.0,trung du va mien nui phia bac,Trung du và miền núi phía Bắc,5382.0,E17,both,0.0,MATCHED,1e-12
V05.02,new_registrations,13,Trung du và miền núi phía Bắc,4,2020,5532.0,trung du va mien nui phia bac,Trung du và miền núi phía Bắc,5532.0,F17,both,0.0,MATCHED,1e-12
V05.02,new_registrations,13,Trung du và miền núi phía Bắc,5,2021,6127.0,trung du va mien nui phia bac,Trung du và miền núi phía Bắc,6127.0,G17,both,0.0,MATCHED,1e-12
V05.02,new_registrations,13,Trung du và miền núi phía Bắc,6,2022,6932.0,trung du va mien nui phia bac,Trung du và miền núi phía Bắc,6932.0,H17,both,0.0,MATCHED,1e-12
V05.02,new_registrations,13,Trung du và miền núi phía Bắc,7,2023,7880.0,trung du va mien nui phia bac,Trung du và miền núi phía Bắc,7880.0,I17,both,0.0,MATCHED,1e-12
V05.02,new_registrations,13,Trung du và miền núi phía Bắc,8,2024,8244.0,trung du va mien nui phia bac,Trung du và miền núi phía Bắc,8244.0,J17,both,0.0,MATCHED,1e-12
V05.02,new_registrations,17,Tuyên Quang,0,2016,131.0,tuyen quang,Tuyên Quang,131.0,B21,both,0.0,MATCHED,1e-12
V05.02,new_registrations,17,Tuyên Quang,1,2017,200.0,tuyen quang,Tuyên Quang,200.0,C21,both,0.0,MATCHED,1e-12
V05.02,new_registrations,17,Tuyên Quang,2,2018,202.0,tuyen quang,Tuyên Quang,202.0,D21,both,0.0,MATCHED,1e-12
V05.02,new_registrations,17,Tuyên Quang,3,2019,211.0,tuyen quang,Tuyên Quang,211.0,E21,both,0.0,MATCHED,1e-12
V05.02,new_registrations,17,Tuyên Quang,4,2020,235.0,tuyen quang,Tuyên Quang,235.0,F21,both,0.0,MATCHED,1e-12
V05.02,new_registrations,17,Tuyên Quang,5,2021,256.0,tuyen quang,Tuyên Quang,256.0,G21,both,0.0,MATCHED,1e-12
V05.02,new_registrations,17,Tuyên Quang,6,2022,297.0,tuyen quang,Tuyên Quang,297.0,H21,both,0.0,MATCHED,1e-12
V05.02,new_registrations,17,Tuyên Quang,7,2023,267.0,tuyen quang,Tuyên Quang,267.0,I21,both,0.0,MATCHED,1e-12
V05.02,new_registrations,17,Tuyên Quang,8,2024,266.0,tuyen quang,Tuyên Quang,266.0,J21,both,0.0,MATCHED,1e-12
V05.02,new_registrations,61,Vĩnh Long,0,2016,286.0,vinh long,Vĩnh Long,286.0,B65,both,0.0,MATCHED,1e-12
V05.02,new_registrations,61,Vĩnh Long,1,2017,310.0,vinh long,Vĩnh Long,310.0,C65,both,0.0,MATCHED,1e-12
V05.02,new_registrations,61,Vĩnh Long,2,2018,347.0,vinh long,Vĩnh Long,347.0,D65,both,0.0,MATCHED,1e-12
V05.02,new_registrations,61,Vĩnh Long,3,2019,360.0,vinh long,Vĩnh Long,360.0,E65,both,0.0,MATCHED,1e-12
V05.02,new_registrations,61,Vĩnh Long,4,2020,393.0,vinh long,Vĩnh Long,393.0,F65,both,0.0,MATCHED,1e-12
V05.02,new_registrations,61,Vĩnh Long,5,2021,329.0,vinh long,Vĩnh Long,329.0,G65,both,0.0,MATCHED,1e-12
V05.02,new_registrations,61,Vĩnh Long,6,2022,438.0,vinh long,Vĩnh Long,438.0,H65,both,0.0,MATCHED,1e-12
V05.02,new_registrations,61,Vĩnh Long,7,2023,455.0,vinh long,Vĩnh Long,455.0,I65,both,0.0,MATCHED,1e-12
V05.02,new_registrations,61,Vĩnh Long,8,2024,463.0,vinh long,Vĩnh Long,463.0,J65,both,0.0,MATCHED,1e-12
V05.02,new_registrations,3,Vĩnh Phúc,0,2016,857.0,vinh phuc,Vĩnh Phúc,857.0,B7,both,0.0,MATCHED,1e-12
V05.02,new_registrations,3,Vĩnh Phúc,1,2017,1250.0,vinh phuc,Vĩnh Phúc,1250.0,C7,both,0.0,MATCHED,1e-12
V05.02,new_registrations,3,Vĩnh Phúc,2,2018,1145.0,vinh phuc,Vĩnh Phúc,1145.0,D7,both,0.0,MATCHED,1e-12
V05.02,new_registrations,3,Vĩnh Phúc,3,2019,1194.0,vinh phuc,Vĩnh Phúc,1194.0,E7,both,0.0,MATCHED,1e-12
V05.02,new_registrations,3,Vĩnh Phúc,4,2020,1249.0,vinh phuc,Vĩnh Phúc,1249.0,F7,both,0.0,MATCHED,1e-12
V05.02,new_registrations,3,Vĩnh Phúc,5,2021,1214.0,vinh phuc,Vĩnh Phúc,1214.0,G7,both,0.0,MATCHED,1e-12
V05.02,new_registrations,3,Vĩnh Phúc,6,2022,1377.0,vinh phuc,Vĩnh Phúc,1377.0,H7,both,0.0,MATCHED,1e-12
V05.02,new_registrations,3,Vĩnh Phúc,7,2023,1523.0,vinh phuc,Vĩnh Phúc,1523.0,I7,both,0.0,MATCHED,1e-12
V05.02,new_registrations,3,Vĩnh Phúc,8,2024,1511.0,vinh phuc,Vĩnh Phúc,1511.0,J7,both,0.0,MATCHED,1e-12
V05.02,new_registrations,19,Yên Bái,0,2016,206.0,yen bai,Yên Bái,206.0,B23,both,0.0,MATCHED,1e-12
V05.02,new_registrations,19,Yên Bái,1,2017,218.0,yen bai,Yên Bái,218.0,C23,both,0.0,MATCHED,1e-12
V05.02,new_registrations,19,Yên Bái,2,2018,252.0,yen bai,Yên Bái,252.0,D23,both,0.0,MATCHED,1e-12
V05.02,new_registrations,19,Yên Bái,3,2019,251.0,yen bai,Yên Bái,251.0,E23,both,0.0,MATCHED,1e-12
V05.02,new_registrations,19,Yên Bái,4,2020,274.0,yen bai,Yên Bái,274.0,F23,both,0.0,MATCHED,1e-12
V05.02,new_registrations,19,Yên Bái,5,2021,342.0,yen bai,Yên Bái,342.0,G23,both,0.0,MATCHED,1e-12
V05.02,new_registrations,19,Yên Bái,6,2022,321.0,yen bai,Yên Bái,321.0,H23,both,0.0,MATCHED,1e-12
V05.02,new_registrations,19,Yên Bái,7,2023,339.0,yen bai,Yên Bái,339.0,I23,both,0.0,MATCHED,1e-12
V05.02,new_registrations,19,Yên Bái,8,2024,333.0,yen bai,Yên Bái,333.0,J23,both,0.0,MATCHED,1e-12
V05.04,active_firms_dec31,63,An Giang,0,2017,4414.0,an giang,An Giang,4414.0,B67,both,0.0,MATCHED,1e-12
V05.04,active_firms_dec31,63,An Giang,1,2018,4470.0,an giang,An Giang,4470.0,C67,both,0.0,MATCHED,1e-12
V05.04,active_firms_dec31,63,An Giang,2,2019,4449.0,an giang,An Giang,4449.0,D67,both,0.0,MATCHED,1e-12
V05.04,active_firms_dec31,63,An Giang,3,2020,4794.0,an giang,An Giang,4794.0,E67,both,0.0,MATCHED,1e-12
V05.04,active_firms_dec31,63,An Giang,4,2021,4856.0,an giang,An Giang,4856.0,F67,both,0.0,MATCHED,1e-12
V05.04,active_firms_dec31,63,An Giang,5,2022,5058.0,an giang,An Giang,5058.0,G67,both,0.0,MATCHED,1e-12
V05.04,active_firms_dec31,63,An Giang,6,2023,5149.0,an giang,An Giang,5149.0,H67,both,0.0,MATCHED,1e-12
V05.04,active_firms_dec31,63,An Giang,7,2024,5308.0,an giang,An Giang,5308.0,I67,both,0.0,MATCHED,1e-12
V05.04,active_firms_dec31,54,Bà Rịa - Vũng Tàu,0,2017,8956.0,ba ria vung tau,Bà Rịa - Vũng Tàu,8956.0,B58,both,0.0,MATCHED,1e-12
V05.04,active_firms_dec31,54,Bà Rịa - Vũng Tàu,1,2018,9611.0,ba ria vung tau,Bà Rịa - Vũng Tàu,9611.0,C58,both,0.0,MATCHED,1e-12
V05.04,active_firms_dec31,54,Bà Rịa - Vũng Tàu,2,2019,10097.0,ba ria vung tau,Bà Rịa - Vũng Tàu,10097.0,D58,both,0.0,MATCHED,1e-12
V05.04,active_firms_dec31,54,Bà Rịa - Vũng Tàu,3,2020,10946.0,ba ria vung tau,Bà Rịa - Vũng Tàu,10946.0,E58,both,0.0,MATCHED,1e-12
V05.04,active_firms_dec31,54,Bà Rịa - Vũng Tàu,4,2021,11393.0,ba ria vung tau,Bà Rịa - Vũng Tàu,11393.0,F58,both,0.0,MATCHED,1e-12
V05.04,active_firms_dec31,54,Bà Rịa - Vũng Tàu,5,2022,11934.0,ba ria vung tau,Bà Rịa - Vũng Tàu,11934.0,G58,both,0.0,MATCHED,1e-12
V05.04,active_firms_dec31,54,Bà Rịa - Vũng Tàu,6,2023,12342.0,ba ria vung tau,Bà Rịa - Vũng Tàu,12342.0,H58,both,0.0,MATCHED,1e-12
V05.04,active_firms_dec31,54,Bà Rịa - Vũng Tàu,7,2024,12554.0,ba ria vung tau,Bà Rịa - Vũng Tàu,12554.0,I58,both,0.0,MATCHED,1e-12
V05.04,active_firms_dec31,22,Bắc Giang,0,2017,4715.0,bac giang,Bắc Giang,4715.0,B26,both,0.0,MATCHED,1e-12
V05.04,active_firms_dec31,22,Bắc Giang,1,2018,5451.0,bac giang,Bắc Giang,5451.0,C26,both,0.0,MATCHED,1e-12
V05.04,active_firms_dec31,22,Bắc Giang,2,2019,5881.0,bac giang,Bắc Giang,5881.0,D26,both,0.0,MATCHED,1e-12
V05.04,active_firms_dec31,22,Bắc Giang,3,2020,6549.0,bac giang,Bắc Giang,6549.0,E26,both,0.0,MATCHED,1e-12
V05.04,active_firms_dec31,22,Bắc Giang,4,2021,7117.0,bac giang,Bắc Giang,7117.0,F26,both,0.0,MATCHED,1e-12
V05.04,active_firms_dec31,22,Bắc Giang,5,2022,7901.0,bac giang,Bắc Giang,7901.0,G26,both,0.0,MATCHED,1e-12
V05.04,active_firms_dec31,22,Bắc Giang,6,2023,8710.0,bac giang,Bắc Giang,8710.0,H26,both,0.0,MATCHED,1e-12
V05.04,active_firms_dec31,22,Bắc Giang,7,2024,9463.0,bac giang,Bắc Giang,9463.0,I26,both,0.0,MATCHED,1e-12
V05.04,active_firms_dec31,16,Bắc Kạn,0,2017,660.0,bac kan,Bắc Kạn,660.0,B20,both,0.0,MATCHED,1e-12
V05.04,active_firms_dec31,16,Bắc Kạn,1,2018,662.0,bac kan,Bắc Kạn,662.0,C20,both,0.0,MATCHED,1e-12
V05.04,active_firms_dec31,16,Bắc Kạn,2,2019,612.0,bac kan,Bắc Kạn,612.0,D20,both,0.0,MATCHED,1e-12
V05.04,active_firms_dec31,16,Bắc Kạn,3,2020,602.0,bac kan,Bắc Kạn,602.0,E20,both,0.0,MATCHED,1e-12
V05.04,active_firms_dec31,16,Bắc Kạn,4,2021,655.0,bac kan,Bắc Kạn,655.0,F20,both,0.0,MATCHED,1e-12
V05.04,active_firms_dec31,16,Bắc Kạn,5,2022,708.0,bac kan,Bắc Kạn,708.0,G20,both,0.0,MATCHED,1e-12
V05.04,active_firms_dec31,16,Bắc Kạn,6,2023,745.0,bac kan,Bắc Kạn,745.0,H20,both,0.0,MATCHED,1e-12
V05.04,active_firms_dec31,16,Bắc Kạn,7,2024,764.0,bac kan,Bắc Kạn,764.0,I20,both,0.0,MATCHED,1e-12
V05.04,active_firms_dec31,68,Bạc Liêu,0,2017,1587.0,bac lieu,Bạc Liêu,1587.0,B72,both,0.0,MATCHED,1e-12
V05.04,active_firms_dec31,68,Bạc Liêu,1,2018,1779.0,bac lieu,Bạc Liêu,1779.0,C72,both,0.0,MATCHED,1e-12
V05.04,active_firms_dec31,68,Bạc Liêu,2,2019,1882.0,bac lieu,Bạc Liêu,1882.0,D72,both,0.0,MATCHED,1e-12
V05.04,active_firms_dec31,68,Bạc Liêu,3,2020,2078.0,bac lieu,Bạc Liêu,2078.0,E72,both,0.0,MATCHED,1e-12
V05.04,active_firms_dec31,68,Bạc Liêu,4,2021,2194.0,bac lieu,Bạc Liêu,2194.0,F72,both,0.0,MATCHED,1e-12
V05.04,active_firms_dec31,68,Bạc Liêu,5,2022,2182.0,bac lieu,Bạc Liêu,2182.0,G72,both,0.0,MATCHED,1e-12
V05.04,active_firms_dec31,68,Bạc Liêu,6,2023,2322.0,bac lieu,Bạc Liêu,2322.0,H72,both,0.0,MATCHED,1e-12
V05.04,active_firms_dec31,68,Bạc Liêu,7,2024,2287.0,bac lieu,Bạc Liêu,2287.0,I72,both,0.0,MATCHED,1e-12
V05.04,active_firms_dec31,4,Bắc Ninh,0,2017,5674.0,bac ninh,Bắc Ninh,5674.0,B8,both,0.0,MATCHED,1e-12
V05.04,active_firms_dec31,4,Bắc Ninh,1,2018,9915.0,bac ninh,Bắc Ninh,9915.0,C8,both,0.0,MATCHED,1e-12
V05.04,active_firms_dec31,4,Bắc Ninh,2,2019,11349.0,bac ninh,Bắc Ninh,11349.0,D8,both,0.0,MATCHED,1e-12
V05.04,active_firms_dec31,4,Bắc Ninh,3,2020,12769.0,bac ninh,Bắc Ninh,12769.0,E8,both,0.0,MATCHED,1e-12
V05.04,active_firms_dec31,4,Bắc Ninh,4,2021,13944.0,bac ninh,Bắc Ninh,13944.0,F8,both,0.0,MATCHED,1e-12
V05.04,active_firms_dec31,4,Bắc Ninh,5,2022,14894.0,bac ninh,Bắc Ninh,14894.0,G8,both,0.0,MATCHED,1e-12
V05.04,active_firms_dec31,4,Bắc Ninh,6,2023,16518.0,bac ninh,Bắc Ninh,16518.0,H8,both,0.0,MATCHED,1e-12
V05.04,active_firms_dec31,4,Bắc Ninh,7,2024,18120.0,bac ninh,Bắc Ninh,18120.0,I8,both,0.0,MATCHED,1e-12
V05.04,active_firms_dec31,28,Bắc Trung Bộ và duyên hải miền Trung,0,2017,88222.0,bac trung bo va duyen hai mien trung,Bắc Trung Bộ và duyên hải miền Trung,88222.0,B32,both,0.0,MATCHED,1e-12
V05.04,active_firms_dec31,28,Bắc Trung Bộ và duyên hải miền Trung,1,2018,95558.0,bac trung bo va duyen hai mien trung,Bắc Trung Bộ và duyên hải miền Trung,95558.0,C32,both,0.0,MATCHED,1e-12
V05.04,active_firms_dec31,28,Bắc Trung Bộ và duyên hải miền Trung,2,2019,100725.0,bac trung bo va duyen hai mien trung,Bắc Trung Bộ và duyên hải miền Trung,100725.0,D32,both,0.0,MATCHED,1e-12
V05.04,active_firms_dec31,28,Bắc Trung Bộ và duyên hải miền Trung,3,2020,107158.0,bac trung bo va duyen hai mien trung,Bắc Trung Bộ và duyên hải miền Trung,107158.0,E32,both,0.0,MATCHED,1e-12
V05.04,active_firms_dec31,28,Bắc Trung Bộ và duyên hải miền Trung,4,2021,111849.0,bac trung bo va duyen hai mien trung,Bắc Trung Bộ và duyên hải miền Trung,111849.0,F32,both,0.0,MATCHED,1e-12
V05.04,active_firms_dec31,28,Bắc Trung Bộ và duyên hải miền Trung,5,2022,117899.0,bac trung bo va duyen hai mien trung,Bắc Trung Bộ và duyên hải miền Trung,117899.0,G32,both,0.0,MATCHED,1e-12
V05.04,active_firms_dec31,28,Bắc Trung Bộ và duyên hải miền Trung,6,2023,121698.0,bac trung bo va duyen hai mien trung,Bắc Trung Bộ và duyên hải miền Trung,121698.0,H32,both,0.0,MATCHED,1e-12
V05.04,active_firms_dec31,28,Bắc Trung Bộ và duyên hải miền Trung,7,2024,123056.0,bac trung bo va duyen hai mien trung,Bắc Trung Bộ và duyên hải miền Trung,123056.0,I32,both,0.0,MATCHED,1e-12
V05.04,active_firms_dec31,59,Bến Tre,0,2017,2925.0,ben tre,Bến Tre,2925.0,B63,both,0.0,MATCHED,1e-12
V05.04,active_firms_dec31,59,Bến Tre,1,2018,3169.0,ben tre,Bến Tre,3169.0,C63,both,0.0,MATCHED,1e-12
V05.04,active_firms_dec31,59,Bến Tre,2,2019,3065.0,ben tre,Bến Tre,3065.0,D63,both,0.0,MATCHED,1e-12
V05.04,active_firms_dec31,59,Bến Tre,3,2020,3326.0,ben tre,Bến Tre,3326.0,E63,both,0.0,MATCHED,1e-12
V05.04,active_firms_dec31,59,Bến Tre,4,2021,3473.0,ben tre,Bến Tre,3473.0,F63,both,0.0,MATCHED,1e-12
V05.04,active_firms_dec31,59,Bến Tre,5,2022,3572.0,ben tre,Bến Tre,3572.0,G63,both,0.0,MATCHED,1e-12
V05.04,active_firms_dec31,59,Bến Tre,6,2023,3842.0,ben tre,Bến Tre,3842.0,H63,both,0.0,MATCHED,1e-12
V05.04,active_firms_dec31,59,Bến Tre,7,2024,3980.0,ben tre,Bến Tre,3980.0,I63,both,0.0,MATCHED,1e-12
V05.04,active_firms_dec31,38,Bình Định,0,2017,5891.0,binh dinh,Bình Định,5891.0,B42,both,0.0,MATCHED,1e-12
V05.04,active_firms_dec31,38,Bình Định,1,2018,6200.0,binh dinh,Bình Định,6200.0,C42,both,0.0,MATCHED,1e-12
V05.04,active_firms_dec31,38,Bình Định,2,2019,6394.0,binh dinh,Bình Định,6394.0,D42,both,0.0,MATCHED,1e-12
V05.04,active_firms_dec31,38,Bình Định,3,2020,6742.0,binh dinh,Bình Định,6742.0,E42,both,0.0,MATCHED,1e-12
V05.04,active_firms_dec31,38,Bình Định,4,2021,7058.0,binh dinh,Bình Định,7058.0,F42,both,0.0,MATCHED,1e-12
V05.04,active_firms_dec31,38,Bình Định,5,2022,7745.0,binh dinh,Bình Định,7745.0,G42,both,0.0,MATCHED,1e-12
V05.04,active_firms_dec31,38,Bình Định,6,2023,8086.0,binh dinh,Bình Định,8086.0,H42,both,0.0,MATCHED,1e-12
V05.04,active_firms_dec31,38,Bình Định,7,2024,8421.0,binh dinh,Bình Định,8421.0,I42,both,0.0,MATCHED,1e-12
V05.04,active_firms_dec31,52,Bình Dương,0,2017,22976.0,binh duong,Bình Dương,22976.0,B56,both,0.0,MATCHED,1e-12
V05.04,active_firms_dec31,52,Bình Dương,1,2018,27566.0,binh duong,Bình Dương,27566.0,C56,both,0.0,MATCHED,1e-12
V05.04,active_firms_dec31,52,Bình Dương,2,2019,31599.0,binh duong,Bình Dương,31599.0,D56,both,0.0,MATCHED,1e-12
V05.04,active_firms_dec31,52,Bình Dương,3,2020,34836.0,binh duong,Bình Dương,34836.0,E56,both,0.0,MATCHED,1e-12
V05.04,active_firms_dec31,52,Bình Dương,4,2021,37668.0,binh duong,Bình Dương,37668.0,F56,both,0.0,MATCHED,1e-12
V05.04,active_firms_dec31,52,Bình Dương,5,2022,40736.0,binh duong,Bình Dương,40736.0,G56,both,0.0,MATCHED,1e-12
V05.04,active_firms_dec31,52,Bình Dương,6,2023,43274.0,binh duong,Bình Dương,43274.0,H56,both,0.0,MATCHED,1e-12
V05.04,active_firms_dec31,52,Bình Dương,7,2024,45400.0,binh duong,Bình Dương,45400.0,I56,both,0.0,MATCHED,1e-12
V05.04,active_firms_dec31,50,Bình Phước,0,2017,4046.0,binh phuoc,Bình Phước,4046.0,B54,both,0.0,MATCHED,1e-12
V05.04,active_firms_dec31,50,Bình Phước,1,2018,4471.0,binh phuoc,Bình Phước,4471.0,C54,both,0.0,MATCHED,1e-12
V05.04,active_firms_dec31,50,Bình Phước,2,2019,5108.0,binh phuoc,Bình Phước,5108.0,D54,both,0.0,MATCHED,1e-12
V05.04,active_firms_dec31,50,Bình Phước,3,2020,5831.0,binh phuoc,Bình Phước,5831.0,E54,both,0.0,MATCHED,1e-12
V05.04,active_firms_dec31,50,Bình Phước,4,2021,6216.0,binh phuoc,Bình Phước,6216.0,F54,both,0.0,MATCHED,1e-12
V05.04,active_firms_dec31,50,Bình Phước,5,2022,6615.0,binh phuoc,Bình Phước,6615.0,G54,both,0.0,MATCHED,1e-12
V05.04,active_firms_dec31,50,Bình Phước,6,2023,6995.0,binh phuoc,Bình Phước,6995.0,H54,both,0.0,MATCHED,1e-12
V05.04,active_firms_dec31,50,Bình Phước,7,2024,7109.0,binh phuoc,Bình Phước,7109.0,I54,both,0.0,MATCHED,1e-12
V05.04,active_firms_dec31,42,Bình Thuận,0,2017,4182.0,binh thuan,Bình Thuận,4182.0,B46,both,0.0,MATCHED,1e-12
V05.04,active_firms_dec31,42,Bình Thuận,1,2018,4455.0,binh thuan,Bình Thuận,4455.0,C46,both,0.0,MATCHED,1e-12
V05.04,active_firms_dec31,42,Bình Thuận,2,2019,4843.0,binh thuan,Bình Thuận,4843.0,D46,both,0.0,MATCHED,1e-12
V05.04,active_firms_dec31,42,Bình Thuận,3,2020,5220.0,binh thuan,Bình Thuận,5220.0,E46,both,0.0,MATCHED,1e-12
V05.04,active_firms_dec31,42,Bình Thuận,4,2021,5466.0,binh thuan,Bình Thuận,5466.0,F46,both,0.0,MATCHED,1e-12
V05.04,active_firms_dec31,42,Bình Thuận,5,2022,5810.0,binh thuan,Bình Thuận,5810.0,G46,both,0.0,MATCHED,1e-12
V05.04,active_firms_dec31,42,Bình Thuận,6,2023,5926.0,binh thuan,Bình Thuận,5926.0,H46,both,0.0,MATCHED,1e-12
V05.04,active_firms_dec31,42,Bình Thuận,7,2024,5942.0,binh thuan,Bình Thuận,5942.0,I46,both,0.0,MATCHED,1e-12
V05.04,active_firms_dec31,69,Cà Mau,0,2017,3400.0,ca mau,Cà Mau,3400.0,B73,both,0.0,MATCHED,1e-12
V05.04,active_firms_dec31,69,Cà Mau,1,2018,3406.0,ca mau,Cà Mau,3406.0,C73,both,0.0,MATCHED,1e-12
V05.04,active_firms_dec31,69,Cà Mau,2,2019,3406.0,ca mau,Cà Mau,3406.0,D73,both,0.0,MATCHED,1e-12
V05.04,active_firms_dec31,69,Cà Mau,3,2020,3573.0,ca mau,Cà Mau,3573.0,E73,both,0.0,MATCHED,1e-12
V05.04,active_firms_dec31,69,Cà Mau,4,2021,3659.0,ca mau,Cà Mau,3659.0,F73,both,0.0,MATCHED,1e-12
V05.04,active_firms_dec31,69,Cà Mau,5,2022,3842.0,ca mau,Cà Mau,3842.0,G73,both,0.0,MATCHED,1e-12
V05.04,active_firms_dec31,69,Cà Mau,6,2023,3889.0,ca mau,Cà Mau,3889.0,H73,both,0.0,MATCHED,1e-12
V05.04,active_firms_dec31,69,Cà Mau,7,2024,3771.0,ca mau,Cà Mau,3771.0,I73,both,0.0,MATCHED,1e-12
V05.04,active_firms_dec31,0,CẢ NƯỚC,0,2017,654633.0,ca nuoc,CẢ NƯỚC,654633.0,B4,both,0.0,MATCHED,1e-12
V05.04,active_firms_dec31,0,CẢ NƯỚC,1,2018,714755.0,ca nuoc,CẢ NƯỚC,714755.0,C4,both,0.0,MATCHED,1e-12
V05.04,active_firms_dec31,0,CẢ NƯỚC,2,2019,758610.0,ca nuoc,CẢ NƯỚC,758610.0,D4,both,0.0,MATCHED,1e-12
V05.04,active_firms_dec31,0,CẢ NƯỚC,3,2020,811538.0,ca nuoc,CẢ NƯỚC,811538.0,E4,both,0.0,MATCHED,1e-12
V05.04,active_firms_dec31,0,CẢ NƯỚC,4,2021,857551.0,ca nuoc,CẢ NƯỚC,857551.0,F4,both,0.0,MATCHED,1e-12
V05.04,active_firms_dec31,0,CẢ NƯỚC,5,2022,895876.0,ca nuoc,CẢ NƯỚC,895876.0,G4,both,0.0,MATCHED,1e-12
V05.04,active_firms_dec31,0,CẢ NƯỚC,6,2023,921372.0,ca nuoc,CẢ NƯỚC,921372.0,H4,both,0.0,MATCHED,1e-12
V05.04,active_firms_dec31,0,CẢ NƯỚC,7,2024,940078.0,ca nuoc,CẢ NƯỚC,940078.0,I4,both,0.0,MATCHED,1e-12
V05.04,active_firms_dec31,65,Cần Thơ,0,2017,7465.0,can tho,Cần Thơ,7465.0,B69,both,0.0,MATCHED,1e-12
V05.04,active_firms_dec31,65,Cần Thơ,1,2018,7824.0,can tho,Cần Thơ,7824.0,C69,both,0.0,MATCHED,1e-12
V05.04,active_firms_dec31,65,Cần Thơ,2,2019,8471.0,can tho,Cần Thơ,8471.0,D69,both,0.0,MATCHED,1e-12
V05.04,active_firms_dec31,65,Cần Thơ,3,2020,9088.0,can tho,Cần Thơ,9088.0,E69,both,0.0,MATCHED,1e-12
V05.04,active_firms_dec31,65,Cần Thơ,4,2021,9622.0,can tho,Cần Thơ,9622.0,F69,both,0.0,MATCHED,1e-12
V05.04,active_firms_dec31,65,Cần Thơ,5,2022,10060.0,can tho,Cần Thơ,10060.0,G69,both,0.0,MATCHED,1e-12
V05.04,active_firms_dec31,65,Cần Thơ,6,2023,10497.0,can tho,Cần Thơ,10497.0,H69,both,0.0,MATCHED,1e-12
V05.04,active_firms_dec31,65,Cần Thơ,7,2024,10864.0,can tho,Cần Thơ,10864.0,I69,both,0.0,MATCHED,1e-12
V05.04,active_firms_dec31,15,Cao Bằng,0,2017,945.0,cao bang,Cao Bằng,945.0,B19,both,0.0,MATCHED,1e-12
V05.04,active_firms_dec31,15,Cao Bằng,1,2018,998.0,cao bang,Cao Bằng,998.0,C19,both,0.0,MATCHED,1e-12
V05.04,active_firms_dec31,15,Cao Bằng,2,2019,1067.0,cao bang,Cao Bằng,1067.0,D19,both,0.0,MATCHED,1e-12
V05.04,active_firms_dec31,15,Cao Bằng,3,2020,1147.0,cao bang,Cao Bằng,1147.0,E19,both,0.0,MATCHED,1e-12
V05.04,active_firms_dec31,15,Cao Bằng,4,2021,1182.0,cao bang,Cao Bằng,1182.0,F19,both,0.0,MATCHED,1e-12
V05.04,active_firms_dec31,15,Cao Bằng,5,2022,1222.0,cao bang,Cao Bằng,1222.0,G19,both,0.0,MATCHED,1e-12
V05.04,active_firms_dec31,15,Cao Bằng,6,2023,1235.0,cao bang,Cao Bằng,1235.0,H19,both,0.0,MATCHED,1e-12
V05.04,active_firms_dec31,15,Cao Bằng,7,2024,1250.0,cao bang,Cao Bằng,1250.0,I19,both,0.0,MATCHED,1e-12
V05.04,active_firms_dec31,35,Đà Nẵng,0,2017,18417.0,da nang,Đà Nẵng,18417.0,B39,both,0.0,MATCHED,1e-12
V05.04,active_firms_dec31,35,Đà Nẵng,1,2018,20375.0,da nang,Đà Nẵng,20375.0,C39,both,0.0,MATCHED,1e-12
V05.04,active_firms_dec31,35,Đà Nẵng,2,2019,22566.0,da nang,Đà Nẵng,22566.0,D39,both,0.0,MATCHED,1e-12
V05.04,active_firms_dec31,35,Đà Nẵng,3,2020,23666.0,da nang,Đà Nẵng,23666.0,E39,both,0.0,MATCHED,1e-12
V05.04,active_firms_dec31,35,Đà Nẵng,4,2021,24703.0,da nang,Đà Nẵng,24703.0,F39,both,0.0,MATCHED,1e-12
V05.04,active_firms_dec31,35,Đà Nẵng,5,2022,25419.0,da nang,Đà Nẵng,25419.0,G39,both,0.0,MATCHED,1e-12
V05.04,active_firms_dec31,35,Đà Nẵng,6,2023,25797.0,da nang,Đà Nẵng,25797.0,H39,both,0.0,MATCHED,1e-12
V05.04,active_firms_dec31,35,Đà Nẵng,7,2024,25367.0,da nang,Đà Nẵng,25367.0,I39,both,0.0,MATCHED,1e-12
V05.04,active_firms_dec31,46,Đắk Lắk,0,2017,5129.0,dak lak,Đắk Lắk,5129.0,B50,both,0.0,MATCHED,1e-12
V05.04,active_firms_dec31,46,Đắk Lắk,1,2018,5473.0,dak lak,Đắk Lắk,5473.0,C50,both,0.0,MATCHED,1e-12
V05.04,active_firms_dec31,46,Đắk Lắk,2,2019,5947.0,dak lak,Đắk Lắk,5947.0,D50,both,0.0,MATCHED,1e-12
V05.04,active_firms_dec31,46,Đắk Lắk,3,2020,6766.0,dak lak,Đắk Lắk,6766.0,E50,both,0.0,MATCHED,1e-12
V05.04,active_firms_dec31,46,Đắk Lắk,4,2021,7087.0,dak lak,Đắk Lắk,7087.0,F50,both,0.0,MATCHED,1e-12
V05.04,active_firms_dec31,46,Đắk Lắk,5,2022,7373.0,dak lak,Đắk Lắk,7373.0,G50,both,0.0,MATCHED,1e-12
V05.04,active_firms_dec31,46,Đắk Lắk,6,2023,7757.0,dak lak,Đắk Lắk,7757.0,H50,both,0.0,MATCHED,1e-12
V05.04,active_firms_dec31,46,Đắk Lắk,7,2024,8182.0,dak lak,Đắk Lắk,8182.0,I50,both,0.0,MATCHED,1e-12
V05.04,active_firms_dec31,47,Đắk Nông,0,2017,1864.0,dak nong,Đắk Nông,1864.0,B51,both,0.0,MATCHED,1e-12
V05.04,active_firms_dec31,47,Đắk Nông,1,2018,1956.0,dak nong,Đắk Nông,1956.0,C51,both,0.0,MATCHED,1e-12
V05.04,active_firms_dec31,47,Đắk Nông,2,2019,1996.0,dak nong,Đắk Nông,1996.0,D51,both,0.0,MATCHED,1e-12
V05.04,active_firms_dec31,47,Đắk Nông,3,2020,2221.0,dak nong,Đắk Nông,2221.0,E51,both,0.0,MATCHED,1e-12
V05.04,active_firms_dec31,47,Đắk Nông,4,2021,2361.0,dak nong,Đắk Nông,2361.0,F51,both,0.0,MATCHED,1e-12
V05.04,active_firms_dec31,47,Đắk Nông,5,2022,2566.0,dak nong,Đắk Nông,2566.0,G51,both,0.0,MATCHED,1e-12
V05.04,active_firms_dec31,47,Đắk Nông,6,2023,2648.0,dak nong,Đắk Nông,2648.0,H51,both,0.0,MATCHED,1e-12
V05.04,active_firms_dec31,47,Đắk Nông,7,2024,2774.0,dak nong,Đắk Nông,2774.0,I51,both,0.0,MATCHED,1e-12
V05.04,active_firms_dec31,24,Điện Biên,0,2017,1010.0,dien bien,Điện Biên,1010.0,B28,both,0.0,MATCHED,1e-12
V05.04,active_firms_dec31,24,Điện Biên,1,2018,1026.0,dien bien,Điện Biên,1026.0,C28,both,0.0,MATCHED,1e-12
V05.04,active_firms_dec31,24,Điện Biên,2,2019,1042.0,dien bien,Điện Biên,1042.0,D28,both,0.0,MATCHED,1e-12
V05.04,active_firms_dec31,24,Điện Biên,3,2020,1068.0,dien bien,Điện Biên,1068.0,E28,both,0.0,MATCHED,1e-12
V05.04,active_firms_dec31,24,Điện Biên,4,2021,1076.0,dien bien,Điện Biên,1076.0,F28,both,0.0,MATCHED,1e-12
V05.04,active_firms_dec31,24,Điện Biên,5,2022,1109.0,dien bien,Điện Biên,1109.0,G28,both,0.0,MATCHED,1e-12
V05.04,active_firms_dec31,24,Điện Biên,6,2023,1150.0,dien bien,Điện Biên,1150.0,H28,both,0.0,MATCHED,1e-12
V05.04,active_firms_dec31,24,Điện Biên,7,2024,1157.0,dien bien,Điện Biên,1157.0,I28,both,0.0,MATCHED,1e-12
V05.04,active_firms_dec31,56,Đồng bằng sông Cửu Long,0,2017,49774.0,dong bang song cuu long,Đồng bằng sông Cửu Long,49774.0,B60,both,0.0,MATCHED,1e-12
V05.04,active_firms_dec31,56,Đồng bằng sông Cửu Long,1,2018,53074.0,dong bang song cuu long,Đồng bằng sông Cửu Long,53074.0,C60,both,0.0,MATCHED,1e-12
V05.04,active_firms_dec31,56,Đồng bằng sông Cửu Long,2,2019,55089.0,dong bang song cuu long,Đồng bằng sông Cửu Long,55089.0,D60,both,0.0,MATCHED,1e-12
V05.04,active_firms_dec31,56,Đồng bằng sông Cửu Long,3,2020,59452.0,dong bang song cuu long,Đồng bằng sông Cửu Long,59452.0,E60,both,0.0,MATCHED,1e-12
V05.04,active_firms_dec31,56,Đồng bằng sông Cửu Long,4,2021,62130.0,dong bang song cuu long,Đồng bằng sông Cửu Long,62130.0,F60,both,0.0,MATCHED,1e-12
V05.04,active_firms_dec31,56,Đồng bằng sông Cửu Long,5,2022,65290.0,dong bang song cuu long,Đồng bằng sông Cửu Long,65290.0,G60,both,0.0,MATCHED,1e-12
V05.04,active_firms_dec31,56,Đồng bằng sông Cửu Long,6,2023,68201.0,dong bang song cuu long,Đồng bằng sông Cửu Long,68201.0,H60,both,0.0,MATCHED,1e-12
V05.04,active_firms_dec31,56,Đồng bằng sông Cửu Long,7,2024,70679.0,dong bang song cuu long,Đồng bằng sông Cửu Long,70679.0,I60,both,0.0,MATCHED,1e-12
V05.04,active_firms_dec31,1,Đồng bằng sông Hồng,0,2017,207376.0,dong bang song hong,Đồng bằng sông Hồng,207376.0,B5,both,0.0,MATCHED,1e-12
V05.04,active_firms_dec31,1,Đồng bằng sông Hồng,1,2018,222324.0,dong bang song hong,Đồng bằng sông Hồng,222324.0,C5,both,0.0,MATCHED,1e-12
V05.04,active_firms_dec31,1,Đồng bằng sông Hồng,2,2019,238386.0,dong bang song hong,Đồng bằng sông Hồng,238386.0,D5,both,0.0,MATCHED,1e-12
V05.04,active_firms_dec31,1,Đồng bằng sông Hồng,3,2020,253425.0,dong bang song hong,Đồng bằng sông Hồng,253425.0,E5,both,0.0,MATCHED,1e-12
V05.04,active_firms_dec31,1,Đồng bằng sông Hồng,4,2021,269964.0,dong bang song hong,Đồng bằng sông Hồng,269964.0,F5,both,0.0,MATCHED,1e-12
V05.04,active_firms_dec31,1,Đồng bằng sông Hồng,5,2022,284303.0,dong bang song hong,Đồng bằng sông Hồng,284303.0,G5,both,0.0,MATCHED,1e-12
V05.04,active_firms_dec31,1,Đồng bằng sông Hồng,6,2023,295391.0,dong bang song hong,Đồng bằng sông Hồng,295391.0,H5,both,0.0,MATCHED,1e-12
V05.04,active_firms_dec31,1,Đồng bằng sông Hồng,7,2024,307139.0,dong bang song hong,Đồng bằng sông Hồng,307139.0,I5,both,0.0,MATCHED,1e-12
V05.04,active_firms_dec31,53,Đồng Nai,0,2017,18865.0,dong nai,Đồng Nai,18865.0,B57,both,0.0,MATCHED,1e-12
V05.04,active_firms_dec31,53,Đồng Nai,1,2018,21183.0,dong nai,Đồng Nai,21183.0,C57,both,0.0,MATCHED,1e-12
V05.04,active_firms_dec31,53,Đồng Nai,2,2019,22398.0,dong nai,Đồng Nai,22398.0,D57,both,0.0,MATCHED,1e-12
V05.04,active_firms_dec31,53,Đồng Nai,3,2020,24270.0,dong nai,Đồng Nai,24270.0,E57,both,0.0,MATCHED,1e-12
V05.04,active_firms_dec31,53,Đồng Nai,4,2021,25055.0,dong nai,Đồng Nai,25055.0,F57,both,0.0,MATCHED,1e-12
V05.04,active_firms_dec31,53,Đồng Nai,5,2022,25847.0,dong nai,Đồng Nai,25847.0,G57,both,0.0,MATCHED,1e-12
V05.04,active_firms_dec31,53,Đồng Nai,6,2023,26647.0,dong nai,Đồng Nai,26647.0,H57,both,0.0,MATCHED,1e-12
V05.04,active_firms_dec31,53,Đồng Nai,7,2024,27698.0,dong nai,Đồng Nai,27698.0,I57,both,0.0,MATCHED,1e-12
V05.04,active_firms_dec31,49,Đông Nam Bộ,0,2017,263426.0,dong nam bo,Đông Nam Bộ,263426.0,B53,both,0.0,MATCHED,1e-12
V05.04,active_firms_dec31,49,Đông Nam Bộ,1,2018,294940.0,dong nam bo,Đông Nam Bộ,294940.0,C53,both,0.0,MATCHED,1e-12
V05.04,active_firms_dec31,49,Đông Nam Bộ,2,2019,312821.0,dong nam bo,Đông Nam Bộ,312821.0,D53,both,0.0,MATCHED,1e-12
V05.04,active_firms_dec31,49,Đông Nam Bộ,3,2020,334934.0,dong nam bo,Đông Nam Bộ,334934.0,E53,both,0.0,MATCHED,1e-12
V05.04,active_firms_dec31,49,Đông Nam Bộ,4,2021,353357.0,dong nam bo,Đông Nam Bộ,353357.0,F53,both,0.0,MATCHED,1e-12
V05.04,active_firms_dec31,49,Đông Nam Bộ,5,2022,364129.0,dong nam bo,Đông Nam Bộ,364129.0,G53,both,0.0,MATCHED,1e-12
V05.04,active_firms_dec31,49,Đông Nam Bộ,6,2023,367471.0,dong nam bo,Đông Nam Bộ,367471.0,H53,both,0.0,MATCHED,1e-12
V05.04,active_firms_dec31,49,Đông Nam Bộ,7,2024,367881.0,dong nam bo,Đông Nam Bộ,367881.0,I53,both,0.0,MATCHED,1e-12
V05.04,active_firms_dec31,62,Đồng Tháp,0,2017,3042.0,dong thap,Đồng Tháp,3042.0,B66,both,0.0,MATCHED,1e-12
V05.04,active_firms_dec31,62,Đồng Tháp,1,2018,3266.0,dong thap,Đồng Tháp,3266.0,C66,both,0.0,MATCHED,1e-12
V05.04,active_firms_dec31,62,Đồng Tháp,2,2019,3404.0,dong thap,Đồng Tháp,3404.0,D66,both,0.0,MATCHED,1e-12
V05.04,active_firms_dec31,62,Đồng Tháp,3,2020,3611.0,dong thap,Đồng Tháp,3611.0,E66,both,0.0,MATCHED,1e-12
V05.04,active_firms_dec31,62,Đồng Tháp,4,2021,3717.0,dong thap,Đồng Tháp,3717.0,F66,both,0.0,MATCHED,1e-12
V05.04,active_firms_dec31,62,Đồng Tháp,5,2022,3985.0,dong thap,Đồng Tháp,3985.0,G66,both,0.0,MATCHED,1e-12
V05.04,active_firms_dec31,62,Đồng Tháp,6,2023,4169.0,dong thap,Đồng Tháp,4169.0,H66,both,0.0,MATCHED,1e-12
V05.04,active_firms_dec31,62,Đồng Tháp,7,2024,4319.0,dong thap,Đồng Tháp,4319.0,I66,both,0.0,MATCHED,1e-12
V05.04,active_firms_dec31,45,Gia Lai,0,2017,3482.0,gia lai,Gia Lai,3482.0,B49,both,0.0,MATCHED,1e-12
V05.04,active_firms_dec31,45,Gia Lai,1,2018,3611.0,gia lai,Gia Lai,3611.0,C49,both,0.0,MATCHED,1e-12
V05.04,active_firms_dec31,45,Gia Lai,2,2019,3871.0,gia lai,Gia Lai,3871.0,D49,both,0.0,MATCHED,1e-12
V05.04,active_firms_dec31,45,Gia Lai,3,2020,4502.0,gia lai,Gia Lai,4502.0,E49,both,0.0,MATCHED,1e-12
V05.04,active_firms_dec31,45,Gia Lai,4,2021,4837.0,gia lai,Gia Lai,4837.0,F49,both,0.0,MATCHED,1e-12
V05.04,active_firms_dec31,45,Gia Lai,5,2022,5238.0,gia lai,Gia Lai,5238.0,G49,both,0.0,MATCHED,1e-12
V05.04,active_firms_dec31,45,Gia Lai,6,2023,5459.0,gia lai,Gia Lai,5459.0,H49,both,0.0,MATCHED,1e-12
V05.04,active_firms_dec31,45,Gia Lai,7,2024,5543.0,gia lai,Gia Lai,5543.0,I49,both,0.0,MATCHED,1e-12
V05.04,active_firms_dec31,14,Hà Giang,0,2017,1136.0,ha giang,Hà Giang,1136.0,B18,both,0.0,MATCHED,1e-12
V05.04,active_firms_dec31,14,Hà Giang,1,2018,1138.0,ha giang,Hà Giang,1138.0,C18,both,0.0,MATCHED,1e-12
V05.04,active_firms_dec31,14,Hà Giang,2,2019,1167.0,ha giang,Hà Giang,1167.0,D18,both,0.0,MATCHED,1e-12
V05.04,active_firms_dec31,14,Hà Giang,3,2020,1224.0,ha giang,Hà Giang,1224.0,E18,both,0.0,MATCHED,1e-12
V05.04,active_firms_dec31,14,Hà Giang,4,2021,1248.0,ha giang,Hà Giang,1248.0,F18,both,0.0,MATCHED,1e-12
V05.04,active_firms_dec31,14,Hà Giang,5,2022,1273.0,ha giang,Hà Giang,1273.0,G18,both,0.0,MATCHED,1e-12
V05.04,active_firms_dec31,14,Hà Giang,6,2023,1408.0,ha giang,Hà Giang,1408.0,H18,both,0.0,MATCHED,1e-12
V05.04,active_firms_dec31,14,Hà Giang,7,2024,1463.0,ha giang,Hà Giang,1463.0,I18,both,0.0,MATCHED,1e-12
V05.04,active_firms_dec31,10,Hà Nam,0,2017,3352.0,ha nam,Hà Nam,3352.0,B14,both,0.0,MATCHED,1e-12
V05.04,active_firms_dec31,10,Hà Nam,1,2018,3751.0,ha nam,Hà Nam,3751.0,C14,both,0.0,MATCHED,1e-12
V05.04,active_firms_dec31,10,Hà Nam,2,2019,4105.0,ha nam,Hà Nam,4105.0,D14,both,0.0,MATCHED,1e-12
V05.04,active_firms_dec31,10,Hà Nam,3,2020,4497.0,ha nam,Hà Nam,4497.0,E14,both,0.0,MATCHED,1e-12
V05.04,active_firms_dec31,10,Hà Nam,4,2021,4800.0,ha nam,Hà Nam,4800.0,F14,both,0.0,MATCHED,1e-12
V05.04,active_firms_dec31,10,Hà Nam,5,2022,5148.0,ha nam,Hà Nam,5148.0,G14,both,0.0,MATCHED,1e-12
V05.04,active_firms_dec31,10,Hà Nam,6,2023,5423.0,ha nam,Hà Nam,5423.0,H14,both,0.0,MATCHED,1e-12
V05.04,active_firms_dec31,10,Hà Nam,7,2024,5818.0,ha nam,Hà Nam,5818.0,I14,both,0.0,MATCHED,1e-12
V05.04,active_firms_dec31,2,Hà Nội,0,2017,133981.0,ha noi,Hà Nội,133981.0,B6,both,0.0,MATCHED,1e-12
V05.04,active_firms_dec31,2,Hà Nội,1,2018,143119.0,ha noi,Hà Nội,143119.0,C6,both,0.0,MATCHED,1e-12
V05.04,active_firms_dec31,2,Hà Nội,2,2019,155940.0,ha noi,Hà Nội,155940.0,D6,both,0.0,MATCHED,1e-12
V05.04,active_firms_dec31,2,Hà Nội,3,2020,165875.0,ha noi,Hà Nội,165875.0,E6,both,0.0,MATCHED,1e-12
V05.04,active_firms_dec31,2,Hà Nội,4,2021,178493.0,ha noi,Hà Nội,178493.0,F6,both,0.0,MATCHED,1e-12
V05.04,active_firms_dec31,2,Hà Nội,5,2022,187007.0,ha noi,Hà Nội,187007.0,G6,both,0.0,MATCHED,1e-12
V05.04,active_firms_dec31,2,Hà Nội,6,2023,192197.0,ha noi,Hà Nội,192197.0,H6,both,0.0,MATCHED,1e-12
V05.04,active_firms_dec31,2,Hà Nội,7,2024,196836.0,ha noi,Hà Nội,196836.0,I6,both,0.0,MATCHED,1e-12
V05.04,active_firms_dec31,31,Hà Tĩnh,0,2017,4166.0,ha tinh,Hà Tĩnh,4166.0,B35,both,0.0,MATCHED,1e-12
V05.04,active_firms_dec31,31,Hà Tĩnh,1,2018,4448.0,ha tinh,Hà Tĩnh,4448.0,C35,both,0.0,MATCHED,1e-12
V05.04,active_firms_dec31,31,Hà Tĩnh,2,2019,4555.0,ha tinh,Hà Tĩnh,4555.0,D35,both,0.0,MATCHED,1e-12
V05.04,active_firms_dec31,31,Hà Tĩnh,3,2020,4836.0,ha tinh,Hà Tĩnh,4836.0,E35,both,0.0,MATCHED,1e-12
V05.04,active_firms_dec31,31,Hà Tĩnh,4,2021,5199.0,ha tinh,Hà Tĩnh,5199.0,F35,both,0.0,MATCHED,1e-12
V05.04,active_firms_dec31,31,Hà Tĩnh,5,2022,5556.0,ha tinh,Hà Tĩnh,5556.0,G35,both,0.0,MATCHED,1e-12
V05.04,active_firms_dec31,31,Hà Tĩnh,6,2023,5787.0,ha tinh,Hà Tĩnh,5787.0,H35,both,0.0,MATCHED,1e-12
V05.04,active_firms_dec31,31,Hà Tĩnh,7,2024,5963.0,ha tinh,Hà Tĩnh,5963.0,I35,both,0.0,MATCHED,1e-12
V05.04,active_firms_dec31,6,Hải Dương,0,2017,7427.0,hai duong,Hải Dương,7427.0,B10,both,0.0,MATCHED,1e-12
V05.04,active_firms_dec31,6,Hải Dương,1,2018,8208.0,hai duong,Hải Dương,8208.0,C10,both,0.0,MATCHED,1e-12
V05.04,active_firms_dec31,6,Hải Dương,2,2019,8981.0,hai duong,Hải Dương,8981.0,D10,both,0.0,MATCHED,1e-12
V05.04,active_firms_dec31,6,Hải Dương,3,2020,9687.0,hai duong,Hải Dương,9687.0,E10,both,0.0,MATCHED,1e-12
V05.04,active_firms_dec31,6,Hải Dương,4,2021,10126.0,hai duong,Hải Dương,10126.0,F10,both,0.0,MATCHED,1e-12
V05.04,active_firms_dec31,6,Hải Dương,5,2022,10605.0,hai duong,Hải Dương,10605.0,G10,both,0.0,MATCHED,1e-12
V05.04,active_firms_dec31,6,Hải Dương,6,2023,11224.0,hai duong,Hải Dương,11224.0,H10,both,0.0,MATCHED,1e-12
V05.04,active_firms_dec31,6,Hải Dương,7,2024,11951.0,hai duong,Hải Dương,11951.0,I10,both,0.0,MATCHED,1e-12
V05.04,active_firms_dec31,7,Hải Phòng,0,2017,21598.0,hai phong,Hải Phòng,21598.0,B11,both,0.0,MATCHED,1e-12
V05.04,active_firms_dec31,7,Hải Phòng,1,2018,21613.0,hai phong,Hải Phòng,21613.0,C11,both,0.0,MATCHED,1e-12
V05.04,active_firms_dec31,7,Hải Phòng,2,2019,19918.0,hai phong,Hải Phòng,19918.0,D11,both,0.0,MATCHED,1e-12
V05.04,active_firms_dec31,7,Hải Phòng,3,2020,20195.0,hai phong,Hải Phòng,20195.0,E11,both,0.0,MATCHED,1e-12
V05.04,active_firms_dec31,7,Hải Phòng,4,2021,19806.0,hai phong,Hải Phòng,19806.0,F11,both,0.0,MATCHED,1e-12
V05.04,active_firms_dec31,7,Hải Phòng,5,2022,20730.0,hai phong,Hải Phòng,20730.0,G11,both,0.0,MATCHED,1e-12
V05.04,active_firms_dec31,7,Hải Phòng,6,2023,21037.0,hai phong,Hải Phòng,21037.0,H11,both,0.0,MATCHED,1e-12
V05.04,active_firms_dec31,7,Hải Phòng,7,2024,22302.0,hai phong,Hải Phòng,22302.0,I11,both,0.0,MATCHED,1e-12
V05.04,active_firms_dec31,66,Hậu Giang,0,2017,1843.0,hau giang,Hậu Giang,1843.0,B70,both,0.0,MATCHED,1e-12
V05.04,active_firms_dec31,66,Hậu Giang,1,2018,1899.0,hau giang,Hậu Giang,1899.0,C70,both,0.0,MATCHED,1e-12
V05.04,active_firms_dec31,66,Hậu Giang,2,2019,1998.0,hau giang,Hậu Giang,1998.0,D70,both,0.0,MATCHED,1e-12
V05.04,active_firms_dec31,66,Hậu Giang,3,2020,2236.0,hau giang,Hậu Giang,2236.0,E70,both,0.0,MATCHED,1e-12
V05.04,active_firms_dec31,66,Hậu Giang,4,2021,2349.0,hau giang,Hậu Giang,2349.0,F70,both,0.0,MATCHED,1e-12
V05.04,active_firms_dec31,66,Hậu Giang,5,2022,2532.0,hau giang,Hậu Giang,2532.0,G70,both,0.0,MATCHED,1e-12
V05.04,active_firms_dec31,66,Hậu Giang,6,2023,2720.0,hau giang,Hậu Giang,2720.0,H70,both,0.0,MATCHED,1e-12
V05.04,active_firms_dec31,66,Hậu Giang,7,2024,2906.0,hau giang,Hậu Giang,2906.0,I70,both,0.0,MATCHED,1e-12
V05.04,active_firms_dec31,55,TP. Hồ Chí Minh,0,2017,204918.0,ho chi minh,TP. Hồ Chí Minh,204918.0,B59,both,0.0,MATCHED,1e-12
V05.04,active_firms_dec31,55,TP. Hồ Chí Minh,1,2018,228267.0,ho chi minh,TP. Hồ Chí Minh,228267.0,C59,both,0.0,MATCHED,1e-12
V05.04,active_firms_dec31,55,TP. Hồ Chí Minh,2,2019,239623.0,ho chi minh,TP. Hồ Chí Minh,239623.0,D59,both,0.0,MATCHED,1e-12
V05.04,active_firms_dec31,55,TP. Hồ Chí Minh,3,2020,254699.0,ho chi minh,TP. Hồ Chí Minh,254699.0,E59,both,0.0,MATCHED,1e-12
V05.04,active_firms_dec31,55,TP. Hồ Chí Minh,4,2021,268465.0,ho chi minh,TP. Hồ Chí Minh,268465.0,F59,both,0.0,MATCHED,1e-12
V05.04,active_firms_dec31,55,TP. Hồ Chí Minh,5,2022,274067.0,ho chi minh,TP. Hồ Chí Minh,274067.0,G59,both,0.0,MATCHED,1e-12
V05.04,active_firms_dec31,55,TP. Hồ Chí Minh,6,2023,273071.0,ho chi minh,TP. Hồ Chí Minh,273071.0,H59,both,0.0,MATCHED,1e-12
V05.04,active_firms_dec31,55,TP. Hồ Chí Minh,7,2024,269874.0,ho chi minh,TP. Hồ Chí Minh,269874.0,I59,both,0.0,MATCHED,1e-12
V05.04,active_firms_dec31,27,Hòa Bình,0,2017,2001.0,hoa binh,Hòa Bình,2001.0,B31,both,0.0,MATCHED,1e-12
V05.04,active_firms_dec31,27,Hòa Bình,1,2018,2169.0,hoa binh,Hòa Bình,2169.0,C31,both,0.0,MATCHED,1e-12
V05.04,active_firms_dec31,27,Hòa Bình,2,2019,2312.0,hoa binh,Hòa Bình,2312.0,D31,both,0.0,MATCHED,1e-12
V05.04,active_firms_dec31,27,Hòa Bình,3,2020,2464.0,hoa binh,Hòa Bình,2464.0,E31,both,0.0,MATCHED,1e-12
V05.04,active_firms_dec31,27,Hòa Bình,4,2021,2659.0,hoa binh,Hòa Bình,2659.0,F31,both,0.0,MATCHED,1e-12
V05.04,active_firms_dec31,27,Hòa Bình,5,2022,2892.0,hoa binh,Hòa Bình,2892.0,G31,both,0.0,MATCHED,1e-12
V05.04,active_firms_dec31,27,Hòa Bình,6,2023,2972.0,hoa binh,Hòa Bình,2972.0,H31,both,0.0,MATCHED,1e-12
V05.04,active_firms_dec31,27,Hòa Bình,7,2024,3121.0,hoa binh,Hòa Bình,3121.0,I31,both,0.0,MATCHED,1e-12
V05.04,active_firms_dec31,8,Hưng Yên,0,2017,5820.0,hung yen,Hưng Yên,5820.0,B12,both,0.0,MATCHED,1e-12
V05.04,active_firms_dec31,8,Hưng Yên,1,2018,6602.0,hung yen,Hưng Yên,6602.0,C12,both,0.0,MATCHED,1e-12
V05.04,active_firms_dec31,8,Hưng Yên,2,2019,7173.0,hung yen,Hưng Yên,7173.0,D12,both,0.0,MATCHED,1e-12
V05.04,active_firms_dec31,8,Hưng Yên,3,2020,7669.0,hung yen,Hưng Yên,7669.0,E12,both,0.0,MATCHED,1e-12
V05.04,active_firms_dec31,8,Hưng Yên,4,2021,8324.0,hung yen,Hưng Yên,8324.0,F12,both,0.0,MATCHED,1e-12
V05.04,active_firms_dec31,8,Hưng Yên,5,2022,8968.0,hung yen,Hưng Yên,8968.0,G12,both,0.0,MATCHED,1e-12
V05.04,active_firms_dec31,8,Hưng Yên,6,2023,9754.0,hung yen,Hưng Yên,9754.0,H12,both,0.0,MATCHED,1e-12
V05.04,active_firms_dec31,8,Hưng Yên,7,2024,10849.0,hung yen,Hưng Yên,10849.0,I12,both,0.0,MATCHED,1e-12
V05.04,active_firms_dec31,40,Khánh Hòa,0,2017,9405.0,khanh hoa,Khánh Hòa,9405.0,B44,both,0.0,MATCHED,1e-12
V05.04,active_firms_dec31,40,Khánh Hòa,1,2018,10401.0,khanh hoa,Khánh Hòa,10401.0,C44,both,0.0,MATCHED,1e-12
V05.04,active_firms_dec31,40,Khánh Hòa,2,2019,11040.0,khanh hoa,Khánh Hòa,11040.0,D44,both,0.0,MATCHED,1e-12
V05.04,active_firms_dec31,40,Khánh Hòa,3,2020,11215.0,khanh hoa,Khánh Hòa,11215.0,E44,both,0.0,MATCHED,1e-12
V05.04,active_firms_dec31,40,Khánh Hòa,4,2021,11144.0,khanh hoa,Khánh Hòa,11144.0,F44,both,0.0,MATCHED,1e-12
V05.04,active_firms_dec31,40,Khánh Hòa,5,2022,11198.0,khanh hoa,Khánh Hòa,11198.0,G44,both,0.0,MATCHED,1e-12
V05.04,active_firms_dec31,40,Khánh Hòa,6,2023,11449.0,khanh hoa,Khánh Hòa,11449.0,H44,both,0.0,MATCHED,1e-12
V05.04,active_firms_dec31,40,Khánh Hòa,7,2024,11469.0,khanh hoa,Khánh Hòa,11469.0,I44,both,0.0,MATCHED,1e-12
V05.04,active_firms_dec31,64,Kiên Giang,0,2017,6782.0,kien giang,Kiên Giang,6782.0,B68,both,0.0,MATCHED,1e-12
V05.04,active_firms_dec31,64,Kiên Giang,1,2018,7375.0,kien giang,Kiên Giang,7375.0,C68,both,0.0,MATCHED,1e-12
V05.04,active_firms_dec31,64,Kiên Giang,2,2019,7276.0,kien giang,Kiên Giang,7276.0,D68,both,0.0,MATCHED,1e-12
V05.04,active_firms_dec31,64,Kiên Giang,3,2020,7777.0,kien giang,Kiên Giang,7777.0,E68,both,0.0,MATCHED,1e-12
V05.04,active_firms_dec31,64,Kiên Giang,4,2021,8071.0,kien giang,Kiên Giang,8071.0,F68,both,0.0,MATCHED,1e-12
V05.04,active_firms_dec31,64,Kiên Giang,5,2022,8637.0,kien giang,Kiên Giang,8637.0,G68,both,0.0,MATCHED,1e-12
V05.04,active_firms_dec31,64,Kiên Giang,6,2023,8820.0,kien giang,Kiên Giang,8820.0,H68,both,0.0,MATCHED,1e-12
V05.04,active_firms_dec31,64,Kiên Giang,7,2024,8701.0,kien giang,Kiên Giang,8701.0,I68,both,0.0,MATCHED,1e-12
V05.04,active_firms_dec31,44,Kon Tum,0,2017,1551.0,kon tum,Kon Tum,1551.0,B48,both,0.0,MATCHED,1e-12
V05.04,active_firms_dec31,44,Kon Tum,1,2018,1571.0,kon tum,Kon Tum,1571.0,C48,both,0.0,MATCHED,1e-12
V05.04,active_firms_dec31,44,Kon Tum,2,2019,1644.0,kon tum,Kon Tum,1644.0,D48,both,0.0,MATCHED,1e-12
V05.04,active_firms_dec31,44,Kon Tum,3,2020,1840.0,kon tum,Kon Tum,1840.0,E48,both,0.0,MATCHED,1e-12
V05.04,active_firms_dec31,44,Kon Tum,4,2021,1972.0,kon tum,Kon Tum,1972.0,F48,both,0.0,MATCHED,1e-12
V05.04,active_firms_dec31,44,Kon Tum,5,2022,2051.0,kon tum,Kon Tum,2051.0,G48,both,0.0,MATCHED,1e-12
V05.04,active_firms_dec31,44,Kon Tum,6,2023,2150.0,kon tum,Kon Tum,2150.0,H48,both,0.0,MATCHED,1e-12
V05.04,active_firms_dec31,44,Kon Tum,7,2024,2170.0,kon tum,Kon Tum,2170.0,I48,both,0.0,MATCHED,1e-12
V05.04,active_firms_dec31,25,Lai Châu,0,2017,1097.0,lai chau,Lai Châu,1097.0,B29,both,0.0,MATCHED,1e-12
V05.04,active_firms_dec31,25,Lai Châu,1,2018,1125.0,lai chau,Lai Châu,1125.0,C29,both,0.0,MATCHED,1e-12
V05.04,active_firms_dec31,25,Lai Châu,2,2019,1067.0,lai chau,Lai Châu,1067.0,D29,both,0.0,MATCHED,1e-12
V05.04,active_firms_dec31,25,Lai Châu,3,2020,1086.0,lai chau,Lai Châu,1086.0,E29,both,0.0,MATCHED,1e-12
V05.04,active_firms_dec31,25,Lai Châu,4,2021,1090.0,lai chau,Lai Châu,1090.0,F29,both,0.0,MATCHED,1e-12
V05.04,active_firms_dec31,25,Lai Châu,5,2022,1212.0,lai chau,Lai Châu,1212.0,G29,both,0.0,MATCHED,1e-12
V05.04,active_firms_dec31,25,Lai Châu,6,2023,1251.0,lai chau,Lai Châu,1251.0,H29,both,0.0,MATCHED,1e-12
V05.04,active_firms_dec31,25,Lai Châu,7,2024,1290.0,lai chau,Lai Châu,1290.0,I29,both,0.0,MATCHED,1e-12
V05.04,active_firms_dec31,48,Lâm Đồng,0,2017,5507.0,lam dong,Lâm Đồng,5507.0,B52,both,0.0,MATCHED,1e-12
V05.04,active_firms_dec31,48,Lâm Đồng,1,2018,5878.0,lam dong,Lâm Đồng,5878.0,C52,both,0.0,MATCHED,1e-12
V05.04,active_firms_dec31,48,Lâm Đồng,2,2019,6319.0,lam dong,Lâm Đồng,6319.0,D52,both,0.0,MATCHED,1e-12
V05.04,active_firms_dec31,48,Lâm Đồng,3,2020,6969.0,lam dong,Lâm Đồng,6969.0,E52,both,0.0,MATCHED,1e-12
V05.04,active_firms_dec31,48,Lâm Đồng,4,2021,7380.0,lam dong,Lâm Đồng,7380.0,F52,both,0.0,MATCHED,1e-12
V05.04,active_firms_dec31,48,Lâm Đồng,5,2022,7686.0,lam dong,Lâm Đồng,7686.0,G52,both,0.0,MATCHED,1e-12
V05.04,active_firms_dec31,48,Lâm Đồng,6,2023,8247.0,lam dong,Lâm Đồng,8247.0,H52,both,0.0,MATCHED,1e-12
V05.04,active_firms_dec31,48,Lâm Đồng,7,2024,8167.0,lam dong,Lâm Đồng,8167.0,I52,both,0.0,MATCHED,1e-12
V05.04,active_firms_dec31,21,Lạng Sơn,0,2017,1608.0,lang son,Lạng Sơn,1608.0,B25,both,0.0,MATCHED,1e-12
V05.04,active_firms_dec31,21,Lạng Sơn,1,2018,1746.0,lang son,Lạng Sơn,1746.0,C25,both,0.0,MATCHED,1e-12
V05.04,active_firms_dec31,21,Lạng Sơn,2,2019,1905.0,lang son,Lạng Sơn,1905.0,D25,both,0.0,MATCHED,1e-12
V05.04,active_firms_dec31,21,Lạng Sơn,3,2020,2015.0,lang son,Lạng Sơn,2015.0,E25,both,0.0,MATCHED,1e-12
V05.04,active_firms_dec31,21,Lạng Sơn,4,2021,2220.0,lang son,Lạng Sơn,2220.0,F25,both,0.0,MATCHED,1e-12
V05.04,active_firms_dec31,21,Lạng Sơn,5,2022,2347.0,lang son,Lạng Sơn,2347.0,G25,both,0.0,MATCHED,1e-12
V05.04,active_firms_dec31,21,Lạng Sơn,6,2023,2738.0,lang son,Lạng Sơn,2738.0,H25,both,0.0,MATCHED,1e-12
V05.04,active_firms_dec31,21,Lạng Sơn,7,2024,2800.0,lang son,Lạng Sơn,2800.0,I25,both,0.0,MATCHED,1e-12
V05.04,active_firms_dec31,18,Lào Cai,0,2017,2578.0,lao cai,Lào Cai,2578.0,B22,both,0.0,MATCHED,1e-12
V05.04,active_firms_dec31,18,Lào Cai,1,2018,2582.0,lao cai,Lào Cai,2582.0,C22,both,0.0,MATCHED,1e-12
V05.04,active_firms_dec31,18,Lào Cai,2,2019,2578.0,lao cai,Lào Cai,2578.0,D22,both,0.0,MATCHED,1e-12
V05.04,active_firms_dec31,18,Lào Cai,3,2020,2862.0,lao cai,Lào Cai,2862.0,E22,both,0.0,MATCHED,1e-12
V05.04,active_firms_dec31,18,Lào Cai,4,2021,3052.0,lao cai,Lào Cai,3052.0,F22,both,0.0,MATCHED,1e-12
V05.04,active_firms_dec31,18,Lào Cai,5,2022,3230.0,lao cai,Lào Cai,3230.0,G22,both,0.0,MATCHED,1e-12
V05.04,active_firms_dec31,18,Lào Cai,6,2023,3589.0,lao cai,Lào Cai,3589.0,H22,both,0.0,MATCHED,1e-12
V05.04,active_firms_dec31,18,Lào Cai,7,2024,3756.0,lao cai,Lào Cai,3756.0,I22,both,0.0,MATCHED,1e-12
V05.04,active_firms_dec31,57,Long An,0,2017,7831.0,long an,Long An,7831.0,B61,both,0.0,MATCHED,1e-12
V05.04,active_firms_dec31,57,Long An,1,2018,8883.0,long an,Long An,8883.0,C61,both,0.0,MATCHED,1e-12
V05.04,active_firms_dec31,57,Long An,2,2019,9694.0,long an,Long An,9694.0,D61,both,0.0,MATCHED,1e-12
V05.04,active_firms_dec31,57,Long An,3,2020,10476.0,long an,Long An,10476.0,E61,both,0.0,MATCHED,1e-12
V05.04,active_firms_dec31,57,Long An,4,2021,11088.0,long an,Long An,11088.0,F61,both,0.0,MATCHED,1e-12
V05.04,active_firms_dec31,57,Long An,5,2022,11493.0,long an,Long An,11493.0,G61,both,0.0,MATCHED,1e-12
V05.04,active_firms_dec31,57,Long An,6,2023,12213.0,long an,Long An,12213.0,H61,both,0.0,MATCHED,1e-12
V05.04,active_firms_dec31,57,Long An,7,2024,13575.0,long an,Long An,13575.0,I61,both,0.0,MATCHED,1e-12
V05.04,active_firms_dec31,11,Nam Định,0,2017,5044.0,nam dinh,Nam Định,5044.0,B15,both,0.0,MATCHED,1e-12
V05.04,active_firms_dec31,11,Nam Định,1,2018,5475.0,nam dinh,Nam Định,5475.0,C15,both,0.0,MATCHED,1e-12
V05.04,active_firms_dec31,11,Nam Định,2,2019,5676.0,nam dinh,Nam Định,5676.0,D15,both,0.0,MATCHED,1e-12
V05.04,active_firms_dec31,11,Nam Định,3,2020,5982.0,nam dinh,Nam Định,5982.0,E15,both,0.0,MATCHED,1e-12
V05.04,active_firms_dec31,11,Nam Định,4,2021,6455.0,nam dinh,Nam Định,6455.0,F15,both,0.0,MATCHED,1e-12
V05.04,active_firms_dec31,11,Nam Định,5,2022,6848.0,nam dinh,Nam Định,6848.0,G15,both,0.0,MATCHED,1e-12
V05.04,active_firms_dec31,11,Nam Định,6,2023,7118.0,nam dinh,Nam Định,7118.0,H15,both,0.0,MATCHED,1e-12
V05.04,active_firms_dec31,11,Nam Định,7,2024,7469.0,nam dinh,Nam Định,7469.0,I15,both,0.0,MATCHED,1e-12
V05.04,active_firms_dec31,30,Nghệ An,0,2017,11456.0,nghe an,Nghệ An,11456.0,B34,both,0.0,MATCHED,1e-12
V05.04,active_firms_dec31,30,Nghệ An,1,2018,11706.0,nghe an,Nghệ An,11706.0,C34,both,0.0,MATCHED,1e-12
V05.04,active_firms_dec31,30,Nghệ An,2,2019,10855.0,nghe an,Nghệ An,10855.0,D34,both,0.0,MATCHED,1e-12
V05.04,active_firms_dec31,30,Nghệ An,3,2020,11636.0,nghe an,Nghệ An,11636.0,E34,both,0.0,MATCHED,1e-12
V05.04,active_firms_dec31,30,Nghệ An,4,2021,12414.0,nghe an,Nghệ An,12414.0,F34,both,0.0,MATCHED,1e-12
V05.04,active_firms_dec31,30,Nghệ An,5,2022,13154.0,nghe an,Nghệ An,13154.0,G34,both,0.0,MATCHED,1e-12
V05.04,active_firms_dec31,30,Nghệ An,6,2023,13649.0,nghe an,Nghệ An,13649.0,H34,both,0.0,MATCHED,1e-12
V05.04,active_firms_dec31,30,Nghệ An,7,2024,14335.0,nghe an,Nghệ An,14335.0,I34,both,0.0,MATCHED,1e-12
V05.04,active_firms_dec31,12,Ninh Bình,0,2017,3550.0,ninh binh,Ninh Bình,3550.0,B16,both,0.0,MATCHED,1e-12
V05.04,active_firms_dec31,12,Ninh Bình,1,2018,3950.0,ninh binh,Ninh Bình,3950.0,C16,both,0.0,MATCHED,1e-12
V05.04,active_firms_dec31,12,Ninh Bình,2,2019,4277.0,ninh binh,Ninh Bình,4277.0,D16,both,0.0,MATCHED,1e-12
V05.04,active_firms_dec31,12,Ninh Bình,3,2020,4610.0,ninh binh,Ninh Bình,4610.0,E16,both,0.0,MATCHED,1e-12
V05.04,active_firms_dec31,12,Ninh Bình,4,2021,4745.0,ninh binh,Ninh Bình,4745.0,F16,both,0.0,MATCHED,1e-12
V05.04,active_firms_dec31,12,Ninh Bình,5,2022,5162.0,ninh binh,Ninh Bình,5162.0,G16,both,0.0,MATCHED,1e-12
V05.04,active_firms_dec31,12,Ninh Bình,6,2023,5580.0,ninh binh,Ninh Bình,5580.0,H16,both,0.0,MATCHED,1e-12
V05.04,active_firms_dec31,12,Ninh Bình,7,2024,5849.0,ninh binh,Ninh Bình,5849.0,I16,both,0.0,MATCHED,1e-12
V05.04,active_firms_dec31,41,Ninh Thuận,0,2017,1949.0,ninh thuan,Ninh Thuận,1949.0,B45,both,0.0,MATCHED,1e-12
V05.04,active_firms_dec31,41,Ninh Thuận,1,2018,2079.0,ninh thuan,Ninh Thuận,2079.0,C45,both,0.0,MATCHED,1e-12
V05.04,active_firms_dec31,41,Ninh Thuận,2,2019,2342.0,ninh thuan,Ninh Thuận,2342.0,D45,both,0.0,MATCHED,1e-12
V05.04,active_firms_dec31,41,Ninh Thuận,3,2020,2701.0,ninh thuan,Ninh Thuận,2701.0,E45,both,0.0,MATCHED,1e-12
V05.04,active_firms_dec31,41,Ninh Thuận,4,2021,2813.0,ninh thuan,Ninh Thuận,2813.0,F45,both,0.0,MATCHED,1e-12
V05.04,active_firms_dec31,41,Ninh Thuận,5,2022,2981.0,ninh thuan,Ninh Thuận,2981.0,G45,both,0.0,MATCHED,1e-12
V05.04,active_firms_dec31,41,Ninh Thuận,6,2023,3102.0,ninh thuan,Ninh Thuận,3102.0,H45,both,0.0,MATCHED,1e-12
V05.04,active_firms_dec31,41,Ninh Thuận,7,2024,3215.0,ninh thuan,Ninh Thuận,3215.0,I45,both,0.0,MATCHED,1e-12
V05.04,active_firms_dec31,23,Phú Thọ,0,2017,4273.0,phu tho,Phú Thọ,4273.0,B27,both,0.0,MATCHED,1e-12
V05.04,active_firms_dec31,23,Phú Thọ,1,2018,4722.0,phu tho,Phú Thọ,4722.0,C27,both,0.0,MATCHED,1e-12
V05.04,active_firms_dec31,23,Phú Thọ,2,2019,4912.0,phu tho,Phú Thọ,4912.0,D27,both,0.0,MATCHED,1e-12
V05.04,active_firms_dec31,23,Phú Thọ,3,2020,5302.0,phu tho,Phú Thọ,5302.0,E27,both,0.0,MATCHED,1e-12
V05.04,active_firms_dec31,23,Phú Thọ,4,2021,5587.0,phu tho,Phú Thọ,5587.0,F27,both,0.0,MATCHED,1e-12
V05.04,active_firms_dec31,23,Phú Thọ,5,2022,6103.0,phu tho,Phú Thọ,6103.0,G27,both,0.0,MATCHED,1e-12
V05.04,active_firms_dec31,23,Phú Thọ,6,2023,6549.0,phu tho,Phú Thọ,6549.0,H27,both,0.0,MATCHED,1e-12
V05.04,active_firms_dec31,23,Phú Thọ,7,2024,6851.0,phu tho,Phú Thọ,6851.0,I27,both,0.0,MATCHED,1e-12
V05.04,active_firms_dec31,39,Phú Yên,0,2017,2456.0,phu yen,Phú Yên,2456.0,B43,both,0.0,MATCHED,1e-12
V05.04,active_firms_dec31,39,Phú Yên,1,2018,2607.0,phu yen,Phú Yên,2607.0,C43,both,0.0,MATCHED,1e-12
V05.04,active_firms_dec31,39,Phú Yên,2,2019,2720.0,phu yen,Phú Yên,2720.0,D43,both,0.0,MATCHED,1e-12
V05.04,active_firms_dec31,39,Phú Yên,3,2020,2991.0,phu yen,Phú Yên,2991.0,E43,both,0.0,MATCHED,1e-12
V05.04,active_firms_dec31,39,Phú Yên,4,2021,3088.0,phu yen,Phú Yên,3088.0,F43,both,0.0,MATCHED,1e-12
V05.04,active_firms_dec31,39,Phú Yên,5,2022,3304.0,phu yen,Phú Yên,3304.0,G43,both,0.0,MATCHED,1e-12
V05.04,active_firms_dec31,39,Phú Yên,6,2023,3398.0,phu yen,Phú Yên,3398.0,H43,both,0.0,MATCHED,1e-12
V05.04,active_firms_dec31,39,Phú Yên,7,2024,3482.0,phu yen,Phú Yên,3482.0,I43,both,0.0,MATCHED,1e-12
V05.04,active_firms_dec31,32,Quảng Bình,0,2017,3809.0,quang binh,Quảng Bình,3809.0,B36,both,0.0,MATCHED,1e-12
V05.04,active_firms_dec31,32,Quảng Bình,1,2018,4034.0,quang binh,Quảng Bình,4034.0,C36,both,0.0,MATCHED,1e-12
V05.04,active_firms_dec31,32,Quảng Bình,2,2019,4161.0,quang binh,Quảng Bình,4161.0,D36,both,0.0,MATCHED,1e-12
V05.04,active_firms_dec31,32,Quảng Bình,3,2020,4467.0,quang binh,Quảng Bình,4467.0,E36,both,0.0,MATCHED,1e-12
V05.04,active_firms_dec31,32,Quảng Bình,4,2021,4734.0,quang binh,Quảng Bình,4734.0,F36,both,0.0,MATCHED,1e-12
V05.04,active_firms_dec31,32,Quảng Bình,5,2022,5029.0,quang binh,Quảng Bình,5029.0,G36,both,0.0,MATCHED,1e-12
V05.04,active_firms_dec31,32,Quảng Bình,6,2023,5176.0,quang binh,Quảng Bình,5176.0,H36,both,0.0,MATCHED,1e-12
V05.04,active_firms_dec31,32,Quảng Bình,7,2024,5190.0,quang binh,Quảng Bình,5190.0,I36,both,0.0,MATCHED,1e-12
V05.04,active_firms_dec31,36,Quảng Nam,0,2017,5973.0,quang nam,Quảng Nam,5973.0,B40,both,0.0,MATCHED,1e-12
V05.04,active_firms_dec31,36,Quảng Nam,1,2018,6481.0,quang nam,Quảng Nam,6481.0,C40,both,0.0,MATCHED,1e-12
V05.04,active_firms_dec31,36,Quảng Nam,2,2019,7252.0,quang nam,Quảng Nam,7252.0,D40,both,0.0,MATCHED,1e-12
V05.04,active_firms_dec31,36,Quảng Nam,3,2020,7723.0,quang nam,Quảng Nam,7723.0,E40,both,0.0,MATCHED,1e-12
V05.04,active_firms_dec31,36,Quảng Nam,4,2021,7905.0,quang nam,Quảng Nam,7905.0,F40,both,0.0,MATCHED,1e-12
V05.04,active_firms_dec31,36,Quảng Nam,5,2022,8257.0,quang nam,Quảng Nam,8257.0,G40,both,0.0,MATCHED,1e-12
V05.04,active_firms_dec31,36,Quảng Nam,6,2023,8323.0,quang nam,Quảng Nam,8323.0,H40,both,0.0,MATCHED,1e-12
V05.04,active_firms_dec31,36,Quảng Nam,7,2024,8442.0,quang nam,Quảng Nam,8442.0,I40,both,0.0,MATCHED,1e-12
V05.04,active_firms_dec31,37,Quảng Ngãi,0,2017,4306.0,quang ngai,Quảng Ngãi,4306.0,B41,both,0.0,MATCHED,1e-12
V05.04,active_firms_dec31,37,Quảng Ngãi,1,2018,4723.0,quang ngai,Quảng Ngãi,4723.0,C41,both,0.0,MATCHED,1e-12
V05.04,active_firms_dec31,37,Quảng Ngãi,2,2019,5087.0,quang ngai,Quảng Ngãi,5087.0,D41,both,0.0,MATCHED,1e-12
V05.04,active_firms_dec31,37,Quảng Ngãi,3,2020,5297.0,quang ngai,Quảng Ngãi,5297.0,E41,both,0.0,MATCHED,1e-12
V05.04,active_firms_dec31,37,Quảng Ngãi,4,2021,5415.0,quang ngai,Quảng Ngãi,5415.0,F41,both,0.0,MATCHED,1e-12
V05.04,active_firms_dec31,37,Quảng Ngãi,5,2022,5543.0,quang ngai,Quảng Ngãi,5543.0,G41,both,0.0,MATCHED,1e-12
V05.04,active_firms_dec31,37,Quảng Ngãi,6,2023,5731.0,quang ngai,Quảng Ngãi,5731.0,H41,both,0.0,MATCHED,1e-12
V05.04,active_firms_dec31,37,Quảng Ngãi,7,2024,5661.0,quang ngai,Quảng Ngãi,5661.0,I41,both,0.0,MATCHED,1e-12
V05.04,active_firms_dec31,5,Quảng Ninh,0,2017,8622.0,quang ninh,Quảng Ninh,8622.0,B9,both,0.0,MATCHED,1e-12
V05.04,active_firms_dec31,5,Quảng Ninh,1,2018,8455.0,quang ninh,Quảng Ninh,8455.0,C9,both,0.0,MATCHED,1e-12
V05.04,active_firms_dec31,5,Quảng Ninh,2,2019,8907.0,quang ninh,Quảng Ninh,8907.0,D9,both,0.0,MATCHED,1e-12
V05.04,active_firms_dec31,5,Quảng Ninh,3,2020,9231.0,quang ninh,Quảng Ninh,9231.0,E9,both,0.0,MATCHED,1e-12
V05.04,active_firms_dec31,5,Quảng Ninh,4,2021,9468.0,quang ninh,Quảng Ninh,9468.0,F9,both,0.0,MATCHED,1e-12
V05.04,active_firms_dec31,5,Quảng Ninh,5,2022,9908.0,quang ninh,Quảng Ninh,9908.0,G9,both,0.0,MATCHED,1e-12
V05.04,active_firms_dec31,5,Quảng Ninh,6,2023,10288.0,quang ninh,Quảng Ninh,10288.0,H9,both,0.0,MATCHED,1e-12
V05.04,active_firms_dec31,5,Quảng Ninh,7,2024,10762.0,quang ninh,Quảng Ninh,10762.0,I9,both,0.0,MATCHED,1e-12
V05.04,active_firms_dec31,33,Quảng Trị,0,2017,2495.0,quang tri,Quảng Trị,2495.0,B37,both,0.0,MATCHED,1e-12
V05.04,active_firms_dec31,33,Quảng Trị,1,2018,2619.0,quang tri,Quảng Trị,2619.0,C37,both,0.0,MATCHED,1e-12
V05.04,active_firms_dec31,33,Quảng Trị,2,2019,2698.0,quang tri,Quảng Trị,2698.0,D37,both,0.0,MATCHED,1e-12
V05.04,active_firms_dec31,33,Quảng Trị,3,2020,2862.0,quang tri,Quảng Trị,2862.0,E37,both,0.0,MATCHED,1e-12
V05.04,active_firms_dec31,33,Quảng Trị,4,2021,3059.0,quang tri,Quảng Trị,3059.0,F37,both,0.0,MATCHED,1e-12
V05.04,active_firms_dec31,33,Quảng Trị,5,2022,3273.0,quang tri,Quảng Trị,3273.0,G37,both,0.0,MATCHED,1e-12
V05.04,active_firms_dec31,33,Quảng Trị,6,2023,3359.0,quang tri,Quảng Trị,3359.0,H37,both,0.0,MATCHED,1e-12
V05.04,active_firms_dec31,33,Quảng Trị,7,2024,3337.0,quang tri,Quảng Trị,3337.0,I37,both,0.0,MATCHED,1e-12
V05.04,active_firms_dec31,67,Sóc Trăng,0,2017,2136.0,soc trang,Sóc Trăng,2136.0,B71,both,0.0,MATCHED,1e-12
V05.04,active_firms_dec31,67,Sóc Trăng,1,2018,2324.0,soc trang,Sóc Trăng,2324.0,C71,both,0.0,MATCHED,1e-12
V05.04,active_firms_dec31,67,Sóc Trăng,2,2019,2412.0,soc trang,Sóc Trăng,2412.0,D71,both,0.0,MATCHED,1e-12
V05.04,active_firms_dec31,67,Sóc Trăng,3,2020,2676.0,soc trang,Sóc Trăng,2676.0,E71,both,0.0,MATCHED,1e-12
V05.04,active_firms_dec31,67,Sóc Trăng,4,2021,2813.0,soc trang,Sóc Trăng,2813.0,F71,both,0.0,MATCHED,1e-12
V05.04,active_firms_dec31,67,Sóc Trăng,5,2022,2895.0,soc trang,Sóc Trăng,2895.0,G71,both,0.0,MATCHED,1e-12
V05.04,active_firms_dec31,67,Sóc Trăng,6,2023,2862.0,soc trang,Sóc Trăng,2862.0,H71,both,0.0,MATCHED,1e-12
V05.04,active_firms_dec31,67,Sóc Trăng,7,2024,2955.0,soc trang,Sóc Trăng,2955.0,I71,both,0.0,MATCHED,1e-12
V05.04,active_firms_dec31,26,Sơn La,0,2017,1643.0,son la,Sơn La,1643.0,B30,both,0.0,MATCHED,1e-12
V05.04,active_firms_dec31,26,Sơn La,1,2018,1728.0,son la,Sơn La,1728.0,C30,both,0.0,MATCHED,1e-12
V05.04,active_firms_dec31,26,Sơn La,2,2019,1805.0,son la,Sơn La,1805.0,D30,both,0.0,MATCHED,1e-12
V05.04,active_firms_dec31,26,Sơn La,3,2020,1977.0,son la,Sơn La,1977.0,E30,both,0.0,MATCHED,1e-12
V05.04,active_firms_dec31,26,Sơn La,4,2021,2084.0,son la,Sơn La,2084.0,F30,both,0.0,MATCHED,1e-12
V05.04,active_firms_dec31,26,Sơn La,5,2022,2132.0,son la,Sơn La,2132.0,G30,both,0.0,MATCHED,1e-12
V05.04,active_firms_dec31,26,Sơn La,6,2023,2189.0,son la,Sơn La,2189.0,H30,both,0.0,MATCHED,1e-12
V05.04,active_firms_dec31,26,Sơn La,7,2024,2276.0,son la,Sơn La,2276.0,I30,both,0.0,MATCHED,1e-12
V05.04,active_firms_dec31,43,Tây Nguyên,0,2017,17533.0,tay nguyen,Tây Nguyên,17533.0,B47,both,0.0,MATCHED,1e-12
V05.04,active_firms_dec31,43,Tây Nguyên,1,2018,18489.0,tay nguyen,Tây Nguyên,18489.0,C47,both,0.0,MATCHED,1e-12
V05.04,active_firms_dec31,43,Tây Nguyên,2,2019,19777.0,tay nguyen,Tây Nguyên,19777.0,D47,both,0.0,MATCHED,1e-12
V05.04,active_firms_dec31,43,Tây Nguyên,3,2020,22298.0,tay nguyen,Tây Nguyên,22298.0,E47,both,0.0,MATCHED,1e-12
V05.04,active_firms_dec31,43,Tây Nguyên,4,2021,23637.0,tay nguyen,Tây Nguyên,23637.0,F47,both,0.0,MATCHED,1e-12
V05.04,active_firms_dec31,43,Tây Nguyên,5,2022,24914.0,tay nguyen,Tây Nguyên,24914.0,G47,both,0.0,MATCHED,1e-12
V05.04,active_firms_dec31,43,Tây Nguyên,6,2023,26261.0,tay nguyen,Tây Nguyên,26261.0,H47,both,0.0,MATCHED,1e-12
V05.04,active_firms_dec31,43,Tây Nguyên,7,2024,26836.0,tay nguyen,Tây Nguyên,26836.0,I47,both,0.0,MATCHED,1e-12
V05.04,active_firms_dec31,51,Tây Ninh,0,2017,3665.0,tay ninh,Tây Ninh,3665.0,B55,both,0.0,MATCHED,1e-12
V05.04,active_firms_dec31,51,Tây Ninh,1,2018,3842.0,tay ninh,Tây Ninh,3842.0,C55,both,0.0,MATCHED,1e-12
V05.04,active_firms_dec31,51,Tây Ninh,2,2019,3996.0,tay ninh,Tây Ninh,3996.0,D55,both,0.0,MATCHED,1e-12
V05.04,active_firms_dec31,51,Tây Ninh,3,2020,4352.0,tay ninh,Tây Ninh,4352.0,E55,both,0.0,MATCHED,1e-12
V05.04,active_firms_dec31,51,Tây Ninh,4,2021,4560.0,tay ninh,Tây Ninh,4560.0,F55,both,0.0,MATCHED,1e-12
V05.04,active_firms_dec31,51,Tây Ninh,5,2022,4930.0,tay ninh,Tây Ninh,4930.0,G55,both,0.0,MATCHED,1e-12
V05.04,active_firms_dec31,51,Tây Ninh,6,2023,5142.0,tay ninh,Tây Ninh,5142.0,H55,both,0.0,MATCHED,1e-12
V05.04,active_firms_dec31,51,Tây Ninh,7,2024,5246.0,tay ninh,Tây Ninh,5246.0,I55,both,0.0,MATCHED,1e-12
V05.04,active_firms_dec31,9,Thái Bình,0,2017,4480.0,thai binh,Thái Bình,4480.0,B13,both,0.0,MATCHED,1e-12
V05.04,active_firms_dec31,9,Thái Bình,1,2018,4838.0,thai binh,Thái Bình,4838.0,C13,both,0.0,MATCHED,1e-12
V05.04,active_firms_dec31,9,Thái Bình,2,2019,4991.0,thai binh,Thái Bình,4991.0,D13,both,0.0,MATCHED,1e-12
V05.04,active_firms_dec31,9,Thái Bình,3,2020,5152.0,thai binh,Thái Bình,5152.0,E13,both,0.0,MATCHED,1e-12
V05.04,active_firms_dec31,9,Thái Bình,4,2021,5481.0,thai binh,Thái Bình,5481.0,F13,both,0.0,MATCHED,1e-12
V05.04,active_firms_dec31,9,Thái Bình,5,2022,5933.0,thai binh,Thái Bình,5933.0,G13,both,0.0,MATCHED,1e-12
V05.04,active_firms_dec31,9,Thái Bình,6,2023,6475.0,thai binh,Thái Bình,6475.0,H13,both,0.0,MATCHED,1e-12
V05.04,active_firms_dec31,9,Thái Bình,7,2024,6943.0,thai binh,Thái Bình,6943.0,I13,both,0.0,MATCHED,1e-12
V05.04,active_firms_dec31,20,Thái Nguyên,0,2017,4045.0,thai nguyen,Thái Nguyên,4045.0,B24,both,0.0,MATCHED,1e-12
V05.04,active_firms_dec31,20,Thái Nguyên,1,2018,4235.0,thai nguyen,Thái Nguyên,4235.0,C24,both,0.0,MATCHED,1e-12
V05.04,active_firms_dec31,20,Thái Nguyên,2,2019,4526.0,thai nguyen,Thái Nguyên,4526.0,D24,both,0.0,MATCHED,1e-12
V05.04,active_firms_dec31,20,Thái Nguyên,3,2020,4789.0,thai nguyen,Thái Nguyên,4789.0,E24,both,0.0,MATCHED,1e-12
V05.04,active_firms_dec31,20,Thái Nguyên,4,2021,5167.0,thai nguyen,Thái Nguyên,5167.0,F24,both,0.0,MATCHED,1e-12
V05.04,active_firms_dec31,20,Thái Nguyên,5,2022,5437.0,thai nguyen,Thái Nguyên,5437.0,G24,both,0.0,MATCHED,1e-12
V05.04,active_firms_dec31,20,Thái Nguyên,6,2023,5744.0,thai nguyen,Thái Nguyên,5744.0,H24,both,0.0,MATCHED,1e-12
V05.04,active_firms_dec31,20,Thái Nguyên,7,2024,6083.0,thai nguyen,Thái Nguyên,6083.0,I24,both,0.0,MATCHED,1e-12
V05.04,active_firms_dec31,29,Thanh Hóa,0,2017,9557.0,thanh hoa,Thanh Hóa,9557.0,B33,both,0.0,MATCHED,1e-12
V05.04,active_firms_dec31,29,Thanh Hóa,1,2018,11127.0,thanh hoa,Thanh Hóa,11127.0,C33,both,0.0,MATCHED,1e-12
V05.04,active_firms_dec31,29,Thanh Hóa,2,2019,11763.0,thanh hoa,Thanh Hóa,11763.0,D33,both,0.0,MATCHED,1e-12
V05.04,active_firms_dec31,29,Thanh Hóa,3,2020,13152.0,thanh hoa,Thanh Hóa,13152.0,E33,both,0.0,MATCHED,1e-12
V05.04,active_firms_dec31,29,Thanh Hóa,4,2021,14088.0,thanh hoa,Thanh Hóa,14088.0,F33,both,0.0,MATCHED,1e-12
V05.04,active_firms_dec31,29,Thanh Hóa,5,2022,15494.0,thanh hoa,Thanh Hóa,15494.0,G33,both,0.0,MATCHED,1e-12
V05.04,active_firms_dec31,29,Thanh Hóa,6,2023,16614.0,thanh hoa,Thanh Hóa,16614.0,H33,both,0.0,MATCHED,1e-12
V05.04,active_firms_dec31,29,Thanh Hóa,7,2024,16836.0,thanh hoa,Thanh Hóa,16836.0,I33,both,0.0,MATCHED,1e-12
V05.04,active_firms_dec31,34,Thừa Thiên - Huế,0,2017,4160.0,thua thien hue,Thừa Thiên - Huế,4160.0,B38,both,0.0,MATCHED,1e-12
V05.04,active_firms_dec31,34,Thừa Thiên - Huế,1,2018,4303.0,thua thien hue,Thừa Thiên - Huế,4303.0,C38,both,0.0,MATCHED,1e-12
V05.04,active_firms_dec31,34,Thừa Thiên - Huế,2,2019,4449.0,thua thien hue,Thừa Thiên - Huế,4449.0,D38,both,0.0,MATCHED,1e-12
V05.04,active_firms_dec31,34,Thừa Thiên - Huế,3,2020,4650.0,thua thien hue,Thừa Thiên - Huế,4650.0,E38,both,0.0,MATCHED,1e-12
V05.04,active_firms_dec31,34,Thừa Thiên - Huế,4,2021,4763.0,thua thien hue,Thừa Thiên - Huế,4763.0,F38,both,0.0,MATCHED,1e-12
V05.04,active_firms_dec31,34,Thừa Thiên - Huế,5,2022,5136.0,thua thien hue,Thừa Thiên - Huế,5136.0,G38,both,0.0,MATCHED,1e-12
V05.04,active_firms_dec31,34,Thừa Thiên - Huế,6,2023,5301.0,thua thien hue,Thừa Thiên - Huế,5301.0,H38,both,0.0,MATCHED,1e-12
V05.04,active_firms_dec31,34,Thừa Thiên - Huế,7,2024,5396.0,thua thien hue,Thừa Thiên - Huế,5396.0,I38,both,0.0,MATCHED,1e-12
V05.04,active_firms_dec31,58,Tiền Giang,0,2017,4165.0,tien giang,Tiền Giang,4165.0,B62,both,0.0,MATCHED,1e-12
V05.04,active_firms_dec31,58,Tiền Giang,1,2018,4347.0,tien giang,Tiền Giang,4347.0,C62,both,0.0,MATCHED,1e-12
V05.04,active_firms_dec31,58,Tiền Giang,2,2019,4512.0,tien giang,Tiền Giang,4512.0,D62,both,0.0,MATCHED,1e-12
V05.04,active_firms_dec31,58,Tiền Giang,3,2020,4853.0,tien giang,Tiền Giang,4853.0,E62,both,0.0,MATCHED,1e-12
V05.04,active_firms_dec31,58,Tiền Giang,4,2021,5060.0,tien giang,Tiền Giang,5060.0,F62,both,0.0,MATCHED,1e-12
V05.04,active_firms_dec31,58,Tiền Giang,5,2022,5530.0,tien giang,Tiền Giang,5530.0,G62,both,0.0,MATCHED,1e-12
V05.04,active_firms_dec31,58,Tiền Giang,6,2023,5864.0,tien giang,Tiền Giang,5864.0,H62,both,0.0,MATCHED,1e-12
V05.04,active_firms_dec31,58,Tiền Giang,7,2024,6065.0,tien giang,Tiền Giang,6065.0,I62,both,0.0,MATCHED,1e-12
V05.04,active_firms_dec31,60,Trà Vinh,0,2017,1765.0,tra vinh,Trà Vinh,1765.0,B64,both,0.0,MATCHED,1e-12
V05.04,active_firms_dec31,60,Trà Vinh,1,2018,1878.0,tra vinh,Trà Vinh,1878.0,C64,both,0.0,MATCHED,1e-12
V05.04,active_firms_dec31,60,Trà Vinh,2,2019,2037.0,tra vinh,Trà Vinh,2037.0,D64,both,0.0,MATCHED,1e-12
V05.04,active_firms_dec31,60,Trà Vinh,3,2020,2301.0,tra vinh,Trà Vinh,2301.0,E64,both,0.0,MATCHED,1e-12
V05.04,active_firms_dec31,60,Trà Vinh,4,2021,2436.0,tra vinh,Trà Vinh,2436.0,F64,both,0.0,MATCHED,1e-12
V05.04,active_firms_dec31,60,Trà Vinh,5,2022,2627.0,tra vinh,Trà Vinh,2627.0,G64,both,0.0,MATCHED,1e-12
V05.04,active_firms_dec31,60,Trà Vinh,6,2023,2798.0,tra vinh,Trà Vinh,2798.0,H64,both,0.0,MATCHED,1e-12
V05.04,active_firms_dec31,60,Trà Vinh,7,2024,2801.0,tra vinh,Trà Vinh,2801.0,I64,both,0.0,MATCHED,1e-12
V05.04,active_firms_dec31,13,Trung du và miền núi phía Bắc,0,2017,28302.0,trung du va mien nui phia bac,Trung du và miền núi phía Bắc,28302.0,B17,both,0.0,MATCHED,1e-12
V05.04,active_firms_dec31,13,Trung du và miền núi phía Bắc,1,2018,30370.0,trung du va mien nui phia bac,Trung du và miền núi phía Bắc,30370.0,C17,both,0.0,MATCHED,1e-12
V05.04,active_firms_dec31,13,Trung du và miền núi phía Bắc,2,2019,31812.0,trung du va mien nui phia bac,Trung du và miền núi phía Bắc,31812.0,D17,both,0.0,MATCHED,1e-12
V05.04,active_firms_dec31,13,Trung du và miền núi phía Bắc,3,2020,34271.0,trung du va mien nui phia bac,Trung du và miền núi phía Bắc,34271.0,E17,both,0.0,MATCHED,1e-12
V05.04,active_firms_dec31,13,Trung du và miền núi phía Bắc,4,2021,36614.0,trung du va mien nui phia bac,Trung du và miền núi phía Bắc,36614.0,F17,both,0.0,MATCHED,1e-12
V05.04,active_firms_dec31,13,Trung du và miền núi phía Bắc,5,2022,39341.0,trung du va mien nui phia bac,Trung du và miền núi phía Bắc,39341.0,G17,both,0.0,MATCHED,1e-12
V05.04,active_firms_dec31,13,Trung du và miền núi phía Bắc,6,2023,42350.0,trung du va mien nui phia bac,Trung du và miền núi phía Bắc,42350.0,H17,both,0.0,MATCHED,1e-12
V05.04,active_firms_dec31,13,Trung du và miền núi phía Bắc,7,2024,44487.0,trung du va mien nui phia bac,Trung du và miền núi phía Bắc,44487.0,I17,both,0.0,MATCHED,1e-12
V05.04,active_firms_dec31,17,Tuyên Quang,0,2017,1168.0,tuyen quang,Tuyên Quang,1168.0,B21,both,0.0,MATCHED,1e-12
V05.04,active_firms_dec31,17,Tuyên Quang,1,2018,1275.0,tuyen quang,Tuyên Quang,1275.0,C21,both,0.0,MATCHED,1e-12
V05.04,active_firms_dec31,17,Tuyên Quang,2,2019,1329.0,tuyen quang,Tuyên Quang,1329.0,D21,both,0.0,MATCHED,1e-12
V05.04,active_firms_dec31,17,Tuyên Quang,3,2020,1460.0,tuyen quang,Tuyên Quang,1460.0,E21,both,0.0,MATCHED,1e-12
V05.04,active_firms_dec31,17,Tuyên Quang,4,2021,1590.0,tuyen quang,Tuyên Quang,1590.0,F21,both,0.0,MATCHED,1e-12
V05.04,active_firms_dec31,17,Tuyên Quang,5,2022,1755.0,tuyen quang,Tuyên Quang,1755.0,G21,both,0.0,MATCHED,1e-12
V05.04,active_firms_dec31,17,Tuyên Quang,6,2023,1880.0,tuyen quang,Tuyên Quang,1880.0,H21,both,0.0,MATCHED,1e-12
V05.04,active_firms_dec31,17,Tuyên Quang,7,2024,1914.0,tuyen quang,Tuyên Quang,1914.0,I21,both,0.0,MATCHED,1e-12
V05.04,active_firms_dec31,61,Vĩnh Long,0,2017,2419.0,vinh long,Vĩnh Long,2419.0,B65,both,0.0,MATCHED,1e-12
V05.04,active_firms_dec31,61,Vĩnh Long,1,2018,2454.0,vinh long,Vĩnh Long,2454.0,C65,both,0.0,MATCHED,1e-12
V05.04,active_firms_dec31,61,Vĩnh Long,2,2019,2483.0,vinh long,Vĩnh Long,2483.0,D65,both,0.0,MATCHED,1e-12
V05.04,active_firms_dec31,61,Vĩnh Long,3,2020,2663.0,vinh long,Vĩnh Long,2663.0,E65,both,0.0,MATCHED,1e-12
V05.04,active_firms_dec31,61,Vĩnh Long,4,2021,2792.0,vinh long,Vĩnh Long,2792.0,F65,both,0.0,MATCHED,1e-12
V05.04,active_firms_dec31,61,Vĩnh Long,5,2022,2877.0,vinh long,Vĩnh Long,2877.0,G65,both,0.0,MATCHED,1e-12
V05.04,active_firms_dec31,61,Vĩnh Long,6,2023,3056.0,vinh long,Vĩnh Long,3056.0,H65,both,0.0,MATCHED,1e-12
V05.04,active_firms_dec31,61,Vĩnh Long,7,2024,3147.0,vinh long,Vĩnh Long,3147.0,I65,both,0.0,MATCHED,1e-12
V05.04,active_firms_dec31,3,Vĩnh Phúc,0,2017,7828.0,vinh phuc,Vĩnh Phúc,7828.0,B7,both,0.0,MATCHED,1e-12
V05.04,active_firms_dec31,3,Vĩnh Phúc,1,2018,6398.0,vinh phuc,Vĩnh Phúc,6398.0,C7,both,0.0,MATCHED,1e-12
V05.04,active_firms_dec31,3,Vĩnh Phúc,2,2019,7069.0,vinh phuc,Vĩnh Phúc,7069.0,D7,both,0.0,MATCHED,1e-12
V05.04,active_firms_dec31,3,Vĩnh Phúc,3,2020,7758.0,vinh phuc,Vĩnh Phúc,7758.0,E7,both,0.0,MATCHED,1e-12
V05.04,active_firms_dec31,3,Vĩnh Phúc,4,2021,8322.0,vinh phuc,Vĩnh Phúc,8322.0,F7,both,0.0,MATCHED,1e-12
V05.04,active_firms_dec31,3,Vĩnh Phúc,5,2022,9100.0,vinh phuc,Vĩnh Phúc,9100.0,G7,both,0.0,MATCHED,1e-12
V05.04,active_firms_dec31,3,Vĩnh Phúc,6,2023,9777.0,vinh phuc,Vĩnh Phúc,9777.0,H7,both,0.0,MATCHED,1e-12
V05.04,active_firms_dec31,3,Vĩnh Phúc,7,2024,10240.0,vinh phuc,Vĩnh Phúc,10240.0,I7,both,0.0,MATCHED,1e-12
V05.04,active_firms_dec31,19,Yên Bái,0,2017,1423.0,yen bai,Yên Bái,1423.0,B23,both,0.0,MATCHED,1e-12
V05.04,active_firms_dec31,19,Yên Bái,1,2018,1513.0,yen bai,Yên Bái,1513.0,C23,both,0.0,MATCHED,1e-12
V05.04,active_firms_dec31,19,Yên Bái,2,2019,1609.0,yen bai,Yên Bái,1609.0,D23,both,0.0,MATCHED,1e-12
V05.04,active_firms_dec31,19,Yên Bái,3,2020,1726.0,yen bai,Yên Bái,1726.0,E23,both,0.0,MATCHED,1e-12
V05.04,active_firms_dec31,19,Yên Bái,4,2021,1887.0,yen bai,Yên Bái,1887.0,F23,both,0.0,MATCHED,1e-12
V05.04,active_firms_dec31,19,Yên Bái,5,2022,2020.0,yen bai,Yên Bái,2020.0,G23,both,0.0,MATCHED,1e-12
V05.04,active_firms_dec31,19,Yên Bái,6,2023,2190.0,yen bai,Yên Bái,2190.0,H23,both,0.0,MATCHED,1e-12
V05.04,active_firms_dec31,19,Yên Bái,7,2024,2299.0,yen bai,Yên Bái,2299.0,I23,both,0.0,MATCHED,1e-12
V05.05,active_firms_per_1000,63,An Giang,0,2017,2.25875138229546,an giang,An Giang,2.26,B67,both,0.0012486177045398783,MISMATCH,1e-12
V05.05,active_firms_per_1000,63,An Giang,1,2018,2.31479803257703,an giang,An Giang,2.31,C67,both,0.0047980325770300425,MISMATCH,1e-12
V05.05,active_firms_per_1000,63,An Giang,2,2019,2.33249327225895,an giang,An Giang,2.33,D67,both,0.002493272258949908,MISMATCH,1e-12
V05.05,active_firms_per_1000,63,An Giang,3,2020,2.51715377218748,an giang,An Giang,2.52,E67,both,0.0028462278125198637,MISMATCH,1e-12
V05.05,active_firms_per_1000,63,An Giang,4,2021,2.54306611238718,an giang,An Giang,2.54,F67,both,0.00306611238718002,MISMATCH,1e-12
V05.05,active_firms_per_1000,63,An Giang,5,2022,2.65439912338705,an giang,An Giang,2.65,G67,both,0.0043991233870501745,MISMATCH,1e-12
V05.05,active_firms_per_1000,63,An Giang,6,2023,2.7,an giang,An Giang,2.7,H67,both,0.0,MATCHED,1e-12
V05.05,active_firms_per_1000,63,An Giang,7,2024,2.8,an giang,An Giang,2.8,I67,both,0.0,MATCHED,1e-12
V05.05,active_firms_per_1000,54,Bà Rịa - Vũng Tàu,0,2017,7.94504118008169,ba ria vung tau,Bà Rịa - Vũng Tàu,7.95,B58,both,0.004958819918310375,MISMATCH,1e-12
V05.05,active_firms_per_1000,54,Bà Rịa - Vũng Tàu,1,2018,8.44343356341712,ba ria vung tau,Bà Rịa - Vũng Tàu,8.44,C58,both,0.003433563417120311,MISMATCH,1e-12
V05.05,active_firms_per_1000,54,Bà Rịa - Vũng Tàu,2,2019,8.76309864973469,ba ria vung tau,Bà Rịa - Vũng Tàu,8.76,D58,both,0.0030986497346905395,MISMATCH,1e-12
V05.05,active_firms_per_1000,54,Bà Rịa - Vũng Tàu,3,2020,9.37207967133763,ba ria vung tau,Bà Rịa - Vũng Tàu,9.37,E58,both,0.002079671337630984,MISMATCH,1e-12
V05.05,active_firms_per_1000,54,Bà Rịa - Vũng Tàu,4,2021,9.68727440928713,ba ria vung tau,Bà Rịa - Vũng Tàu,9.69,F58,both,0.0027255907128687085,MISMATCH,1e-12
V05.05,active_firms_per_1000,54,Bà Rịa - Vũng Tàu,5,2022,10.12475661642749,ba ria vung tau,Bà Rịa - Vũng Tàu,10.12,G58,both,0.004756616427490812,MISMATCH,1e-12
V05.05,active_firms_per_1000,54,Bà Rịa - Vũng Tàu,6,2023,10.4,ba ria vung tau,Bà Rịa - Vũng Tàu,10.4,H58,both,0.0,MATCHED,1e-12
V05.05,active_firms_per_1000,54,Bà Rịa - Vũng Tàu,7,2024,10.5,ba ria vung tau,Bà Rịa - Vũng Tàu,10.5,I58,both,0.0,MATCHED,1e-12
V05.05,active_firms_per_1000,22,Bắc Giang,0,2017,2.71478310236085,bac giang,Bắc Giang,2.71,B26,both,0.004783102360850222,MISMATCH,1e-12
V05.05,active_firms_per_1000,22,Bắc Giang,1,2018,3.06665631508417,bac giang,Bắc Giang,3.07,C26,both,0.0033436849158299253,MISMATCH,1e-12
V05.05,active_firms_per_1000,22,Bắc Giang,2,2019,3.24841569999464,bac giang,Bắc Giang,3.25,D26,both,0.0015843000053599177,MISMATCH,1e-12
V05.05,active_firms_per_1000,22,Bắc Giang,3,2020,3.55610040158825,bac giang,Bắc Giang,3.56,E26,both,0.003899598411750027,MISMATCH,1e-12
V05.05,active_firms_per_1000,22,Bắc Giang,4,2021,3.79525096357123,bac giang,Bắc Giang,3.8,F26,both,0.004749036428769671,MISMATCH,1e-12
V05.05,active_firms_per_1000,22,Bắc Giang,5,2022,4.17837830691328,bac giang,Bắc Giang,4.18,G26,both,0.0016216930867196666,MISMATCH,1e-12
V05.05,active_firms_per_1000,22,Bắc Giang,6,2023,4.52999365488834,bac giang,Bắc Giang,4.53,H26,both,6.345111660088776e-06,MISMATCH,1e-12
V05.05,active_firms_per_1000,22,Bắc Giang,7,2024,4.82167626432704,bac giang,Bắc Giang,4.82,I26,both,0.0016762643270400446,MISMATCH,1e-12
V05.05,active_firms_per_1000,16,Bắc Kạn,0,2017,2.12983609943108,bac kan,Bắc Kạn,2.13,B20,both,0.0001639005689200168,MISMATCH,1e-12
V05.05,active_firms_per_1000,16,Bắc Kạn,1,2018,2.12142770161575,bac kan,Bắc Kạn,2.12,C20,both,0.00142770161575001,MISMATCH,1e-12
V05.05,active_firms_per_1000,16,Bắc Kạn,2,2019,1.94670110503916,bac kan,Bắc Kạn,1.95,D20,both,0.0032988949608399043,MISMATCH,1e-12
V05.05,active_firms_per_1000,16,Bắc Kạn,3,2020,1.9022760647818,bac kan,Bắc Kạn,1.9,E20,both,0.002276064781800091,MISMATCH,1e-12
V05.05,active_firms_per_1000,16,Bắc Kạn,4,2021,2.02340452992547,bac kan,Bắc Kạn,2.02,F20,both,0.0034045299254699124,MISMATCH,1e-12
V05.05,active_firms_per_1000,16,Bắc Kạn,5,2022,2.18280700348078,bac kan,Bắc Kạn,2.18,G20,both,0.0028070034807798905,MISMATCH,1e-12
V05.05,active_firms_per_1000,16,Bắc Kạn,6,2023,2.3,bac kan,Bắc Kạn,2.3,H20,both,0.0,MATCHED,1e-12
V05.05,active_firms_per_1000,16,Bắc Kạn,7,2024,2.3,bac kan,Bắc Kạn,2.3,I20,both,0.0,MATCHED,1e-12
V05.05,active_firms_per_1000,68,Bạc Liêu,0,2017,1.76781572832449,bac lieu,Bạc Liêu,1.77,B72,both,0.002184271675510052,MISMATCH,1e-12
V05.05,active_firms_per_1000,68,Bạc Liêu,1,2018,1.97017821308491,bac lieu,Bạc Liêu,1.97,C72,both,0.00017821308490995058,MISMATCH,1e-12
V05.05,active_firms_per_1000,68,Bạc Liêu,2,2019,2.07213724110671,bac lieu,Bạc Liêu,2.07,D72,both,0.002137241106709986,MISMATCH,1e-12
V05.05,active_firms_per_1000,68,Bạc Liêu,3,2020,2.27481469236908,bac lieu,Bạc Liêu,2.27,E72,both,0.004814692369079943,MISMATCH,1e-12
V05.05,active_firms_per_1000,68,Bạc Liêu,4,2021,2.38865118507147,bac lieu,Bạc Liêu,2.39,F72,both,0.0013488149285301176,MISMATCH,1e-12
V05.05,active_firms_per_1000,68,Bạc Liêu,5,2022,2.36708472145531,bac lieu,Bạc Liêu,2.37,G72,both,0.002915278544690203,MISMATCH,1e-12
V05.05,active_firms_per_1000,68,Bạc Liêu,6,2023,2.5,bac lieu,Bạc Liêu,2.5,H72,both,0.0,MATCHED,1e-12
V05.05,active_firms_per_1000,68,Bạc Liêu,7,2024,2.5,bac lieu,Bạc Liêu,2.5,I72,both,0.0,MATCHED,1e-12
V05.05,active_firms_per_1000,4,Bắc Ninh,0,2017,4.37214219556436,bac ninh,Bắc Ninh,4.37,B8,both,0.0021421955643594615,MISMATCH,1e-12
V05.05,active_firms_per_1000,4,Bắc Ninh,1,2018,4.78410582160923,bac ninh,Bắc Ninh,4.78,C8,both,0.004105821609229565,MISMATCH,1e-12
V05.05,active_firms_per_1000,4,Bắc Ninh,2,2019,5.12769550381839,bac ninh,Bắc Ninh,5.13,D8,both,0.002304496181610105,MISMATCH,1e-12
V05.05,active_firms_per_1000,4,Bắc Ninh,3,2020,5.46674502475467,bac ninh,Bắc Ninh,5.47,E8,both,0.0032549752453299163,MISMATCH,1e-12
V05.05,active_firms_per_1000,4,Bắc Ninh,4,2021,9.53145880398785,bac ninh,Bắc Ninh,9.53,F8,both,0.0014588039878500325,MISMATCH,1e-12
V05.05,active_firms_per_1000,4,Bắc Ninh,5,2022,10.00772719637158,bac ninh,Bắc Ninh,10.01,G8,both,0.0022728036284203057,MISMATCH,1e-12
V05.05,active_firms_per_1000,4,Bắc Ninh,6,2023,10.88543145993815,bac ninh,Bắc Ninh,10.89,H8,both,0.004568540061850257,MISMATCH,1e-12
V05.05,active_firms_per_1000,4,Bắc Ninh,7,2024,11.71607807904884,bac ninh,Bắc Ninh,11.72,I8,both,0.003921920951160729,MISMATCH,1e-12
V05.05,active_firms_per_1000,28,Bắc Trung Bộ và duyên hải miền Trung,0,2017,4.4223810518251,bac trung bo va duyen hai mien trung,Bắc Trung Bộ và duyên hải miền Trung,4.42,B32,both,0.0023810518251004,MISMATCH,1e-12
V05.05,active_firms_per_1000,28,Bắc Trung Bộ và duyên hải miền Trung,1,2018,4.75766351611737,bac trung bo va duyen hai mien trung,Bắc Trung Bộ và duyên hải miền Trung,4.76,C32,both,0.0023364838826296364,MISMATCH,1e-12
V05.05,active_firms_per_1000,28,Bắc Trung Bộ và duyên hải miền Trung,2,2019,4.98135250656614,bac trung bo va duyen hai mien trung,Bắc Trung Bộ và duyên hải miền Trung,4.98,D32,both,0.0013525065661399438,MISMATCH,1e-12
V05.05,active_firms_per_1000,28,Bắc Trung Bộ và duyên hải miền Trung,3,2020,5.26751533611432,bac trung bo va duyen hai mien trung,Bắc Trung Bộ và duyên hải miền Trung,5.27,E32,both,0.0024846638856796943,MISMATCH,1e-12
V05.05,active_firms_per_1000,28,Bắc Trung Bộ và duyên hải miền Trung,4,2021,5.43354427231687,bac trung bo va duyen hai mien trung,Bắc Trung Bộ và duyên hải miền Trung,5.43,F32,both,0.003544272316870156,MISMATCH,1e-12
V05.05,active_firms_per_1000,28,Bắc Trung Bộ và duyên hải miền Trung,5,2022,5.70914833650519,bac trung bo va duyen hai mien trung,Bắc Trung Bộ và duyên hải miền Trung,5.71,G32,both,0.0008516634948101398,MISMATCH,1e-12
V05.05,active_firms_per_1000,28,Bắc Trung Bộ và duyên hải miền Trung,6,2023,5.9,bac trung bo va duyen hai mien trung,Bắc Trung Bộ và duyên hải miền Trung,5.9,H32,both,0.0,MATCHED,1e-12
V05.05,active_firms_per_1000,28,Bắc Trung Bộ và duyên hải miền Trung,7,2024,5.9,bac trung bo va duyen hai mien trung,Bắc Trung Bộ và duyên hải miền Trung,5.9,I32,both,0.0,MATCHED,1e-12
V05.05,active_firms_per_1000,59,Bến Tre,0,2017,2.28081379436183,ben tre,Bến Tre,2.28,B63,both,0.0008137943618300447,MISMATCH,1e-12
V05.05,active_firms_per_1000,59,Bến Tre,1,2018,2.46430107242588,ben tre,Bến Tre,2.46,C63,both,0.004301072425879848,MISMATCH,1e-12
V05.05,active_firms_per_1000,59,Bến Tre,2,2019,2.37763149116669,ben tre,Bến Tre,2.38,D63,both,0.002368508833309857,MISMATCH,1e-12
V05.05,active_firms_per_1000,59,Bến Tre,3,2020,2.57351208389699,ben tre,Bến Tre,2.57,E63,both,0.0035120838969899815,MISMATCH,1e-12
V05.05,active_firms_per_1000,59,Bến Tre,4,2021,2.68039409058263,ben tre,Bến Tre,2.68,F63,both,0.00039409058262984686,MISMATCH,1e-12
V05.05,active_firms_per_1000,59,Bến Tre,5,2022,2.75191331935292,ben tre,Bến Tre,2.75,G63,both,0.001913319352920162,MISMATCH,1e-12
V05.05,active_firms_per_1000,59,Bến Tre,6,2023,3.0,ben tre,Bến Tre,3.0,H63,both,0.0,MATCHED,1e-12
V05.05,active_firms_per_1000,59,Bến Tre,7,2024,3.0,ben tre,Bến Tre,3.0,I63,both,0.0,MATCHED,1e-12
V05.05,active_firms_per_1000,38,Bình Định,0,2017,3.959753152309,binh dinh,Bình Định,3.96,B42,both,0.0002468476909998074,MISMATCH,1e-12
V05.05,active_firms_per_1000,38,Bình Định,1,2018,4.1673080064069,binh dinh,Bình Định,4.17,C42,both,0.002691993593099795,MISMATCH,1e-12
V05.05,active_firms_per_1000,38,Bình Định,2,2019,4.29757154273678,binh dinh,Bình Định,4.3,D42,both,0.0024284572632193857,MISMATCH,1e-12
V05.05,active_firms_per_1000,38,Bình Định,3,2020,4.53120855144382,binh dinh,Bình Định,4.53,E42,both,0.0012085514438195943,MISMATCH,1e-12
V05.05,active_firms_per_1000,38,Bình Định,4,2021,4.67937217649812,binh dinh,Bình Định,4.68,F42,both,0.0006278235018797318,MISMATCH,1e-12
V05.05,active_firms_per_1000,38,Bình Định,5,2022,5.14862542669773,binh dinh,Bình Định,5.15,G42,both,0.001374573302270754,MISMATCH,1e-12
V05.05,active_firms_per_1000,38,Bình Định,6,2023,5.4,binh dinh,Bình Định,5.4,H42,both,0.0,MATCHED,1e-12
V05.05,active_firms_per_1000,38,Bình Định,7,2024,5.5,binh dinh,Bình Định,5.5,I42,both,0.0,MATCHED,1e-12
V05.05,active_firms_per_1000,52,Bình Dương,0,2017,10.31630502425966,binh duong,Bình Dương,10.32,B56,both,0.003694975740339501,MISMATCH,1e-12
V05.05,active_firms_per_1000,52,Bình Dương,1,2018,11.75430158145374,binh duong,Bình Dương,11.75,C56,both,0.004301581453740155,MISMATCH,1e-12
V05.05,active_firms_per_1000,52,Bình Dương,2,2019,12.86437144361136,binh duong,Bình Dương,12.86,D56,both,0.004371443611359993,MISMATCH,1e-12
V05.05,active_firms_per_1000,52,Bình Dương,3,2020,13.49944779213733,binh duong,Bình Dương,13.5,E56,both,0.0005522078626700733,MISMATCH,1e-12
V05.05,active_firms_per_1000,52,Bình Dương,4,2021,14.50562907595354,binh duong,Bình Dương,14.51,F56,both,0.004370924046460445,MISMATCH,1e-12
V05.05,active_firms_per_1000,52,Bình Dương,5,2022,14.74273322514661,binh duong,Bình Dương,14.74,G56,both,0.0027332251466098967,MISMATCH,1e-12
V05.05,active_firms_per_1000,52,Bình Dương,6,2023,15.3,binh duong,Bình Dương,15.3,H56,both,0.0,MATCHED,1e-12
V05.05,active_firms_per_1000,52,Bình Dương,7,2024,15.8,binh duong,Bình Dương,15.8,I56,both,0.0,MATCHED,1e-12
V05.05,active_firms_per_1000,50,Bình Phước,0,2017,4.15994077790687,binh phuoc,Bình Phước,4.16,B54,both,5.922209312991811e-05,MISMATCH,1e-12
V05.05,active_firms_per_1000,50,Bình Phước,1,2018,4.53950107116386,binh phuoc,Bình Phước,4.54,C54,both,0.0004989288361398891,MISMATCH,1e-12
V05.05,active_firms_per_1000,50,Bình Phước,2,2019,5.11943682186004,binh phuoc,Bình Phước,5.12,D54,both,0.0005631781399602076,MISMATCH,1e-12
V05.05,active_firms_per_1000,50,Bình Phước,3,2020,5.76712402236081,binh phuoc,Bình Phước,5.77,E54,both,0.002875977639189564,MISMATCH,1e-12
V05.05,active_firms_per_1000,50,Bình Phước,4,2021,6.06862347881693,binh phuoc,Bình Phước,6.07,F54,both,0.0013765211830705226,MISMATCH,1e-12
V05.05,active_firms_per_1000,50,Bình Phước,5,2022,6.39336134234493,binh phuoc,Bình Phước,6.39,G54,both,0.0033613423449301294,MISMATCH,1e-12
V05.05,active_firms_per_1000,50,Bình Phước,6,2023,6.7,binh phuoc,Bình Phước,6.7,H54,both,0.0,MATCHED,1e-12
V05.05,active_firms_per_1000,50,Bình Phước,7,2024,6.7,binh phuoc,Bình Phước,6.7,I54,both,0.0,MATCHED,1e-12
V05.05,active_firms_per_1000,42,Bình Thuận,0,2017,3.42655721129699,binh thuan,Bình Thuận,3.43,B46,both,0.00344278870301018,MISMATCH,1e-12
V05.05,active_firms_per_1000,42,Bình Thuận,1,2018,3.63001102447793,binh thuan,Bình Thuận,3.63,C46,both,1.1024477930110521e-05,MISMATCH,1e-12
V05.05,active_firms_per_1000,42,Bình Thuận,2,2019,3.9301547473072,binh thuan,Bình Thuận,3.93,D46,both,0.00015474730719988727,MISMATCH,1e-12
V05.05,active_firms_per_1000,42,Bình Thuận,3,2020,4.21220557801353,binh thuan,Bình Thuận,4.21,E46,both,0.002205578013530385,MISMATCH,1e-12
V05.05,active_firms_per_1000,42,Bình Thuận,4,2021,4.38575953382715,binh thuan,Bình Thuận,4.39,F46,both,0.004240466172849899,MISMATCH,1e-12
V05.05,active_firms_per_1000,42,Bình Thuận,5,2022,4.64036752349735,binh thuan,Bình Thuận,4.64,G46,both,0.0003675234973501418,MISMATCH,1e-12
V05.05,active_firms_per_1000,42,Bình Thuận,6,2023,4.7,binh thuan,Bình Thuận,4.7,H46,both,0.0,MATCHED,1e-12
V05.05,active_firms_per_1000,42,Bình Thuận,7,2024,4.7,binh thuan,Bình Thuận,4.7,I46,both,0.0,MATCHED,1e-12
V05.05,active_firms_per_1000,69,Cà Mau,0,2017,2.84048425243885,ca mau,Cà Mau,2.84,B73,both,0.0004842524388499747,MISMATCH,1e-12
V05.05,active_firms_per_1000,69,Cà Mau,1,2018,2.84887655063447,ca mau,Cà Mau,2.85,C73,both,0.0011234493655298827,MISMATCH,1e-12
V05.05,active_firms_per_1000,69,Cà Mau,2,2019,2.8519251331973,ca mau,Cà Mau,2.85,D73,both,0.001925133197299811,MISMATCH,1e-12
V05.05,active_firms_per_1000,69,Cà Mau,3,2020,2.99272809488946,ca mau,Cà Mau,2.99,E73,both,0.002728094889459687,MISMATCH,1e-12
V05.05,active_firms_per_1000,69,Cà Mau,4,2021,3.02708942305741,ca mau,Cà Mau,3.03,F73,both,0.002910576942589671,MISMATCH,1e-12
V05.05,active_firms_per_1000,69,Cà Mau,5,2022,3.1814459265982,ca mau,Cà Mau,3.18,G73,both,0.0014459265981998648,MISMATCH,1e-12
V05.05,active_firms_per_1000,69,Cà Mau,6,2023,3.2,ca mau,Cà Mau,3.2,H73,both,0.0,MATCHED,1e-12
V05.05,active_firms_per_1000,69,Cà Mau,7,2024,3.1,ca mau,Cà Mau,3.1,I73,both,0.0,MATCHED,1e-12
V05.05,active_firms_per_1000,0,CẢ NƯỚC,0,2017,6.94305984143916,ca nuoc,CẢ NƯỚC,6.94,B4,both,0.003059841439159605,MISMATCH,1e-12
V05.05,active_firms_per_1000,0,CẢ NƯỚC,1,2018,7.49335452348658,ca nuoc,CẢ NƯỚC,7.49,C4,both,0.003354523486580163,MISMATCH,1e-12
V05.05,active_firms_per_1000,0,CẢ NƯỚC,2,2019,7.86254870640132,ca nuoc,CẢ NƯỚC,7.86,D4,both,0.002548706401319656,MISMATCH,1e-12
V05.05,active_firms_per_1000,0,CẢ NƯỚC,3,2020,8.31641318125473,ca nuoc,CẢ NƯỚC,8.32,E4,both,0.003586818745271003,MISMATCH,1e-12
V05.05,active_firms_per_1000,0,CẢ NƯỚC,4,2021,8.7057109049703,ca nuoc,CẢ NƯỚC,8.71,F4,both,0.0042890950297014285,MISMATCH,1e-12
V05.05,active_firms_per_1000,0,CẢ NƯỚC,5,2022,9.00724464684728,ca nuoc,CẢ NƯỚC,9.01,G4,both,0.0027553531527200192,MISMATCH,1e-12
V05.05,active_firms_per_1000,0,CẢ NƯỚC,6,2023,9.2,ca nuoc,CẢ NƯỚC,9.2,H4,both,0.0,MATCHED,1e-12
V05.05,active_firms_per_1000,0,CẢ NƯỚC,7,2024,9.3,ca nuoc,CẢ NƯỚC,9.3,I4,both,0.0,MATCHED,1e-12
V05.05,active_firms_per_1000,65,Cần Thơ,0,2017,6.106754078191,can tho,Cần Thơ,6.11,B69,both,0.003245921809000407,MISMATCH,1e-12
V05.05,active_firms_per_1000,65,Cần Thơ,1,2018,6.37266400813199,can tho,Cần Thơ,6.37,C69,both,0.002664008131989526,MISMATCH,1e-12
V05.05,active_firms_per_1000,65,Cần Thơ,2,2019,6.8538149478055,can tho,Cần Thơ,6.85,D69,both,0.0038149478055000685,MISMATCH,1e-12
V05.05,active_firms_per_1000,65,Cần Thơ,3,2020,7.32471422089075,can tho,Cần Thơ,7.32,E69,both,0.0047142208907500205,MISMATCH,1e-12
V05.05,active_firms_per_1000,65,Cần Thơ,4,2021,7.71616145818344,can tho,Cần Thơ,7.72,F69,both,0.0038385418165596263,MISMATCH,1e-12
V05.05,active_firms_per_1000,65,Cần Thơ,5,2022,8.03291098001514,can tho,Cần Thơ,8.03,G69,both,0.002910980015141007,MISMATCH,1e-12
V05.05,active_firms_per_1000,65,Cần Thơ,6,2023,8.3,can tho,Cần Thơ,8.3,H69,both,0.0,MATCHED,1e-12
V05.05,active_firms_per_1000,65,Cần Thơ,7,2024,8.5,can tho,Cần Thơ,8.5,I69,both,0.0,MATCHED,1e-12
V05.05,active_firms_per_1000,15,Cao Bằng,0,2017,1.79515138160169,cao bang,Cao Bằng,1.8,B19,both,0.004848618398310078,MISMATCH,1e-12
V05.05,active_firms_per_1000,15,Cao Bằng,1,2018,1.88780605913865,cao bang,Cao Bằng,1.89,C19,both,0.00219394086134983,MISMATCH,1e-12
V05.05,active_firms_per_1000,15,Cao Bằng,2,2019,2.00996127009961,cao bang,Cao Bằng,2.01,D19,both,3.872990038988888e-05,MISMATCH,1e-12
V05.05,active_firms_per_1000,15,Cao Bằng,3,2020,2.15162589055658,cao bang,Cao Bằng,2.15,E19,both,0.001625890556580245,MISMATCH,1e-12
V05.05,active_firms_per_1000,15,Cao Bằng,4,2021,2.1799390281013,cao bang,Cao Bằng,2.18,F19,both,6.0971898700135085e-05,MISMATCH,1e-12
V05.05,active_firms_per_1000,15,Cao Bằng,5,2022,2.25024491208945,cao bang,Cao Bằng,2.25,G19,both,0.0002449120894501,MISMATCH,1e-12
V05.05,active_firms_per_1000,15,Cao Bằng,6,2023,2.3,cao bang,Cao Bằng,2.3,H19,both,0.0,MATCHED,1e-12
V05.05,active_firms_per_1000,15,Cao Bằng,7,2024,2.2,cao bang,Cao Bằng,2.2,I19,both,0.0,MATCHED,1e-12
V05.05,active_firms_per_1000,35,Đà Nẵng,0,2017,16.7766618842659,da nang,Đà Nẵng,16.78,B39,both,0.003338115734102587,MISMATCH,1e-12
V05.05,active_firms_per_1000,35,Đà Nẵng,1,2018,18.28393902900842,da nang,Đà Nẵng,18.28,C39,both,0.003939029008417805,MISMATCH,1e-12
V05.05,active_firms_per_1000,35,Đà Nẵng,2,2019,19.7752218205718,da nang,Đà Nẵng,19.78,D39,both,0.0047781794282002465,MISMATCH,1e-12
V05.05,active_firms_per_1000,35,Đà Nẵng,3,2020,20.23634435817628,da nang,Đà Nẵng,20.24,E39,both,0.003655641823719691,MISMATCH,1e-12
V05.05,active_firms_per_1000,35,Đà Nẵng,4,2021,20.66352819936294,da nang,Đà Nẵng,20.66,F39,both,0.003528199362939688,MISMATCH,1e-12
V05.05,active_firms_per_1000,35,Đà Nẵng,5,2022,20.83205279190813,da nang,Đà Nẵng,20.83,G39,both,0.002052791908131013,MISMATCH,1e-12
V05.05,active_firms_per_1000,35,Đà Nẵng,6,2023,20.7,da nang,Đà Nẵng,20.7,H39,both,0.0,MATCHED,1e-12
V05.05,active_firms_per_1000,35,Đà Nẵng,7,2024,19.9,da nang,Đà Nẵng,19.9,I39,both,0.0,MATCHED,1e-12
V05.05,active_firms_per_1000,46,Đắk Lắk,0,2017,2.77196194808016,dak lak,Đắk Lắk,2.77,B50,both,0.0019619480801598144,MISMATCH,1e-12
V05.05,active_firms_per_1000,46,Đắk Lắk,1,2018,2.94007363882595,dak lak,Đắk Lắk,2.94,C50,both,7.363882594990656e-05,MISMATCH,1e-12
V05.05,active_firms_per_1000,46,Đắk Lắk,2,2019,3.175842450018,dak lak,Đắk Lắk,3.18,D50,both,0.0041575499820001305,MISMATCH,1e-12
V05.05,active_firms_per_1000,46,Đắk Lắk,3,2020,3.58570537769577,dak lak,Đắk Lắk,3.59,E50,both,0.004294622304229723,MISMATCH,1e-12
V05.05,active_firms_per_1000,46,Đắk Lắk,4,2021,3.7124158872089,dak lak,Đắk Lắk,3.71,F50,both,0.0024158872089001804,MISMATCH,1e-12
V05.05,active_firms_per_1000,46,Đắk Lắk,5,2022,3.84322678843227,dak lak,Đắk Lắk,3.84,G50,both,0.003226788432270311,MISMATCH,1e-12
V05.05,active_firms_per_1000,46,Đắk Lắk,6,2023,4.0,dak lak,Đắk Lắk,4.0,H50,both,0.0,MATCHED,1e-12
V05.05,active_firms_per_1000,46,Đắk Lắk,7,2024,4.2,dak lak,Đắk Lắk,4.2,I50,both,0.0,MATCHED,1e-12
V05.05,active_firms_per_1000,47,Đắk Nông,0,2017,3.08154182895459,dak nong,Đắk Nông,3.08,B51,both,0.0015418289545898745,MISMATCH,1e-12
V05.05,active_firms_per_1000,47,Đắk Nông,1,2018,3.17831724675831,dak nong,Đắk Nông,3.18,C51,both,0.0016827532416900937,MISMATCH,1e-12
V05.05,active_firms_per_1000,47,Đắk Nông,2,2019,3.18940529415712,dak nong,Đắk Nông,3.19,D51,both,0.0005947058428801277,MISMATCH,1e-12
V05.05,active_firms_per_1000,47,Đắk Nông,3,2020,3.4816991761089,dak nong,Đắk Nông,3.48,E51,both,0.0016991761088998025,MISMATCH,1e-12
V05.05,active_firms_per_1000,47,Đắk Nông,4,2021,3.5534942835216,dak nong,Đắk Nông,3.55,F51,both,0.0034942835216003054,MISMATCH,1e-12
V05.05,active_firms_per_1000,47,Đắk Nông,5,2022,3.8266637636118,dak nong,Đắk Nông,3.83,G51,both,0.003336236388200131,MISMATCH,1e-12
V05.05,active_firms_per_1000,47,Đắk Nông,6,2023,3.9,dak nong,Đắk Nông,3.9,H51,both,0.0,MATCHED,1e-12
V05.05,active_firms_per_1000,47,Đắk Nông,7,2024,4.0,dak nong,Đắk Nông,4.0,I51,both,0.0,MATCHED,1e-12
V05.05,active_firms_per_1000,24,Điện Biên,0,2017,1.74322171536469,dien bien,Điện Biên,1.74,B28,both,0.00322171536469007,MISMATCH,1e-12
V05.05,active_firms_per_1000,24,Điện Biên,1,2018,1.73745762195225,dien bien,Điện Biên,1.74,C28,both,0.002542378047750038,MISMATCH,1e-12
V05.05,active_firms_per_1000,24,Điện Biên,2,2019,1.7318780239305,dien bien,Điện Biên,1.73,D28,both,0.0018780239305000723,MISMATCH,1e-12
V05.05,active_firms_per_1000,24,Điện Biên,3,2020,1.74088834125041,dien bien,Điện Biên,1.74,E28,both,0.0008883412504099297,MISMATCH,1e-12
V05.05,active_firms_per_1000,24,Điện Biên,4,2021,1.72135487906522,dien bien,Điện Biên,1.72,F28,both,0.001354879065220027,MISMATCH,1e-12
V05.05,active_firms_per_1000,24,Điện Biên,5,2022,1.74925826086819,dien bien,Điện Biên,1.75,G28,both,0.0007417391318100819,MISMATCH,1e-12
V05.05,active_firms_per_1000,24,Điện Biên,6,2023,1.77968436137187,dien bien,Điện Biên,1.78,H28,both,0.00031563862812999943,MISMATCH,1e-12
V05.05,active_firms_per_1000,24,Điện Biên,7,2024,1.76182210640954,dien bien,Điện Biên,1.76,I28,both,0.0018221064095400585,MISMATCH,1e-12
V05.05,active_firms_per_1000,56,Đồng bằng sông Cửu Long,0,2017,2.88052316328597,dong bang song cuu long,Đồng bằng sông Cửu Long,2.88,B60,both,0.0005231632859699076,MISMATCH,1e-12
V05.05,active_firms_per_1000,56,Đồng bằng sông Cửu Long,1,2018,3.07129330880033,dong bang song cuu long,Đồng bằng sông Cửu Long,3.07,C60,both,0.001293308800330184,MISMATCH,1e-12
V05.05,active_firms_per_1000,56,Đồng bằng sông Cửu Long,2,2019,3.18756077681844,dong bang song cuu long,Đồng bằng sông Cửu Long,3.19,D60,both,0.0024392231815597576,MISMATCH,1e-12
V05.05,active_firms_per_1000,56,Đồng bằng sông Cửu Long,3,2020,3.43285023027088,dong bang song cuu long,Đồng bằng sông Cửu Long,3.43,E60,both,0.0028502302708797167,MISMATCH,1e-12
V05.05,active_firms_per_1000,56,Đồng bằng sông Cửu Long,4,2021,3.56605416613202,dong bang song cuu long,Đồng bằng sông Cửu Long,3.57,F60,both,0.003945833867979864,MISMATCH,1e-12
V05.05,active_firms_per_1000,56,Đồng bằng sông Cửu Long,5,2022,3.7453894680153,dong bang song cuu long,Đồng bằng sông Cửu Long,3.75,G60,both,0.0046105319846998505,MISMATCH,1e-12
V05.05,active_firms_per_1000,56,Đồng bằng sông Cửu Long,6,2023,3.9,dong bang song cuu long,Đồng bằng sông Cửu Long,3.9,H60,both,0.0,MATCHED,1e-12
V05.05,active_firms_per_1000,56,Đồng bằng sông Cửu Long,7,2024,4.0,dong bang song cuu long,Đồng bằng sông Cửu Long,4.0,I60,both,0.0,MATCHED,1e-12
V05.05,active_firms_per_1000,1,Đồng bằng sông Hồng,0,2017,9.43964489717904,dong bang song hong,Đồng bằng sông Hồng,9.44,B5,both,0.00035510282095962964,MISMATCH,1e-12
V05.05,active_firms_per_1000,1,Đồng bằng sông Hồng,1,2018,9.97382501240649,dong bang song hong,Đồng bằng sông Hồng,9.97,C5,both,0.0038250124064891367,MISMATCH,1e-12
V05.05,active_firms_per_1000,1,Đồng bằng sông Hồng,2,2019,10.53863174708769,dong bang song hong,Đồng bằng sông Hồng,10.54,D5,both,0.0013682529123091314,MISMATCH,1e-12
V05.05,active_firms_per_1000,1,Đồng bằng sông Hồng,3,2020,11.05684815865638,dong bang song hong,Đồng bằng sông Hồng,11.06,E5,both,0.003151841343621342,MISMATCH,1e-12
V05.05,active_firms_per_1000,1,Đồng bằng sông Hồng,4,2021,11.62481984318989,dong bang song hong,Đồng bằng sông Hồng,11.62,F5,both,0.004819843189890705,MISMATCH,1e-12
V05.05,active_firms_per_1000,1,Đồng bằng sông Hồng,5,2022,12.12158137599005,dong bang song hong,Đồng bằng sông Hồng,12.12,G5,both,0.0015813759900513702,MISMATCH,1e-12
V05.05,active_firms_per_1000,1,Đồng bằng sông Hồng,6,2023,12.4,dong bang song hong,Đồng bằng sông Hồng,12.4,H5,both,0.0,MATCHED,1e-12
V05.05,active_firms_per_1000,1,Đồng bằng sông Hồng,7,2024,12.8,dong bang song hong,Đồng bằng sông Hồng,12.8,I5,both,0.0,MATCHED,1e-12
V05.05,active_firms_per_1000,53,Đồng Nai,0,2017,6.27816897775834,dong nai,Đồng Nai,6.28,B57,both,0.0018310222416602073,MISMATCH,1e-12
V05.05,active_firms_per_1000,53,Đồng Nai,1,2018,6.93367689124605,dong nai,Đồng Nai,6.93,C57,both,0.0036768912460498626,MISMATCH,1e-12
V05.05,active_firms_per_1000,53,Đồng Nai,2,2019,7.19334119747067,dong nai,Đồng Nai,7.19,D57,both,0.0033411974706698544,MISMATCH,1e-12
V05.05,active_firms_per_1000,53,Đồng Nai,3,2020,7.63831815169392,dong nai,Đồng Nai,7.64,E57,both,0.0016818483060800915,MISMATCH,1e-12
V05.05,active_firms_per_1000,53,Đồng Nai,4,2021,7.90602261901869,dong nai,Đồng Nai,7.91,F57,both,0.003977380981310397,MISMATCH,1e-12
V05.05,active_firms_per_1000,53,Đồng Nai,5,2022,7.93874082178115,dong nai,Đồng Nai,7.94,G57,both,0.0012591782188504652,MISMATCH,1e-12
V05.05,active_firms_per_1000,53,Đồng Nai,6,2023,8.0,dong nai,Đồng Nai,8.0,H57,both,0.0,MATCHED,1e-12
V05.05,active_firms_per_1000,53,Đồng Nai,7,2024,8.2,dong nai,Đồng Nai,8.2,I57,both,0.0,MATCHED,1e-12
V05.05,active_firms_per_1000,49,Đông Nam Bộ,0,2017,15.37572993217311,dong nam bo,Đông Nam Bộ,15.38,B53,both,0.004270067826890767,MISMATCH,1e-12
V05.05,active_firms_per_1000,49,Đông Nam Bộ,1,2018,16.82734919499557,dong nam bo,Đông Nam Bộ,16.83,C53,both,0.0026508050044284914,MISMATCH,1e-12
V05.05,active_firms_per_1000,49,Đông Nam Bộ,2,2019,17.4465352296801,dong nam bo,Đông Nam Bộ,17.45,D53,both,0.003464770319897781,MISMATCH,1e-12
V05.05,active_firms_per_1000,49,Đông Nam Bộ,3,2020,18.25960759368529,dong nam bo,Đông Nam Bộ,18.26,E53,both,0.00039240631471315623,MISMATCH,1e-12
V05.05,active_firms_per_1000,49,Đông Nam Bộ,4,2021,19.29331209738202,dong nam bo,Đông Nam Bộ,19.29,F53,both,0.0033120973820217614,MISMATCH,1e-12
V05.05,active_firms_per_1000,49,Đông Nam Bộ,5,2022,19.3574775552746,dong nam bo,Đông Nam Bộ,19.36,G53,both,0.002522444725400419,MISMATCH,1e-12
V05.05,active_firms_per_1000,49,Đông Nam Bộ,6,2023,19.3,dong nam bo,Đông Nam Bộ,19.3,H53,both,0.0,MATCHED,1e-12
V05.05,active_firms_per_1000,49,Đông Nam Bộ,7,2024,19.1,dong nam bo,Đông Nam Bộ,19.1,I53,both,0.0,MATCHED,1e-12
V05.05,active_firms_per_1000,62,Đồng Tháp,0,2017,1.88652449722138,dong thap,Đồng Tháp,1.89,B66,both,0.0034755027786199655,MISMATCH,1e-12
V05.05,active_firms_per_1000,62,Đồng Tháp,1,2018,2.03353654170524,dong thap,Đồng Tháp,2.03,C66,both,0.0035365417052402037,MISMATCH,1e-12
V05.05,active_firms_per_1000,62,Đồng Tháp,2,2019,2.12915808185625,dong thap,Đồng Tháp,2.13,D66,both,0.0008419181437497869,MISMATCH,1e-12
V05.05,active_firms_per_1000,62,Đồng Tháp,3,2020,2.25685458319946,dong thap,Đồng Tháp,2.26,E66,both,0.003145416800539813,MISMATCH,1e-12
V05.05,active_firms_per_1000,62,Đồng Tháp,4,2021,2.32123029577108,dong thap,Đồng Tháp,2.32,F66,both,0.0012302957710801365,MISMATCH,1e-12
V05.05,active_firms_per_1000,62,Đồng Tháp,5,2022,2.49036039920758,dong thap,Đồng Tháp,2.49,G66,both,0.0003603992075795759,MISMATCH,1e-12
V05.05,active_firms_per_1000,62,Đồng Tháp,6,2023,2.6,dong thap,Đồng Tháp,2.6,H66,both,0.0,MATCHED,1e-12
V05.05,active_firms_per_1000,62,Đồng Tháp,7,2024,2.7,dong thap,Đồng Tháp,2.7,I66,both,0.0,MATCHED,1e-12
V05.05,active_firms_per_1000,45,Gia Lai,0,2017,2.37042644529979,gia lai,Gia Lai,2.37,B49,both,0.00042644529978996815,MISMATCH,1e-12
V05.05,active_firms_per_1000,45,Gia Lai,1,2018,2.41434620427468,gia lai,Gia Lai,2.41,C49,both,0.004346204274679799,MISMATCH,1e-12
V05.05,active_firms_per_1000,45,Gia Lai,2,2019,2.54645085534041,gia lai,Gia Lai,2.55,D49,both,0.0035491446595896647,MISMATCH,1e-12
V05.05,active_firms_per_1000,45,Gia Lai,3,2020,2.91990805025659,gia lai,Gia Lai,2.92,E49,both,9.19497434099803e-05,MISMATCH,1e-12
V05.05,active_firms_per_1000,45,Gia Lai,4,2021,3.08143925581134,gia lai,Gia Lai,3.08,F49,both,0.0014392558113400788,MISMATCH,1e-12
V05.05,active_firms_per_1000,45,Gia Lai,5,2022,3.2923083305206,gia lai,Gia Lai,3.29,G49,both,0.002308330520599977,MISMATCH,1e-12
V05.05,active_firms_per_1000,45,Gia Lai,6,2023,3.4,gia lai,Gia Lai,3.4,H49,both,0.0,MATCHED,1e-12
V05.05,active_firms_per_1000,45,Gia Lai,7,2024,3.4,gia lai,Gia Lai,3.4,I49,both,0.0,MATCHED,1e-12
V05.05,active_firms_per_1000,14,Hà Giang,0,2017,1.3626135311362,ha giang,Hà Giang,1.36,B18,both,0.002613531136199887,MISMATCH,1e-12
V05.05,active_firms_per_1000,14,Hà Giang,1,2018,1.34430989532575,ha giang,Hà Giang,1.34,C18,both,0.0043098953257498795,MISMATCH,1e-12
V05.05,active_firms_per_1000,14,Hà Giang,2,2019,1.35999561818036,ha giang,Hà Giang,1.36,D18,both,4.381819640020268e-06,MISMATCH,1e-12
V05.05,active_firms_per_1000,14,Hà Giang,3,2020,1.40650928662031,ha giang,Hà Giang,1.41,E18,both,0.0034907133796899803,MISMATCH,1e-12
V05.05,active_firms_per_1000,14,Hà Giang,4,2021,1.406853450511,ha giang,Hà Giang,1.41,F18,both,0.00314654948899995,MISMATCH,1e-12
V05.05,active_firms_per_1000,14,Hà Giang,5,2022,1.42597423836957,ha giang,Hà Giang,1.43,G18,both,0.004025761630430003,MISMATCH,1e-12
V05.05,active_firms_per_1000,14,Hà Giang,6,2023,1.6,ha giang,Hà Giang,1.6,H18,both,0.0,MATCHED,1e-12
V05.05,active_firms_per_1000,14,Hà Giang,7,2024,1.6,ha giang,Hà Giang,1.6,I18,both,0.0,MATCHED,1e-12
V05.05,active_firms_per_1000,10,Hà Nam,0,2017,3.99161665237687,ha nam,Hà Nam,3.99,B14,both,0.0016166523768696983,MISMATCH,1e-12
V05.05,active_firms_per_1000,10,Hà Nam,1,2018,4.42785523474952,ha nam,Hà Nam,4.43,C14,both,0.0021447652504793524,MISMATCH,1e-12
V05.05,active_firms_per_1000,10,Hà Nam,2,2019,4.80415322264471,ha nam,Hà Nam,4.8,D14,both,0.004153222644710297,MISMATCH,1e-12
V05.05,active_firms_per_1000,10,Hà Nam,3,2020,5.21795443541445,ha nam,Hà Nam,5.22,E14,both,0.0020455645855497195,MISMATCH,1e-12
V05.05,active_firms_per_1000,10,Hà Nam,4,2021,5.48436071404222,ha nam,Hà Nam,5.48,F14,both,0.004360714042219271,MISMATCH,1e-12
V05.05,active_firms_per_1000,10,Hà Nam,5,2022,5.86297850241216,ha nam,Hà Nam,5.86,G14,both,0.0029785024121595782,MISMATCH,1e-12
V05.05,active_firms_per_1000,10,Hà Nam,6,2023,6.12136166715957,ha nam,Hà Nam,6.12,H14,both,0.001361667159569535,MISMATCH,1e-12
V05.05,active_firms_per_1000,10,Hà Nam,7,2024,6.50626527177468,ha nam,Hà Nam,6.51,I14,both,0.003734728225319728,MISMATCH,1e-12
V05.05,active_firms_per_1000,2,Hà Nội,0,2017,17.30531472498472,ha noi,Hà Nội,17.31,B6,both,0.004685275015280155,MISMATCH,1e-12
V05.05,active_firms_per_1000,2,Hà Nội,1,2018,18.08317281541376,ha noi,Hà Nội,18.08,C6,both,0.0031728154137624642,MISMATCH,1e-12
V05.05,active_firms_per_1000,2,Hà Nội,2,2019,19.26638250996956,ha noi,Hà Nội,19.27,D6,both,0.0036174900304395408,MISMATCH,1e-12
V05.05,active_firms_per_1000,2,Hà Nội,3,2020,20.1143501564281,ha noi,Hà Nội,20.11,E6,both,0.004350156428099439,MISMATCH,1e-12
V05.05,active_firms_per_1000,2,Hà Nội,4,2021,21.42558551637694,ha noi,Hà Nội,21.43,F6,both,0.004414483623058629,MISMATCH,1e-12
V05.05,active_firms_per_1000,2,Hà Nội,5,2022,22.16864801914541,ha noi,Hà Nội,22.17,G6,both,0.0013519808545900958,MISMATCH,1e-12
V05.05,active_firms_per_1000,2,Hà Nội,6,2023,22.38211098742401,ha noi,Hà Nội,22.38,H6,both,0.002110987424011057,MISMATCH,1e-12
V05.05,active_firms_per_1000,2,Hà Nội,7,2024,22.57907426743093,ha noi,Hà Nội,22.58,I6,both,0.0009257325690690266,MISMATCH,1e-12
V05.05,active_firms_per_1000,31,Hà Tĩnh,0,2017,3.26940236486248,ha tinh,Hà Tĩnh,3.27,B35,both,0.0005976351375198696,MISMATCH,1e-12
V05.05,active_firms_per_1000,31,Hà Tĩnh,1,2018,3.47360784310663,ha tinh,Hà Tĩnh,3.47,C35,both,0.003607843106629982,MISMATCH,1e-12
V05.05,active_firms_per_1000,31,Hà Tĩnh,2,2019,3.53028801104891,ha tinh,Hà Tĩnh,3.53,D35,both,0.0002880110489100751,MISMATCH,1e-12
V05.05,active_firms_per_1000,31,Hà Tĩnh,3,2020,3.72969145980864,ha tinh,Hà Tĩnh,3.73,E35,both,0.0003085401913600627,MISMATCH,1e-12
V05.05,active_firms_per_1000,31,Hà Tĩnh,4,2021,3.95645270265908,ha tinh,Hà Tĩnh,3.96,F35,both,0.0035472973409200748,MISMATCH,1e-12
V05.05,active_firms_per_1000,31,Hà Tĩnh,5,2022,4.217865347154,ha tinh,Hà Tĩnh,4.22,G35,both,0.002134652845999341,MISMATCH,1e-12
V05.05,active_firms_per_1000,31,Hà Tĩnh,6,2023,4.4,ha tinh,Hà Tĩnh,4.4,H35,both,0.0,MATCHED,1e-12
V05.05,active_firms_per_1000,31,Hà Tĩnh,7,2024,4.5,ha tinh,Hà Tĩnh,4.5,I35,both,0.0,MATCHED,1e-12
V05.05,active_firms_per_1000,6,Hải Dương,0,2017,4.01332117863143,hai duong,Hải Dương,4.01,B10,both,0.0033211786314302216,MISMATCH,1e-12
V05.05,active_firms_per_1000,6,Hải Dương,1,2018,4.37134722492946,hai duong,Hải Dương,4.37,C10,both,0.0013472249294599337,MISMATCH,1e-12
V05.05,active_firms_per_1000,6,Hải Dương,2,2019,4.73453946969573,hai duong,Hải Dương,4.73,D10,both,0.004539469695729714,MISMATCH,1e-12
V05.05,active_firms_per_1000,6,Hải Dương,3,2020,5.0538039435009,hai duong,Hải Dương,5.05,E10,both,0.0038039435009000755,MISMATCH,1e-12
V05.05,active_firms_per_1000,6,Hải Dương,4,2021,5.22827896890449,hai duong,Hải Dương,5.23,F10,both,0.0017210310955100283,MISMATCH,1e-12
V05.05,active_firms_per_1000,6,Hải Dương,5,2022,5.44734490091534,hai duong,Hải Dương,5.45,G10,both,0.0026550990846603284,MISMATCH,1e-12
V05.05,active_firms_per_1000,6,Hải Dương,6,2023,5.73563739978987,hai duong,Hải Dương,5.74,H10,both,0.004362600210130019,MISMATCH,1e-12
V05.05,active_firms_per_1000,6,Hải Dương,7,2024,6.04125799826298,hai duong,Hải Dương,6.04,I10,both,0.001257998262979676,MISMATCH,1e-12
V05.05,active_firms_per_1000,7,Hải Phòng,0,2017,10.79145137975986,hai phong,Hải Phòng,10.79,B11,both,0.0014513797598603162,MISMATCH,1e-12
V05.05,active_firms_per_1000,7,Hải Phòng,1,2018,10.71850110592039,hai phong,Hải Phòng,10.72,C11,both,0.0014988940796101247,MISMATCH,1e-12
V05.05,active_firms_per_1000,7,Hải Phòng,2,2019,9.79614882198335,hai phong,Hải Phòng,9.8,D11,both,0.0038511780166512466,MISMATCH,1e-12
V05.05,active_firms_per_1000,7,Hải Phòng,3,2020,9.83446430151258,hai phong,Hải Phòng,9.83,E11,both,0.004464301512580704,MISMATCH,1e-12
V05.05,active_firms_per_1000,7,Hải Phòng,4,2021,9.55709077153028,hai phong,Hải Phòng,9.56,F11,both,0.002909228469720304,MISMATCH,1e-12
V05.05,active_firms_per_1000,7,Hải Phòng,5,2022,9.9280563135829,hai phong,Hải Phòng,9.93,G11,both,0.0019436864170998547,MISMATCH,1e-12
V05.05,active_firms_per_1000,7,Hải Phòng,6,2023,9.99370079039404,hai phong,Hải Phòng,9.99,H11,both,0.0037007903940402542,MISMATCH,1e-12
V05.05,active_firms_per_1000,7,Hải Phòng,7,2024,10.49742535846733,hai phong,Hải Phòng,10.5,I11,both,0.0025746415326697303,MISMATCH,1e-12
V05.05,active_firms_per_1000,66,Hậu Giang,0,2017,2.4998236695187,hau giang,Hậu Giang,2.5,B70,both,0.00017633048129983564,MISMATCH,1e-12
V05.05,active_firms_per_1000,66,Hậu Giang,1,2018,2.58401448898698,hau giang,Hậu Giang,2.58,C70,both,0.0040144889869799805,MISMATCH,1e-12
V05.05,active_firms_per_1000,66,Hậu Giang,2,2019,2.72890425889352,hau giang,Hậu Giang,2.73,D70,both,0.0010957411064800304,MISMATCH,1e-12
V05.05,active_firms_per_1000,66,Hậu Giang,3,2020,3.06393707692729,hau giang,Hậu Giang,3.06,E70,both,0.003937076927289951,MISMATCH,1e-12
V05.05,active_firms_per_1000,66,Hậu Giang,4,2021,3.2183003836055,hau giang,Hậu Giang,3.22,F70,both,0.0016996163945002252,MISMATCH,1e-12
V05.05,active_firms_per_1000,66,Hậu Giang,5,2022,3.47102747622579,hau giang,Hậu Giang,3.47,G70,both,0.001027476225790025,MISMATCH,1e-12
V05.05,active_firms_per_1000,66,Hậu Giang,6,2023,3.7,hau giang,Hậu Giang,3.7,H70,both,0.0,MATCHED,1e-12
V05.05,active_firms_per_1000,66,Hậu Giang,7,2024,4.0,hau giang,Hậu Giang,4.0,I70,both,0.0,MATCHED,1e-12
V05.05,active_firms_per_1000,55,TP. Hồ Chí Minh,0,2017,23.69091174367136,ho chi minh,TP. Hồ Chí Minh,23.69,B59,both,0.0009117436713594884,MISMATCH,1e-12
V05.05,active_firms_per_1000,55,TP. Hồ Chí Minh,1,2018,25.81249885506205,ho chi minh,TP. Hồ Chí Minh,25.81,C59,both,0.002498855062050609,MISMATCH,1e-12
V05.05,active_firms_per_1000,55,TP. Hồ Chí Minh,2,2019,26.5111744495753,ho chi minh,TP. Hồ Chí Minh,26.51,D59,both,0.0011744495752985529,MISMATCH,1e-12
V05.05,active_firms_per_1000,55,TP. Hồ Chí Minh,3,2020,27.60187448222928,ho chi minh,TP. Hồ Chí Minh,27.6,E59,both,0.0018744822292795504,MISMATCH,1e-12
V05.05,active_firms_per_1000,55,TP. Hồ Chí Minh,4,2021,29.28653576450852,ho chi minh,TP. Hồ Chí Minh,29.29,F59,both,0.003464235491478007,MISMATCH,1e-12
V05.05,active_firms_per_1000,55,TP. Hồ Chí Minh,5,2022,29.18799363175695,ho chi minh,TP. Hồ Chí Minh,29.19,G59,both,0.0020063682430517815,MISMATCH,1e-12
V05.05,active_firms_per_1000,55,TP. Hồ Chí Minh,6,2023,28.9,ho chi minh,TP. Hồ Chí Minh,28.9,H59,both,0.0,MATCHED,1e-12
V05.05,active_firms_per_1000,55,TP. Hồ Chí Minh,7,2024,28.3,ho chi minh,TP. Hồ Chí Minh,28.3,I59,both,0.0,MATCHED,1e-12
V05.05,active_firms_per_1000,27,Hòa Bình,0,2017,2.36819587500754,hoa binh,Hòa Bình,2.37,B31,both,0.0018041249924602987,MISMATCH,1e-12
V05.05,active_firms_per_1000,27,Hòa Bình,1,2018,2.55052545057519,hoa binh,Hòa Bình,2.55,C31,both,0.0005254505751901561,MISMATCH,1e-12
V05.05,active_firms_per_1000,27,Hòa Bình,2,2019,2.70155315936827,hoa binh,Hòa Bình,2.7,D31,both,0.0015531593682696077,MISMATCH,1e-12
V05.05,active_firms_per_1000,27,Hòa Bình,3,2020,2.86107042091757,hoa binh,Hòa Bình,2.86,E31,both,0.0010704209175700363,MISMATCH,1e-12
V05.05,active_firms_per_1000,27,Hòa Bình,4,2021,3.05027866981439,hoa binh,Hòa Bình,3.05,F31,both,0.0002786698143903976,MISMATCH,1e-12
V05.05,active_firms_per_1000,27,Hòa Bình,5,2022,3.30371187794087,hoa binh,Hòa Bình,3.3,G31,both,0.003711877940870245,MISMATCH,1e-12
V05.05,active_firms_per_1000,27,Hòa Bình,6,2023,3.37545458468961,hoa binh,Hòa Bình,3.38,H31,both,0.0045454153103898776,MISMATCH,1e-12
V05.05,active_firms_per_1000,27,Hòa Bình,7,2024,3.48909225468473,hoa binh,Hòa Bình,3.49,I31,both,0.0009077453152701587,MISMATCH,1e-12
V05.05,active_firms_per_1000,8,Hưng Yên,0,2017,4.73623947468431,hung yen,Hưng Yên,4.74,B12,both,0.0037605253156902663,MISMATCH,1e-12
V05.05,active_firms_per_1000,8,Hưng Yên,1,2018,5.31392994981467,hung yen,Hưng Yên,5.31,C12,both,0.003929949814670763,MISMATCH,1e-12
V05.05,active_firms_per_1000,8,Hưng Yên,2,2019,5.71171941626275,hung yen,Hưng Yên,5.71,D12,both,0.001719416262750073,MISMATCH,1e-12
V05.05,active_firms_per_1000,8,Hưng Yên,3,2020,6.04291263818957,hung yen,Hưng Yên,6.04,E12,both,0.0029126381895698827,MISMATCH,1e-12
V05.05,active_firms_per_1000,8,Hưng Yên,4,2021,6.48008034448491,hung yen,Hưng Yên,6.48,F12,both,8.034448490956692e-05,MISMATCH,1e-12
V05.05,active_firms_per_1000,8,Hưng Yên,5,2022,6.94734950249912,hung yen,Hưng Yên,6.95,G12,both,0.002650497500880533,MISMATCH,1e-12
V05.05,active_firms_per_1000,8,Hưng Yên,6,2023,7.4972290843911,hung yen,Hưng Yên,7.5,H12,both,0.002770915608899749,MISMATCH,1e-12
V05.05,active_firms_per_1000,8,Hưng Yên,7,2024,8.23103652337526,hung yen,Hưng Yên,8.23,I12,both,0.0010365233752587244,MISMATCH,1e-12
V05.05,active_firms_per_1000,40,Khánh Hòa,0,2017,7.73253725060409,khanh hoa,Khánh Hòa,7.73,B44,both,0.0025372506040897136,MISMATCH,1e-12
V05.05,active_firms_per_1000,40,Khánh Hòa,1,2018,8.49418326888447,khanh hoa,Khánh Hòa,8.49,C44,both,0.004183268884469626,MISMATCH,1e-12
V05.05,active_firms_per_1000,40,Khánh Hòa,2,2019,8.95505680864163,khanh hoa,Khánh Hòa,8.96,D44,both,0.004943191358371735,MISMATCH,1e-12
V05.05,active_firms_per_1000,40,Khánh Hòa,3,2020,9.04117584462238,khanh hoa,Khánh Hòa,9.04,E44,both,0.0011758446223808505,MISMATCH,1e-12
V05.05,active_firms_per_1000,40,Khánh Hòa,4,2021,8.92904358918067,khanh hoa,Khánh Hòa,8.93,F44,both,0.0009564108193291787,MISMATCH,1e-12
V05.05,active_firms_per_1000,40,Khánh Hòa,5,2022,8.93004532009962,khanh hoa,Khánh Hòa,8.93,G44,both,4.5320099619772236e-05,MISMATCH,1e-12
V05.05,active_firms_per_1000,40,Khánh Hòa,6,2023,9.1,khanh hoa,Khánh Hòa,9.1,H44,both,0.0,MATCHED,1e-12
V05.05,active_firms_per_1000,40,Khánh Hòa,7,2024,9.0,khanh hoa,Khánh Hòa,9.0,I44,both,0.0,MATCHED,1e-12
V05.05,active_firms_per_1000,64,Kiên Giang,0,2017,3.95938795872008,kien giang,Kiên Giang,3.96,B68,both,0.0006120412799197616,MISMATCH,1e-12
V05.05,active_firms_per_1000,64,Kiên Giang,1,2018,4.29245749739542,kien giang,Kiên Giang,4.29,C68,both,0.002457497395419672,MISMATCH,1e-12
V05.05,active_firms_per_1000,64,Kiên Giang,2,2019,4.22116441713876,kien giang,Kiên Giang,4.22,D68,both,0.0011644171387601432,MISMATCH,1e-12
V05.05,active_firms_per_1000,64,Kiên Giang,3,2020,4.49831652947679,kien giang,Kiên Giang,4.5,E68,both,0.001683470523209607,MISMATCH,1e-12
V05.05,active_firms_per_1000,64,Kiên Giang,4,2021,4.60589127220412,kien giang,Kiên Giang,4.61,F68,both,0.004108727795880007,MISMATCH,1e-12
V05.05,active_firms_per_1000,64,Kiên Giang,5,2022,4.93047555655519,kien giang,Kiên Giang,4.93,G68,both,0.0004755565551901597,MISMATCH,1e-12
V05.05,active_firms_per_1000,64,Kiên Giang,6,2023,5.0,kien giang,Kiên Giang,5.0,H68,both,0.0,MATCHED,1e-12
V05.05,active_firms_per_1000,64,Kiên Giang,7,2024,4.9,kien giang,Kiên Giang,4.9,I68,both,0.0,MATCHED,1e-12
V05.05,active_firms_per_1000,44,Kon Tum,0,2017,2.98241700766083,kon tum,Kon Tum,2.98,B48,both,0.002417007660830084,MISMATCH,1e-12
V05.05,active_firms_per_1000,44,Kon Tum,1,2018,2.95102168089894,kon tum,Kon Tum,2.95,C48,both,0.0010216808989396142,MISMATCH,1e-12
V05.05,active_firms_per_1000,44,Kon Tum,2,2019,3.02510617313029,kon tum,Kon Tum,3.03,D48,both,0.004893826869709628,MISMATCH,1e-12
V05.05,active_firms_per_1000,44,Kon Tum,3,2020,3.31146817675659,kon tum,Kon Tum,3.31,E48,both,0.001468176756589834,MISMATCH,1e-12
V05.05,active_firms_per_1000,44,Kon Tum,4,2021,3.46707075916818,kon tum,Kon Tum,3.47,F48,both,0.0029292408318202234,MISMATCH,1e-12
V05.05,active_firms_per_1000,44,Kon Tum,5,2022,3.53673130843539,kon tum,Kon Tum,3.54,G48,both,0.003268691564609849,MISMATCH,1e-12
V05.05,active_firms_per_1000,44,Kon Tum,6,2023,3.6,kon tum,Kon Tum,3.6,H48,both,0.0,MATCHED,1e-12
V05.05,active_firms_per_1000,44,Kon Tum,7,2024,3.6,kon tum,Kon Tum,3.6,I48,both,0.0,MATCHED,1e-12
V05.05,active_firms_per_1000,25,Lai Châu,0,2017,2.46790819471503,lai chau,Lai Châu,2.47,B29,both,0.0020918052849703272,MISMATCH,1e-12
V05.05,active_firms_per_1000,25,Lai Châu,1,2018,2.48134579373289,lai chau,Lai Châu,2.48,C29,both,0.0013457937328902325,MISMATCH,1e-12
V05.05,active_firms_per_1000,25,Lai Châu,2,2019,2.30638373296962,lai chau,Lai Châu,2.31,D29,both,0.0036162670303800937,MISMATCH,1e-12
V05.05,active_firms_per_1000,25,Lai Châu,3,2020,2.31156851539672,lai chau,Lai Châu,2.31,E29,both,0.0015685153967197607,MISMATCH,1e-12
V05.05,active_firms_per_1000,25,Lai Châu,4,2021,2.27828522458876,lai chau,Lai Châu,2.28,F29,both,0.0017147754112398772,MISMATCH,1e-12
V05.05,active_firms_per_1000,25,Lai Châu,5,2022,2.51402210348146,lai chau,Lai Châu,2.51,G29,both,0.00402210348146026,MISMATCH,1e-12
V05.05,active_firms_per_1000,25,Lai Châu,6,2023,2.55680773051124,lai chau,Lai Châu,2.56,H29,both,0.0031922694887600578,MISMATCH,1e-12
V05.05,active_firms_per_1000,25,Lai Châu,7,2024,2.60356872053817,lai chau,Lai Châu,2.6,I29,both,0.0035687205381700338,MISMATCH,1e-12
V05.05,active_firms_per_1000,48,Lâm Đồng,0,2017,4.29784779827977,lam dong,Lâm Đồng,4.3,B52,both,0.002152201720229563,MISMATCH,1e-12
V05.05,active_firms_per_1000,48,Lâm Đồng,1,2018,4.55150486936685,lam dong,Lâm Đồng,4.55,C52,both,0.0015048693668502366,MISMATCH,1e-12
V05.05,active_firms_per_1000,48,Lâm Đồng,2,2019,4.86325697375965,lam dong,Lâm Đồng,4.86,D52,both,0.0032569737596492843,MISMATCH,1e-12
V05.05,active_firms_per_1000,48,Lâm Đồng,3,2020,5.32069082622691,lam dong,Lâm Đồng,5.32,E52,both,0.0006908262269096355,MISMATCH,1e-12
V05.05,active_firms_per_1000,48,Lâm Đồng,4,2021,5.58313077462535,lam dong,Lâm Đồng,5.58,F52,both,0.0031307746253501634,MISMATCH,1e-12
V05.05,active_firms_per_1000,48,Lâm Đồng,5,2022,5.76796654789529,lam dong,Lâm Đồng,5.77,G52,both,0.002033452104709177,MISMATCH,1e-12
V05.05,active_firms_per_1000,48,Lâm Đồng,6,2023,6.1,lam dong,Lâm Đồng,6.1,H52,both,0.0,MATCHED,1e-12
V05.05,active_firms_per_1000,48,Lâm Đồng,7,2024,6.0,lam dong,Lâm Đồng,6.0,I52,both,0.0,MATCHED,1e-12
V05.05,active_firms_per_1000,21,Lạng Sơn,0,2017,2.09184881448892,lang son,Lạng Sơn,2.09,B25,both,0.0018488144889201585,MISMATCH,1e-12
V05.05,active_firms_per_1000,21,Lạng Sơn,1,2018,2.2503885980311,lang son,Lạng Sơn,2.25,C25,both,0.0003885980310998072,MISMATCH,1e-12
V05.05,active_firms_per_1000,21,Lạng Sơn,2,2019,2.43353759719779,lang son,Lạng Sơn,2.43,D25,both,0.00353759719779001,MISMATCH,1e-12
V05.05,active_firms_per_1000,21,Lạng Sơn,3,2020,2.55481727468133,lang son,Lạng Sơn,2.55,E25,both,0.004817274681330197,MISMATCH,1e-12
V05.05,active_firms_per_1000,21,Lạng Sơn,4,2021,2.78565862631895,lang son,Lạng Sơn,2.79,F25,both,0.0043413736810502535,MISMATCH,1e-12
V05.05,active_firms_per_1000,21,Lạng Sơn,5,2022,2.92610554925258,lang son,Lạng Sơn,2.93,G25,both,0.0038944507474201195,MISMATCH,1e-12
V05.05,active_firms_per_1000,21,Lạng Sơn,6,2023,3.39148907179973,lang son,Lạng Sơn,3.39,H25,both,0.001489071799730013,MISMATCH,1e-12
V05.05,active_firms_per_1000,21,Lạng Sơn,7,2024,3.43983724655771,lang son,Lạng Sơn,3.44,I25,both,0.00016275344228988686,MISMATCH,1e-12
V05.05,active_firms_per_1000,18,Lào Cai,0,2017,3.63830865220281,lao cai,Lào Cai,3.64,B22,both,0.001691347797190268,MISMATCH,1e-12
V05.05,active_firms_per_1000,18,Lào Cai,1,2018,3.58198685125044,lao cai,Lào Cai,3.58,C22,both,0.0019868512504399582,MISMATCH,1e-12
V05.05,active_firms_per_1000,18,Lào Cai,2,2019,3.5154369682697,lao cai,Lào Cai,3.52,D22,both,0.004563031730299816,MISMATCH,1e-12
V05.05,active_firms_per_1000,18,Lào Cai,3,2020,3.83463565319561,lao cai,Lào Cai,3.83,E22,both,0.00463565319560999,MISMATCH,1e-12
V05.05,active_firms_per_1000,18,Lào Cai,4,2021,4.00582761291,lao cai,Lào Cai,4.01,F22,both,0.004172387089999674,MISMATCH,1e-12
V05.05,active_firms_per_1000,18,Lào Cai,5,2022,4.19159889383316,lao cai,Lào Cai,4.19,G22,both,0.00159889383315992,MISMATCH,1e-12
V05.05,active_firms_per_1000,18,Lào Cai,6,2023,4.6,lao cai,Lào Cai,4.6,H22,both,0.0,MATCHED,1e-12
V05.05,active_firms_per_1000,18,Lào Cai,7,2024,4.7,lao cai,Lào Cai,4.7,I22,both,0.0,MATCHED,1e-12
V05.05,active_firms_per_1000,57,Long An,0,2017,4.71099935028996,long an,Long An,4.71,B61,both,0.0009993502899598994,MISMATCH,1e-12
V05.05,active_firms_per_1000,57,Long An,1,2018,5.29087293149383,long an,Long An,5.29,C61,both,0.0008729314938298316,MISMATCH,1e-12
V05.05,active_firms_per_1000,57,Long An,2,2019,5.71866796448692,long an,Long An,5.72,D61,both,0.0013320355130801431,MISMATCH,1e-12
V05.05,active_firms_per_1000,57,Long An,3,2020,6.1132377637396,long an,Long An,6.11,E61,both,0.0032377637395999415,MISMATCH,1e-12
V05.05,active_firms_per_1000,57,Long An,4,2021,6.42502474084527,long an,Long An,6.43,F61,both,0.004975259154729628,MISMATCH,1e-12
V05.05,active_firms_per_1000,57,Long An,5,2022,6.62703782998964,long an,Long An,6.63,G61,both,0.0029621700103596993,MISMATCH,1e-12
V05.05,active_firms_per_1000,57,Long An,6,2023,7.0,long an,Long An,7.0,H61,both,0.0,MATCHED,1e-12
V05.05,active_firms_per_1000,57,Long An,7,2024,7.7,long an,Long An,7.7,I61,both,0.0,MATCHED,1e-12
V05.05,active_firms_per_1000,11,Nam Định,0,2017,2.82067413217017,nam dinh,Nam Định,2.82,B15,both,0.0006741321701699832,MISMATCH,1e-12
V05.05,active_firms_per_1000,11,Nam Định,1,2018,3.06859185542477,nam dinh,Nam Định,3.07,C15,both,0.0014081445752296418,MISMATCH,1e-12
V05.05,active_firms_per_1000,11,Nam Định,2,2019,3.18721520160147,nam dinh,Nam Định,3.19,D15,both,0.002784798398530075,MISMATCH,1e-12
V05.05,active_firms_per_1000,11,Nam Định,3,2020,3.36004481173072,nam dinh,Nam Định,3.36,E15,both,4.481173071990696e-05,MISMATCH,1e-12
V05.05,active_firms_per_1000,11,Nam Định,4,2021,3.51528208300749,nam dinh,Nam Định,3.52,F15,both,0.004717916992510229,MISMATCH,1e-12
V05.05,active_firms_per_1000,11,Nam Định,5,2022,3.64865887277327,nam dinh,Nam Định,3.65,G15,both,0.0013411272267300767,MISMATCH,1e-12
V05.05,active_firms_per_1000,11,Nam Định,6,2023,3.77192717499188,nam dinh,Nam Định,3.77,H15,both,0.0019271749918798875,MISMATCH,1e-12
V05.05,active_firms_per_1000,11,Nam Định,7,2024,3.94308110425276,nam dinh,Nam Định,3.94,I15,both,0.003081104252760092,MISMATCH,1e-12
V05.05,active_firms_per_1000,30,Nghệ An,0,2017,3.52851564870202,nghe an,Nghệ An,3.53,B34,both,0.0014843512979796358,MISMATCH,1e-12
V05.05,active_firms_per_1000,30,Nghệ An,1,2018,3.55657478696555,nghe an,Nghệ An,3.56,C34,both,0.003425213034450092,MISMATCH,1e-12
V05.05,active_firms_per_1000,30,Nghệ An,2,2019,3.25272001407165,nghe an,Nghệ An,3.25,D34,both,0.002720014071650123,MISMATCH,1e-12
V05.05,active_firms_per_1000,30,Nghệ An,3,2020,3.45774624666217,nghe an,Nghệ An,3.46,E34,both,0.0022537533378299557,MISMATCH,1e-12
V05.05,active_firms_per_1000,30,Nghệ An,4,2021,3.64066992549736,nghe an,Nghệ An,3.64,F34,both,0.0006699254973598912,MISMATCH,1e-12
V05.05,active_firms_per_1000,30,Nghệ An,5,2022,3.8496263486057,nghe an,Nghệ An,3.85,G34,both,0.00037365139430001193,MISMATCH,1e-12
V05.05,active_firms_per_1000,30,Nghệ An,6,2023,4.0,nghe an,Nghệ An,4.0,H34,both,0.0,MATCHED,1e-12
V05.05,active_firms_per_1000,30,Nghệ An,7,2024,4.1,nghe an,Nghệ An,4.1,I34,both,0.0,MATCHED,1e-12
V05.05,active_firms_per_1000,12,Ninh Bình,0,2017,3.67712177695097,ninh binh,Ninh Bình,3.68,B16,both,0.002878223049030293,MISMATCH,1e-12
V05.05,active_firms_per_1000,12,Ninh Bình,1,2018,4.05267035066371,ninh binh,Ninh Bình,4.05,C16,both,0.0026703506637097973,MISMATCH,1e-12
V05.05,active_firms_per_1000,12,Ninh Bình,2,2019,4.34421808645167,ninh binh,Ninh Bình,4.34,D16,both,0.004218086451670544,MISMATCH,1e-12
V05.05,active_firms_per_1000,12,Ninh Bình,3,2020,4.63820156766248,ninh binh,Ninh Bình,4.64,E16,both,0.0017984323375195288,MISMATCH,1e-12
V05.05,active_firms_per_1000,12,Ninh Bình,4,2021,4.70935231963188,ninh binh,Ninh Bình,4.71,F16,both,0.0006476803681199073,MISMATCH,1e-12
V05.05,active_firms_per_1000,12,Ninh Bình,5,2022,5.10709363631597,ninh binh,Ninh Bình,5.11,G16,both,0.002906363684030744,MISMATCH,1e-12
V05.05,active_firms_per_1000,12,Ninh Bình,6,2023,5.48617003391004,ninh binh,Ninh Bình,5.49,H16,both,0.003829966089960557,MISMATCH,1e-12
V05.05,active_firms_per_1000,12,Ninh Bình,7,2024,5.67676138288198,ninh binh,Ninh Bình,5.68,I16,both,0.0032386171180194268,MISMATCH,1e-12
V05.05,active_firms_per_1000,41,Ninh Thuận,0,2017,3.32948964339099,ninh thuan,Ninh Thuận,3.33,B45,both,0.0005103566090101097,MISMATCH,1e-12
V05.05,active_firms_per_1000,41,Ninh Thuận,1,2018,3.53055055531026,ninh thuan,Ninh Thuận,3.53,C45,both,0.000550555310260048,MISMATCH,1e-12
V05.05,active_firms_per_1000,41,Ninh Thuận,2,2019,3.96256040282083,ninh thuan,Ninh Thuận,3.96,D45,both,0.002560402820829921,MISMATCH,1e-12
V05.05,active_firms_per_1000,41,Ninh Thuận,3,2020,4.54986313177538,ninh thuan,Ninh Thuận,4.55,E45,both,0.0001368682246196684,MISMATCH,1e-12
V05.05,active_firms_per_1000,41,Ninh Thuận,4,2021,4.71941354810857,ninh thuan,Ninh Thuận,4.72,F45,both,0.0005864518914293626,MISMATCH,1e-12
V05.05,active_firms_per_1000,41,Ninh Thuận,5,2022,4.97926281521273,ninh thuan,Ninh Thuận,4.98,G45,both,0.0007371847872708059,MISMATCH,1e-12
V05.05,active_firms_per_1000,41,Ninh Thuận,6,2023,5.2,ninh thuan,Ninh Thuận,5.2,H45,both,0.0,MATCHED,1e-12
V05.05,active_firms_per_1000,41,Ninh Thuận,7,2024,5.2,ninh thuan,Ninh Thuận,5.2,I45,both,0.0,MATCHED,1e-12
V05.05,active_firms_per_1000,23,Phú Thọ,0,2017,2.98711966304899,phu tho,Phú Thọ,2.99,B27,both,0.0028803369510104204,MISMATCH,1e-12
V05.05,active_firms_per_1000,23,Phú Thọ,1,2018,3.25748403853517,phu tho,Phú Thọ,3.26,C27,both,0.0025159614648297968,MISMATCH,1e-12
V05.05,active_firms_per_1000,23,Phú Thọ,2,2019,3.34970222974784,phu tho,Phú Thọ,3.35,D27,both,0.0002977702521600456,MISMATCH,1e-12
V05.05,active_firms_per_1000,23,Phú Thọ,3,2020,3.5778789060606,phu tho,Phú Thọ,3.58,E27,both,0.002121093939400076,MISMATCH,1e-12
V05.05,active_firms_per_1000,23,Phú Thọ,4,2021,3.70604010999449,phu tho,Phú Thọ,3.71,F27,both,0.003959890005509781,MISMATCH,1e-12
V05.05,active_firms_per_1000,23,Phú Thọ,5,2022,4.02328137061851,phu tho,Phú Thọ,4.02,G27,both,0.0032813706185104152,MISMATCH,1e-12
V05.05,active_firms_per_1000,23,Phú Thọ,6,2023,4.27802386521971,phu tho,Phú Thọ,4.28,H27,both,0.0019761347802900175,MISMATCH,1e-12
V05.05,active_firms_per_1000,23,Phú Thọ,7,2024,4.43752392512626,phu tho,Phú Thọ,4.44,I27,both,0.0024760748737406857,MISMATCH,1e-12
V05.05,active_firms_per_1000,39,Phú Yên,0,2017,2.82283276324984,phu yen,Phú Yên,2.82,B43,both,0.0028327632498399424,MISMATCH,1e-12
V05.05,active_firms_per_1000,39,Phú Yên,1,2018,2.99141131044929,phu yen,Phú Yên,2.99,C43,both,0.001411310449289882,MISMATCH,1e-12
V05.05,active_firms_per_1000,39,Phú Yên,2,2019,3.11510781479768,phu yen,Phú Yên,3.12,D43,both,0.004892185202320043,MISMATCH,1e-12
V05.05,active_firms_per_1000,39,Phú Yên,3,2020,3.42104159055463,phu yen,Phú Yên,3.42,E43,both,0.0010415905546299342,MISMATCH,1e-12
V05.05,active_firms_per_1000,39,Phú Yên,4,2021,3.5269863569132,phu yen,Phú Yên,3.53,F43,both,0.0030136430867999664,MISMATCH,1e-12
V05.05,active_firms_per_1000,39,Phú Yên,5,2022,3.76902622461982,phu yen,Phú Yên,3.77,G43,both,0.0009737753801801752,MISMATCH,1e-12
V05.05,active_firms_per_1000,39,Phú Yên,6,2023,3.9,phu yen,Phú Yên,3.9,H43,both,0.0,MATCHED,1e-12
V05.05,active_firms_per_1000,39,Phú Yên,7,2024,3.9,phu yen,Phú Yên,3.9,I43,both,0.0,MATCHED,1e-12
V05.05,active_firms_per_1000,32,Quảng Bình,0,2017,4.30043184961472,quang binh,Quảng Bình,4.3,B36,both,0.00043184961471975924,MISMATCH,1e-12
V05.05,active_firms_per_1000,32,Quảng Bình,1,2018,4.52679607423317,quang binh,Quảng Bình,4.53,C36,both,0.0032039257668303733,MISMATCH,1e-12
V05.05,active_firms_per_1000,32,Quảng Bình,2,2019,4.64086031579264,quang binh,Quảng Bình,4.64,D36,both,0.0008603157926403426,MISMATCH,1e-12
V05.05,active_firms_per_1000,32,Quảng Bình,3,2020,4.95241782893052,quang binh,Quảng Bình,4.95,E36,both,0.002417828930520116,MISMATCH,1e-12
V05.05,active_firms_per_1000,32,Quảng Bình,4,2021,5.19845605635504,quang binh,Quảng Bình,5.2,F36,both,0.001543943644960244,MISMATCH,1e-12
V05.05,active_firms_per_1000,32,Quảng Bình,5,2022,5.50301905539348,quang binh,Quảng Bình,5.5,G36,both,0.00301905539348013,MISMATCH,1e-12
V05.05,active_firms_per_1000,32,Quảng Bình,6,2023,5.6,quang binh,Quảng Bình,5.6,H36,both,0.0,MATCHED,1e-12
V05.05,active_firms_per_1000,32,Quảng Bình,7,2024,5.6,quang binh,Quảng Bình,5.6,I36,both,0.0,MATCHED,1e-12
V05.05,active_firms_per_1000,36,Quảng Nam,0,2017,4.02686464125645,quang nam,Quảng Nam,4.03,B40,both,0.0031353587435498653,MISMATCH,1e-12
V05.05,active_firms_per_1000,36,Quảng Nam,1,2018,4.34743527479869,quang nam,Quảng Nam,4.35,C40,both,0.002564725201309237,MISMATCH,1e-12
V05.05,active_firms_per_1000,36,Quảng Nam,2,2019,4.84280580896293,quang nam,Quảng Nam,4.84,D40,both,0.002805808962929923,MISMATCH,1e-12
V05.05,active_firms_per_1000,36,Quảng Nam,3,2020,5.13141825942399,quang nam,Quảng Nam,5.13,E40,both,0.001418259423989987,MISMATCH,1e-12
V05.05,active_firms_per_1000,36,Quảng Nam,4,2021,5.20587490152221,quang nam,Quảng Nam,5.21,F40,both,0.004125098477789635,MISMATCH,1e-12
V05.05,active_firms_per_1000,36,Quảng Nam,5,2022,5.43444995034162,quang nam,Quảng Nam,5.43,G40,both,0.0044499503416206565,MISMATCH,1e-12
V05.05,active_firms_per_1000,36,Quảng Nam,6,2023,5.5,quang nam,Quảng Nam,5.5,H40,both,0.0,MATCHED,1e-12
V05.05,active_firms_per_1000,36,Quảng Nam,7,2024,5.5,quang nam,Quảng Nam,5.5,I40,both,0.0,MATCHED,1e-12
V05.05,active_firms_per_1000,37,Quảng Ngãi,0,2017,3.50383827337099,quang ngai,Quảng Ngãi,3.5,B41,both,0.003838273370989853,MISMATCH,1e-12
V05.05,active_firms_per_1000,37,Quảng Ngãi,1,2018,3.83807749942303,quang ngai,Quảng Ngãi,3.84,C41,both,0.0019225005769700765,MISMATCH,1e-12
V05.05,active_firms_per_1000,37,Quảng Ngãi,2,2019,4.12941708411364,quang ngai,Quảng Ngãi,4.13,D41,both,0.0005829158863601691,MISMATCH,1e-12
V05.05,active_firms_per_1000,37,Quảng Ngãi,3,2020,4.29464665038641,quang ngai,Quảng Ngãi,4.29,E41,both,0.0046466503864097675,MISMATCH,1e-12
V05.05,active_firms_per_1000,37,Quảng Ngãi,4,2021,4.35243312463161,quang ngai,Quảng Ngãi,4.35,F41,both,0.002433124631610717,MISMATCH,1e-12
V05.05,active_firms_per_1000,37,Quảng Ngãi,5,2022,4.44988917423769,quang ngai,Quảng Ngãi,4.45,G41,both,0.00011082576231036256,MISMATCH,1e-12
V05.05,active_firms_per_1000,37,Quảng Ngãi,6,2023,4.6,quang ngai,Quảng Ngãi,4.6,H41,both,0.0,MATCHED,1e-12
V05.05,active_firms_per_1000,37,Quảng Ngãi,7,2024,4.5,quang ngai,Quảng Ngãi,4.5,I41,both,0.0,MATCHED,1e-12
V05.05,active_firms_per_1000,5,Quảng Ninh,0,2017,6.7086364941422,quang ninh,Quảng Ninh,6.71,B9,both,0.0013635058577996517,MISMATCH,1e-12
V05.05,active_firms_per_1000,5,Quảng Ninh,1,2018,7.60404076348711,quang ninh,Quảng Ninh,7.6,C9,both,0.004040763487110688,MISMATCH,1e-12
V05.05,active_firms_per_1000,5,Quảng Ninh,2,2019,8.56630451027368,quang ninh,Quảng Ninh,8.57,D9,both,0.003695489726320389,MISMATCH,1e-12
V05.05,active_firms_per_1000,5,Quảng Ninh,3,2020,9.54616646917438,quang ninh,Quảng Ninh,9.55,E9,both,0.0038335308256201017,MISMATCH,1e-12
V05.05,active_firms_per_1000,5,Quảng Ninh,4,2021,7.00891719802103,quang ninh,Quảng Ninh,7.01,F9,both,0.0010828019789697052,MISMATCH,1e-12
V05.05,active_firms_per_1000,5,Quảng Ninh,5,2022,7.26992037426736,quang ninh,Quảng Ninh,7.27,G9,both,7.962573263942119e-05,MISMATCH,1e-12
V05.05,active_firms_per_1000,5,Quảng Ninh,6,2023,7.44877339235589,quang ninh,Quảng Ninh,7.45,H9,both,0.0012266076441100893,MISMATCH,1e-12
V05.05,active_firms_per_1000,5,Quảng Ninh,7,2024,7.70627263768659,quang ninh,Quảng Ninh,7.71,I9,both,0.0037273623134099765,MISMATCH,1e-12
V05.05,active_firms_per_1000,33,Quảng Trị,0,2017,3.98962537497681,quang tri,Quảng Trị,3.99,B37,both,0.00037462502319041135,MISMATCH,1e-12
V05.05,active_firms_per_1000,33,Quảng Trị,1,2018,4.15889883665167,quang tri,Quảng Trị,4.16,C37,both,0.00110116334832977,MISMATCH,1e-12
V05.05,active_firms_per_1000,33,Quảng Trị,2,2019,4.25928264713311,quang tri,Quảng Trị,4.26,D37,both,0.0007173528668902307,MISMATCH,1e-12
V05.05,active_firms_per_1000,33,Quảng Trị,3,2020,4.49106985184641,quang tri,Quảng Trị,4.49,E37,both,0.0010698518464096196,MISMATCH,1e-12
V05.05,active_firms_per_1000,33,Quảng Trị,4,2021,4.72220923696525,quang tri,Quảng Trị,4.72,F37,both,0.0022092369652506605,MISMATCH,1e-12
V05.05,active_firms_per_1000,33,Quảng Trị,5,2022,5.03764768172779,quang tri,Quảng Trị,5.04,G37,both,0.002352318272209608,MISMATCH,1e-12
V05.05,active_firms_per_1000,33,Quảng Trị,6,2023,5.1,quang tri,Quảng Trị,5.1,H37,both,0.0,MATCHED,1e-12
V05.05,active_firms_per_1000,33,Quảng Trị,7,2024,5.1,quang tri,Quảng Trị,5.1,I37,both,0.0,MATCHED,1e-12
V05.05,active_firms_per_1000,67,Sóc Trăng,0,2017,1.75324115684367,soc trang,Sóc Trăng,1.75,B71,both,0.003241156843670101,MISMATCH,1e-12
V05.05,active_firms_per_1000,67,Sóc Trăng,1,2018,1.92253284602696,soc trang,Sóc Trăng,1.92,C71,both,0.002532846026960023,MISMATCH,1e-12
V05.05,active_firms_per_1000,67,Sóc Trăng,2,2019,2.0107909110917,soc trang,Sóc Trăng,2.01,D71,both,0.0007909110917001527,MISMATCH,1e-12
V05.05,active_firms_per_1000,67,Sóc Trăng,3,2020,2.23794312057156,soc trang,Sóc Trăng,2.24,E71,both,0.00205687942844035,MISMATCH,1e-12
V05.05,active_firms_per_1000,67,Sóc Trăng,4,2021,2.33092158675357,soc trang,Sóc Trăng,2.33,F71,both,0.000921586753570125,MISMATCH,1e-12
V05.05,active_firms_per_1000,67,Sóc Trăng,5,2022,2.41688463153571,soc trang,Sóc Trăng,2.42,G71,both,0.003115368464289947,MISMATCH,1e-12
V05.05,active_firms_per_1000,67,Sóc Trăng,6,2023,2.4,soc trang,Sóc Trăng,2.4,H71,both,0.0,MATCHED,1e-12
V05.05,active_firms_per_1000,67,Sóc Trăng,7,2024,2.5,soc trang,Sóc Trăng,2.5,I71,both,0.0,MATCHED,1e-12
V05.05,active_firms_per_1000,26,Sơn La,0,2017,1.35398510863608,son la,Sơn La,1.35,B30,both,0.003985108636079815,MISMATCH,1e-12
V05.05,active_firms_per_1000,26,Sơn La,1,2018,1.40137574873852,son la,Sơn La,1.4,C30,both,0.0013757487385201994,MISMATCH,1e-12
V05.05,active_firms_per_1000,26,Sơn La,2,2019,1.44094979746872,son la,Sơn La,1.44,D30,both,0.0009497974687200372,MISMATCH,1e-12
V05.05,active_firms_per_1000,26,Sơn La,3,2020,1.55601115292059,son la,Sơn La,1.56,E30,both,0.003988847079410052,MISMATCH,1e-12
V05.05,active_firms_per_1000,26,Sơn La,4,2021,1.61836732655665,son la,Sơn La,1.62,F30,both,0.0016326734433500523,MISMATCH,1e-12
V05.05,active_firms_per_1000,26,Sơn La,5,2022,1.63984232285357,son la,Sơn La,1.64,G30,both,0.00015767714643000197,MISMATCH,1e-12
V05.05,active_firms_per_1000,26,Sơn La,6,2023,1.66674407750017,son la,Sơn La,1.67,H30,both,0.0032559224998298664,MISMATCH,1e-12
V05.05,active_firms_per_1000,26,Sơn La,7,2024,1.71053224909438,son la,Sơn La,1.71,I30,both,0.0005322490943799885,MISMATCH,1e-12
V05.05,active_firms_per_1000,43,Tây Nguyên,0,2017,3.06225086354496,tay nguyen,Tây Nguyên,3.06,B47,both,0.002250863544960069,MISMATCH,1e-12
V05.05,active_firms_per_1000,43,Tây Nguyên,1,2018,3.18974946432083,tay nguyen,Tây Nguyên,3.19,C47,both,0.00025053567916977215,MISMATCH,1e-12
V05.05,active_firms_per_1000,43,Tây Nguyên,2,2019,3.37414426535375,tay nguyen,Tây Nguyên,3.37,D47,both,0.0041442653537497876,MISMATCH,1e-12
V05.05,active_firms_per_1000,43,Tây Nguyên,3,2020,3.75886466500238,tay nguyen,Tây Nguyên,3.76,E47,both,0.0011353349976199745,MISMATCH,1e-12
V05.05,active_firms_per_1000,43,Tây Nguyên,4,2021,3.9174604993958,tay nguyen,Tây Nguyên,3.92,F47,both,0.00253950060419994,MISMATCH,1e-12
V05.05,active_firms_per_1000,43,Tây Nguyên,5,2022,4.08934045146227,tay nguyen,Tây Nguyên,4.09,G47,both,0.0006595485377296484,MISMATCH,1e-12
V05.05,active_firms_per_1000,43,Tây Nguyên,6,2023,4.3,tay nguyen,Tây Nguyên,4.3,H47,both,0.0,MATCHED,1e-12
V05.05,active_firms_per_1000,43,Tây Nguyên,7,2024,4.3,tay nguyen,Tây Nguyên,4.3,I47,both,0.0,MATCHED,1e-12
V05.05,active_firms_per_1000,51,Tây Ninh,0,2017,3.18398295852395,tay ninh,Tây Ninh,3.18,B55,both,0.003982958523949698,MISMATCH,1e-12
V05.05,active_firms_per_1000,51,Tây Ninh,1,2018,3.31012569345066,tay ninh,Tây Ninh,3.31,C55,both,0.00012569345066015813,MISMATCH,1e-12
V05.05,active_firms_per_1000,51,Tây Ninh,2,2019,3.41047877284214,tay ninh,Tây Ninh,3.41,D55,both,0.0004787728421398185,MISMATCH,1e-12
V05.05,active_firms_per_1000,51,Tây Ninh,3,2020,3.69336436383854,tay ninh,Tây Ninh,3.69,E55,both,0.0033643638385401076,MISMATCH,1e-12
V05.05,active_firms_per_1000,51,Tây Ninh,4,2021,3.85817158202803,tay ninh,Tây Ninh,3.86,F55,both,0.0018284179719700866,MISMATCH,1e-12
V05.05,active_firms_per_1000,51,Tây Ninh,5,2022,4.14718554996055,tay ninh,Tây Ninh,4.15,G55,both,0.0028144500394500227,MISMATCH,1e-12
V05.05,active_firms_per_1000,51,Tây Ninh,6,2023,4.3,tay ninh,Tây Ninh,4.3,H55,both,0.0,MATCHED,1e-12
V05.05,active_firms_per_1000,51,Tây Ninh,7,2024,4.4,tay ninh,Tây Ninh,4.4,I55,both,0.0,MATCHED,1e-12
V05.05,active_firms_per_1000,9,Thái Bình,0,2017,2.42673613198844,thai binh,Thái Bình,2.43,B13,both,0.0032638680115599783,MISMATCH,1e-12
V05.05,active_firms_per_1000,9,Thái Bình,1,2018,2.60931284140038,thai binh,Thái Bình,2.61,C13,both,0.0006871585996197638,MISMATCH,1e-12
V05.05,active_firms_per_1000,9,Thái Bình,2,2019,2.6801862758997,thai binh,Thái Bình,2.68,D13,both,0.00018627589969977265,MISMATCH,1e-12
V05.05,active_firms_per_1000,9,Thái Bình,3,2020,2.75463829332193,thai binh,Thái Bình,2.75,E13,both,0.00463829332193022,MISMATCH,1e-12
V05.05,active_firms_per_1000,9,Thái Bình,4,2021,2.92493233992719,thai binh,Thái Bình,2.92,F13,both,0.00493233992719011,MISMATCH,1e-12
V05.05,active_firms_per_1000,9,Thái Bình,5,2022,3.15830715162536,thai binh,Thái Bình,3.16,G13,both,0.0016928483746401213,MISMATCH,1e-12
V05.05,active_firms_per_1000,9,Thái Bình,6,2023,3.43987653632324,thai binh,Thái Bình,3.44,H13,both,0.00012346367675997172,MISMATCH,1e-12
V05.05,active_firms_per_1000,9,Thái Bình,7,2024,3.67281451490894,thai binh,Thái Bình,3.67,I13,both,0.0028145149089402466,MISMATCH,1e-12
V05.05,active_firms_per_1000,20,Thái Nguyên,0,2017,3.22022348112129,thai nguyen,Thái Nguyên,3.22,B24,both,0.00022348112129000341,MISMATCH,1e-12
V05.05,active_firms_per_1000,20,Thái Nguyên,1,2018,3.32532950992417,thai nguyen,Thái Nguyên,3.33,C24,both,0.004670490075830092,MISMATCH,1e-12
V05.05,active_firms_per_1000,20,Thái Nguyên,2,2019,3.50595881311752,thai nguyen,Thái Nguyên,3.51,D24,both,0.004041186882479675,MISMATCH,1e-12
V05.05,active_firms_per_1000,20,Thái Nguyên,3,2020,3.66167709301349,thai nguyen,Thái Nguyên,3.66,E24,both,0.0016770930134897277,MISMATCH,1e-12
V05.05,active_firms_per_1000,20,Thái Nguyên,4,2021,3.90507501039187,thai nguyen,Thái Nguyên,3.91,F24,both,0.004924989608130037,MISMATCH,1e-12
V05.05,active_firms_per_1000,20,Thái Nguyên,5,2022,4.06965037833452,thai nguyen,Thái Nguyên,4.07,G24,both,0.0003496216654799156,MISMATCH,1e-12
V05.05,active_firms_per_1000,20,Thái Nguyên,6,2023,4.25372775105621,thai nguyen,Thái Nguyên,4.25,H24,both,0.003727751056209705,MISMATCH,1e-12
V05.05,active_firms_per_1000,20,Thái Nguyên,7,2024,4.45576262775167,thai nguyen,Thái Nguyên,4.46,I24,both,0.004237372248329763,MISMATCH,1e-12
V05.05,active_firms_per_1000,29,Thanh Hóa,0,2017,2.65199729500161,thanh hoa,Thanh Hóa,2.65,B33,both,0.0019972950016100555,MISMATCH,1e-12
V05.05,active_firms_per_1000,29,Thanh Hóa,1,2018,3.06420960768919,thanh hoa,Thanh Hóa,3.06,C33,both,0.004209607689189987,MISMATCH,1e-12
V05.05,active_firms_per_1000,29,Thanh Hóa,2,2019,3.22645589605123,thanh hoa,Thanh Hóa,3.23,D33,both,0.0035441039487698056,MISMATCH,1e-12
V05.05,active_firms_per_1000,29,Thanh Hóa,3,2020,3.58859494702342,thanh hoa,Thanh Hóa,3.59,E33,both,0.0014050529765796682,MISMATCH,1e-12
V05.05,active_firms_per_1000,29,Thanh Hóa,4,2021,3.79073669663451,thanh hoa,Thanh Hóa,3.79,F33,both,0.0007366966345099257,MISMATCH,1e-12
V05.05,active_firms_per_1000,29,Thanh Hóa,5,2022,4.16274970386015,thanh hoa,Thanh Hóa,4.16,G33,both,0.0027497038601502766,MISMATCH,1e-12
V05.05,active_firms_per_1000,29,Thanh Hóa,6,2023,4.4,thanh hoa,Thanh Hóa,4.4,H33,both,0.0,MATCHED,1e-12
V05.05,active_firms_per_1000,29,Thanh Hóa,7,2024,4.5,thanh hoa,Thanh Hóa,4.5,I33,both,0.0,MATCHED,1e-12
V05.05,active_firms_per_1000,34,Thừa Thiên - Huế,0,2017,3.70318607530821,thua thien hue,Thừa Thiên - Huế,3.7,B38,both,0.0031860753082098014,MISMATCH,1e-12
V05.05,active_firms_per_1000,34,Thừa Thiên - Huế,1,2018,3.82331877931019,thua thien hue,Thừa Thiên - Huế,3.82,C38,both,0.003318779310190312,MISMATCH,1e-12
V05.05,active_firms_per_1000,34,Thừa Thiên - Huế,2,2019,3.93889358612844,thua thien hue,Thừa Thiên - Huế,3.94,D38,both,0.0011064138715597416,MISMATCH,1e-12
V05.05,active_firms_per_1000,34,Thừa Thiên - Huế,3,2020,4.10156715147484,thua thien hue,Thừa Thiên - Huế,4.1,E38,both,0.0015671514748403226,MISMATCH,1e-12
V05.05,active_firms_per_1000,34,Thừa Thiên - Huế,4,2021,4.12811634649136,thua thien hue,Thừa Thiên - Huế,4.13,F38,both,0.0018836535086395045,MISMATCH,1e-12
V05.05,active_firms_per_1000,34,Thừa Thiên - Huế,5,2022,4.42673138980059,thua thien hue,Thừa Thiên - Huế,4.43,G38,both,0.003268610199409494,MISMATCH,1e-12
V05.05,active_firms_per_1000,34,Thừa Thiên - Huế,6,2023,4.5,thua thien hue,Thừa Thiên - Huế,4.5,H38,both,0.0,MATCHED,1e-12
V05.05,active_firms_per_1000,34,Thừa Thiên - Huế,7,2024,4.6,thua thien hue,Thừa Thiên - Huế,4.6,I38,both,0.0,MATCHED,1e-12
V05.05,active_firms_per_1000,58,Tiền Giang,0,2017,2.37749887118751,tien giang,Tiền Giang,2.38,B62,both,0.0025011288124900943,MISMATCH,1e-12
V05.05,active_firms_per_1000,58,Tiền Giang,1,2018,2.4711991882051,tien giang,Tiền Giang,2.47,C62,both,0.0011991882050996772,MISMATCH,1e-12
V05.05,active_firms_per_1000,58,Tiền Giang,2,2019,2.55450835055871,tien giang,Tiền Giang,2.55,D62,both,0.004508350558710017,MISMATCH,1e-12
V05.05,active_firms_per_1000,58,Tiền Giang,3,2020,2.73787209390915,tien giang,Tiền Giang,2.74,E62,both,0.002127906090850118,MISMATCH,1e-12
V05.05,active_firms_per_1000,58,Tiền Giang,4,2021,2.84362959532791,tien giang,Tiền Giang,2.84,F62,both,0.0036295953279101845,MISMATCH,1e-12
V05.05,active_firms_per_1000,58,Tiền Giang,5,2022,3.09762966913058,tien giang,Tiền Giang,3.1,G62,both,0.0023703308694202896,MISMATCH,1e-12
V05.05,active_firms_per_1000,58,Tiền Giang,6,2023,3.3,tien giang,Tiền Giang,3.3,H62,both,0.0,MATCHED,1e-12
V05.05,active_firms_per_1000,58,Tiền Giang,7,2024,3.4,tien giang,Tiền Giang,3.4,I62,both,0.0,MATCHED,1e-12
V05.05,active_firms_per_1000,60,Trà Vinh,0,2017,1.75084094924347,tra vinh,Trà Vinh,1.75,B64,both,0.0008409492434700017,MISMATCH,1e-12
V05.05,active_firms_per_1000,60,Trà Vinh,1,2018,1.86164729020286,tra vinh,Trà Vinh,1.86,C64,both,0.001647290202859919,MISMATCH,1e-12
V05.05,active_firms_per_1000,60,Trà Vinh,2,2019,2.01818646576613,tra vinh,Trà Vinh,2.02,D64,both,0.0018135342338698734,MISMATCH,1e-12
V05.05,active_firms_per_1000,60,Trà Vinh,3,2020,2.27835369178352,tra vinh,Trà Vinh,2.28,E64,both,0.0016463082164799303,MISMATCH,1e-12
V05.05,active_firms_per_1000,60,Trà Vinh,4,2021,2.39143579701023,tra vinh,Trà Vinh,2.39,F64,both,0.0014357970102296669,MISMATCH,1e-12
V05.05,active_firms_per_1000,60,Trà Vinh,5,2022,2.57736510284933,tra vinh,Trà Vinh,2.58,G64,both,0.0026348971506702235,MISMATCH,1e-12
V05.05,active_firms_per_1000,60,Trà Vinh,6,2023,2.7,tra vinh,Trà Vinh,2.7,H64,both,0.0,MATCHED,1e-12
V05.05,active_firms_per_1000,60,Trà Vinh,7,2024,2.7,tra vinh,Trà Vinh,2.7,I64,both,0.0,MATCHED,1e-12
V05.05,active_firms_per_1000,13,Trung du và miền núi phía Bắc,0,2017,2.31400666550348,trung du va mien nui phia bac,Trung du và miền núi phía Bắc,2.31,B17,both,0.004006665503479834,MISMATCH,1e-12
V05.05,active_firms_per_1000,13,Trung du và miền núi phía Bắc,1,2018,2.44822570948162,trung du va mien nui phia bac,Trung du và miền núi phía Bắc,2.45,C17,both,0.0017742905183801838,MISMATCH,1e-12
V05.05,active_firms_per_1000,13,Trung du và miền núi phía Bắc,2,2019,2.53093497568832,trung du va mien nui phia bac,Trung du và miền núi phía Bắc,2.53,D17,both,0.0009349756883203497,MISMATCH,1e-12
V05.05,active_firms_per_1000,13,Trung du và miền núi phía Bắc,3,2020,2.69303805251795,trung du va mien nui phia bac,Trung du và miền núi phía Bắc,2.69,E17,both,0.003038052517950085,MISMATCH,1e-12
V05.05,active_firms_per_1000,13,Trung du và miền núi phía Bắc,4,2021,2.83278922926814,trung du va mien nui phia bac,Trung du và miền núi phía Bắc,2.83,F17,both,0.002789229268139959,MISMATCH,1e-12
V05.05,active_firms_per_1000,13,Trung du và miền núi phía Bắc,5,2022,3.0212921186522,trung du va mien nui phia bac,Trung du và miền núi phía Bắc,3.02,G17,both,0.001292118652199914,MISMATCH,1e-12
V05.05,active_firms_per_1000,13,Trung du và miền núi phía Bắc,6,2023,3.2,trung du va mien nui phia bac,Trung du và miền núi phía Bắc,3.2,H17,both,0.0,MATCHED,1e-12
V05.05,active_firms_per_1000,13,Trung du và miền núi phía Bắc,7,2024,3.3,trung du va mien nui phia bac,Trung du và miền núi phía Bắc,3.3,I17,both,0.0,MATCHED,1e-12
V05.05,active_firms_per_1000,17,Tuyên Quang,0,2017,1.51589089738665,tuyen quang,Tuyên Quang,1.52,B21,both,0.0041091026133499575,MISMATCH,1e-12
V05.05,active_firms_per_1000,17,Tuyên Quang,1,2018,1.63808055502024,tuyen quang,Tuyên Quang,1.64,C21,both,0.0019194449797599322,MISMATCH,1e-12
V05.05,active_firms_per_1000,17,Tuyên Quang,2,2019,1.69028486832566,tuyen quang,Tuyên Quang,1.69,D21,both,0.00028486832565999265,MISMATCH,1e-12
V05.05,active_firms_per_1000,17,Tuyên Quang,3,2020,1.84134255093966,tuyen quang,Tuyên Quang,1.84,E21,both,0.0013425509396598478,MISMATCH,1e-12
V05.05,active_firms_per_1000,17,Tuyên Quang,4,2021,1.98336468463254,tuyen quang,Tuyên Quang,1.98,F21,both,0.003364684632539916,MISMATCH,1e-12
V05.05,active_firms_per_1000,17,Tuyên Quang,5,2022,2.1780084439712,tuyen quang,Tuyên Quang,2.18,G21,both,0.00199155602880019,MISMATCH,1e-12
V05.05,active_firms_per_1000,17,Tuyên Quang,6,2023,2.3,tuyen quang,Tuyên Quang,2.3,H21,both,0.0,MATCHED,1e-12
V05.05,active_firms_per_1000,17,Tuyên Quang,7,2024,2.3,tuyen quang,Tuyên Quang,2.3,I21,both,0.0,MATCHED,1e-12
V05.05,active_firms_per_1000,61,Vĩnh Long,0,2017,2.36549949785697,vinh long,Vĩnh Long,2.37,B65,both,0.004500502143029994,MISMATCH,1e-12
V05.05,active_firms_per_1000,61,Vĩnh Long,1,2018,2.39957288775983,vinh long,Vĩnh Long,2.4,C65,both,0.0004271122401697802,MISMATCH,1e-12
V05.05,active_firms_per_1000,61,Vĩnh Long,2,2019,2.42807927488146,vinh long,Vĩnh Long,2.43,D65,both,0.0019207251185400231,MISMATCH,1e-12
V05.05,active_firms_per_1000,61,Vĩnh Long,3,2020,2.60320088242298,vinh long,Vĩnh Long,2.6,E65,both,0.0032008824229801114,MISMATCH,1e-12
V05.05,active_firms_per_1000,61,Vĩnh Long,4,2021,2.71327434488321,vinh long,Vĩnh Long,2.71,F65,both,0.0032743448832102118,MISMATCH,1e-12
V05.05,active_firms_per_1000,61,Vĩnh Long,5,2022,2.79640209871095,vinh long,Vĩnh Long,2.8,G65,both,0.0035979012890496875,MISMATCH,1e-12
V05.05,active_firms_per_1000,61,Vĩnh Long,6,2023,3.0,vinh long,Vĩnh Long,3.0,H65,both,0.0,MATCHED,1e-12
V05.05,active_firms_per_1000,61,Vĩnh Long,7,2024,3.0,vinh long,Vĩnh Long,3.0,I65,both,0.0,MATCHED,1e-12
V05.05,active_firms_per_1000,3,Vĩnh Phúc,0,2017,5.05190804352084,vinh phuc,Vĩnh Phúc,5.05,B7,both,0.0019080435208405078,MISMATCH,1e-12
V05.05,active_firms_per_1000,3,Vĩnh Phúc,1,2018,5.62031676871316,vinh phuc,Vĩnh Phúc,5.62,C7,both,0.00031676871315955424,MISMATCH,1e-12
V05.05,active_firms_per_1000,3,Vĩnh Phúc,2,2019,6.12121547994694,vinh phuc,Vĩnh Phúc,6.12,D7,both,0.0012154799469401567,MISMATCH,1e-12
V05.05,active_firms_per_1000,3,Vĩnh Phúc,3,2020,6.62379443184612,vinh phuc,Vĩnh Phúc,6.62,E7,both,0.003794431846119828,MISMATCH,1e-12
V05.05,active_firms_per_1000,3,Vĩnh Phúc,4,2021,6.98282159144254,vinh phuc,Vĩnh Phúc,6.98,F7,both,0.0028215914425393507,MISMATCH,1e-12
V05.05,active_firms_per_1000,3,Vĩnh Phúc,5,2022,7.5984288787057,vinh phuc,Vĩnh Phúc,7.6,G7,both,0.0015711212942992603,MISMATCH,1e-12
V05.05,active_firms_per_1000,3,Vĩnh Phúc,6,2023,8.07118692759955,vinh phuc,Vĩnh Phúc,8.07,H7,both,0.0011869275995497475,MISMATCH,1e-12
V05.05,active_firms_per_1000,3,Vĩnh Phúc,7,2024,8.35720523304687,vinh phuc,Vĩnh Phúc,8.36,I7,both,0.002794766953130079,MISMATCH,1e-12
V05.05,active_firms_per_1000,19,Yên Bái,0,2017,1.76269406047663,yen bai,Yên Bái,1.76,B23,both,0.0026940604766299003,MISMATCH,1e-12
V05.05,active_firms_per_1000,19,Yên Bái,1,2018,1.85740118515208,yen bai,Yên Bái,1.86,C23,both,0.002598814847920128,MISMATCH,1e-12
V05.05,active_firms_per_1000,19,Yên Bái,2,2019,1.95496176342654,yen bai,Yên Bái,1.95,D23,both,0.004961763426539978,MISMATCH,1e-12
V05.05,active_firms_per_1000,19,Yên Bái,3,2020,2.07555201747023,yen bai,Yên Bái,2.08,E23,both,0.004447982529769856,MISMATCH,1e-12
V05.05,active_firms_per_1000,19,Yên Bái,4,2021,2.23930810482383,yen bai,Yên Bái,2.24,F23,both,0.0006918951761702985,MISMATCH,1e-12
V05.05,active_firms_per_1000,19,Yên Bái,5,2022,2.38419819532721,yen bai,Yên Bái,2.38,G23,both,0.004198195327210108,MISMATCH,1e-12
V05.05,active_firms_per_1000,19,Yên Bái,6,2023,2.55981971388463,yen bai,Yên Bái,2.56,H23,both,0.0001802861153699098,MISMATCH,1e-12
V05.05,active_firms_per_1000,19,Yên Bái,7,2024,2.65970491747153,yen bai,Yên Bái,2.66,I23,both,0.0002950825284702141,MISMATCH,1e-12
