diagnostic_label,scope,aggregation_variant,year,excluded_province_id_legacy63,baseline_correlation,leave_one_out_correlation,correlation_change,influence_disposition
POST_HOC_MEASUREMENT_DIAGNOSTIC,yearly_rank,unweighted_tile_median,2021,VN_LEGACY63_01,0.5423517271081965,0.5513724504392468,0.009020723331050307,RETAINED
POST_HOC_MEASUREMENT_DIAGNOSTIC,yearly_rank,unweighted_tile_median,2021,VN_LEGACY63_02,0.5423517271081965,0.5447242509911553,0.0023725238829588324,RETAINED
POST_HOC_MEASUREMENT_DIAGNOSTIC,yearly_rank,unweighted_tile_median,2021,VN_LEGACY63_04,0.5423517271081965,0.5408713172201024,-0.0014804098880940586,RETAINED
POST_HOC_MEASUREMENT_DIAGNOSTIC,yearly_rank,unweighted_tile_median,2021,VN_LEGACY63_06,0.5423517271081965,0.5220095695435097,-0.020342157564686714,RETAINED
POST_HOC_MEASUREMENT_DIAGNOSTIC,yearly_rank,unweighted_tile_median,2021,VN_LEGACY63_08,0.5423517271081965,0.5627297911630695,0.02037806405487308,RETAINED
POST_HOC_MEASUREMENT_DIAGNOSTIC,yearly_rank,unweighted_tile_median,2021,VN_LEGACY63_10,0.5423517271081965,0.5393603628000816,-0.0029913643081148633,RETAINED
POST_HOC_MEASUREMENT_DIAGNOSTIC,yearly_rank,unweighted_tile_median,2021,VN_LEGACY63_11,0.5423517271081965,0.53220851187865,-0.01014321522954642,RETAINED
POST_HOC_MEASUREMENT_DIAGNOSTIC,yearly_rank,unweighted_tile_median,2021,VN_LEGACY63_12,0.5423517271081965,0.5492067491038836,0.006855021995687105,RETAINED
POST_HOC_MEASUREMENT_DIAGNOSTIC,yearly_rank,unweighted_tile_median,2021,VN_LEGACY63_14,0.5423517271081965,0.536187358518038,-0.006164368590158453,RETAINED
POST_HOC_MEASUREMENT_DIAGNOSTIC,yearly_rank,unweighted_tile_median,2021,VN_LEGACY63_15,0.5423517271081965,0.5359858979287019,-0.006365829179494575,RETAINED
POST_HOC_MEASUREMENT_DIAGNOSTIC,yearly_rank,unweighted_tile_median,2021,VN_LEGACY63_17,0.5423517271081965,0.5383530598534011,-0.003998667254795363,RETAINED
POST_HOC_MEASUREMENT_DIAGNOSTIC,yearly_rank,unweighted_tile_median,2021,VN_LEGACY63_19,0.5423517271081965,0.553991438100616,0.01163971099241956,RETAINED
POST_HOC_MEASUREMENT_DIAGNOSTIC,yearly_rank,unweighted_tile_median,2021,VN_LEGACY63_20,0.5423517271081965,0.5308738354742982,-0.01147789163389823,RETAINED
POST_HOC_MEASUREMENT_DIAGNOSTIC,yearly_rank,unweighted_tile_median,2021,VN_LEGACY63_22,0.5423517271081965,0.5515235458812487,0.009171818773052287,RETAINED
POST_HOC_MEASUREMENT_DIAGNOSTIC,yearly_rank,unweighted_tile_median,2021,VN_LEGACY63_24,0.5423517271081965,0.5300176279696198,-0.012334099138576637,RETAINED
POST_HOC_MEASUREMENT_DIAGNOSTIC,yearly_rank,unweighted_tile_median,2021,VN_LEGACY63_25,0.5423517271081965,0.5707882147365138,0.028436487628317297,RETAINED
POST_HOC_MEASUREMENT_DIAGNOSTIC,yearly_rank,unweighted_tile_median,2021,VN_LEGACY63_26,0.5423517271081965,0.5330143542359944,-0.009337372872202043,RETAINED
POST_HOC_MEASUREMENT_DIAGNOSTIC,yearly_rank,unweighted_tile_median,2021,VN_LEGACY63_27,0.5423517271081965,0.5682195922224783,0.02586786511428185,RETAINED
POST_HOC_MEASUREMENT_DIAGNOSTIC,yearly_rank,unweighted_tile_median,2021,VN_LEGACY63_30,0.5423517271081965,0.5358851676340338,-0.0064665594741626364,RETAINED
POST_HOC_MEASUREMENT_DIAGNOSTIC,yearly_rank,unweighted_tile_median,2021,VN_LEGACY63_31,0.5423517271081965,0.5467136743108494,0.004361947202652927,RETAINED
POST_HOC_MEASUREMENT_DIAGNOSTIC,yearly_rank,unweighted_tile_median,2021,VN_LEGACY63_33,0.5423517271081965,0.5586502142290135,0.01629848712081705,RETAINED
POST_HOC_MEASUREMENT_DIAGNOSTIC,yearly_rank,unweighted_tile_median,2021,VN_LEGACY63_34,0.5423517271081965,0.5459833796745059,0.0036316525663094845,RETAINED
POST_HOC_MEASUREMENT_DIAGNOSTIC,yearly_rank,unweighted_tile_median,2021,VN_LEGACY63_35,0.5423517271081965,0.5429866534081315,0.0006349262999350014,RETAINED
POST_HOC_MEASUREMENT_DIAGNOSTIC,yearly_rank,unweighted_tile_median,2021,VN_LEGACY63_36,0.5423517271081965,0.5718890470228323,0.029537319914635818,RETAINED
POST_HOC_MEASUREMENT_DIAGNOSTIC,yearly_rank,unweighted_tile_median,2021,VN_LEGACY63_37,0.5423517271081965,0.5426089148031262,0.00025718769492977245,RETAINED
POST_HOC_MEASUREMENT_DIAGNOSTIC,yearly_rank,unweighted_tile_median,2021,VN_LEGACY63_38,0.5423517271081965,0.5412742383987745,-0.0010774887094219254,RETAINED
POST_HOC_MEASUREMENT_DIAGNOSTIC,yearly_rank,unweighted_tile_median,2021,VN_LEGACY63_40,0.5423517271081965,0.5262906070669019,-0.016061120041294563,RETAINED
POST_HOC_MEASUREMENT_DIAGNOSTIC,yearly_rank,unweighted_tile_median,2021,VN_LEGACY63_42,0.5423517271081965,0.5220095695435097,-0.020342157564686714,RETAINED
POST_HOC_MEASUREMENT_DIAGNOSTIC,yearly_rank,unweighted_tile_median,2021,VN_LEGACY63_44,0.5423517271081965,0.5329136239413262,-0.009438103166870215,RETAINED
POST_HOC_MEASUREMENT_DIAGNOSTIC,yearly_rank,unweighted_tile_median,2021,VN_LEGACY63_45,0.5423517271081965,0.5450012593014925,0.0026495321932960003,RETAINED
POST_HOC_MEASUREMENT_DIAGNOSTIC,yearly_rank,unweighted_tile_median,2021,VN_LEGACY63_46,0.5423517271081965,0.5463863008531782,0.004034573744981729,RETAINED
POST_HOC_MEASUREMENT_DIAGNOSTIC,yearly_rank,unweighted_tile_median,2021,VN_LEGACY63_48,0.5423517271081965,0.52664316309824,-0.01570856400995646,RETAINED
POST_HOC_MEASUREMENT_DIAGNOSTIC,yearly_rank,unweighted_tile_median,2021,VN_LEGACY63_49,0.5423517271081965,0.5445227904018193,0.0021710632936228214,RETAINED
POST_HOC_MEASUREMENT_DIAGNOSTIC,yearly_rank,unweighted_tile_median,2021,VN_LEGACY63_51,0.5423517271081965,0.5504658777872342,0.008114150679037757,RETAINED
POST_HOC_MEASUREMENT_DIAGNOSTIC,yearly_rank,unweighted_tile_median,2021,VN_LEGACY63_52,0.5423517271081965,0.5658272477241122,0.023475520615915735,RETAINED
POST_HOC_MEASUREMENT_DIAGNOSTIC,yearly_rank,unweighted_tile_median,2021,VN_LEGACY63_54,0.5423517271081965,0.5496096702825558,0.007257943174359349,RETAINED
POST_HOC_MEASUREMENT_DIAGNOSTIC,yearly_rank,unweighted_tile_median,2021,VN_LEGACY63_56,0.5423517271081965,0.5304709142956261,-0.011880812812570363,RETAINED
POST_HOC_MEASUREMENT_DIAGNOSTIC,yearly_rank,unweighted_tile_median,2021,VN_LEGACY63_58,0.5423517271081965,0.5488038279252114,0.006452100817014972,RETAINED
POST_HOC_MEASUREMENT_DIAGNOSTIC,yearly_rank,unweighted_tile_median,2021,VN_LEGACY63_60,0.5423517271081965,0.5490487403011366,0.006697013192940138,RETAINED
POST_HOC_MEASUREMENT_DIAGNOSTIC,yearly_rank,unweighted_tile_median,2021,VN_LEGACY63_62,0.5423517271081965,0.5445731555491532,0.002221428440956741,RETAINED
POST_HOC_MEASUREMENT_DIAGNOSTIC,yearly_rank,unweighted_tile_median,2021,VN_LEGACY63_64,0.5423517271081965,0.5294636113489456,-0.012888115759250862,RETAINED
POST_HOC_MEASUREMENT_DIAGNOSTIC,yearly_rank,unweighted_tile_median,2021,VN_LEGACY63_66,0.5423517271081965,0.5489045582198795,0.006552831111683033,RETAINED
POST_HOC_MEASUREMENT_DIAGNOSTIC,yearly_rank,unweighted_tile_median,2021,VN_LEGACY63_67,0.5423517271081965,0.548174263583536,0.00582253647533959,RETAINED
POST_HOC_MEASUREMENT_DIAGNOSTIC,yearly_rank,unweighted_tile_median,2021,VN_LEGACY63_68,0.5423517271081965,0.5369108926276445,-0.005440834480551993,RETAINED
POST_HOC_MEASUREMENT_DIAGNOSTIC,yearly_rank,unweighted_tile_median,2021,VN_LEGACY63_70,0.5423517271081965,0.5395366408157507,-0.0028150862924457565,RETAINED
POST_HOC_MEASUREMENT_DIAGNOSTIC,yearly_rank,unweighted_tile_median,2021,VN_LEGACY63_72,0.5423517271081965,0.5202971545341528,-0.02205457257404364,RETAINED
POST_HOC_MEASUREMENT_DIAGNOSTIC,yearly_rank,unweighted_tile_median,2021,VN_LEGACY63_74,0.5423517271081965,0.5212037271861654,-0.02114799992203109,RETAINED
POST_HOC_MEASUREMENT_DIAGNOSTIC,yearly_rank,unweighted_tile_median,2021,VN_LEGACY63_75,0.5423517271081965,0.5294636113489456,-0.012888115759250862,RETAINED
POST_HOC_MEASUREMENT_DIAGNOSTIC,yearly_rank,unweighted_tile_median,2021,VN_LEGACY63_77,0.5423517271081965,0.5379937296607569,-0.004357997447439588,RETAINED
POST_HOC_MEASUREMENT_DIAGNOSTIC,yearly_rank,unweighted_tile_median,2021,VN_LEGACY63_79,0.5423517271081965,0.5198438682081467,-0.022507858900049804,RETAINED
POST_HOC_MEASUREMENT_DIAGNOSTIC,yearly_rank,unweighted_tile_median,2021,VN_LEGACY63_80,0.5423517271081965,0.5364643668283751,-0.005887360279821396,RETAINED
POST_HOC_MEASUREMENT_DIAGNOSTIC,yearly_rank,unweighted_tile_median,2021,VN_LEGACY63_82,0.5423517271081965,0.5348023169663523,-0.007549410141844182,RETAINED
POST_HOC_MEASUREMENT_DIAGNOSTIC,yearly_rank,unweighted_tile_median,2021,VN_LEGACY63_83,0.5423517271081965,0.5428103753924624,0.00045864828426589455,RETAINED
POST_HOC_MEASUREMENT_DIAGNOSTIC,yearly_rank,unweighted_tile_median,2021,VN_LEGACY63_84,0.5423517271081965,0.5450768070224935,0.002725079914297046,RETAINED
POST_HOC_MEASUREMENT_DIAGNOSTIC,yearly_rank,unweighted_tile_median,2021,VN_LEGACY63_86,0.5423517271081965,0.5439184086338109,0.001566681525614455,RETAINED
POST_HOC_MEASUREMENT_DIAGNOSTIC,yearly_rank,unweighted_tile_median,2021,VN_LEGACY63_87,0.5423517271081965,0.5420045330351179,-0.00034719407307859385,RETAINED
POST_HOC_MEASUREMENT_DIAGNOSTIC,yearly_rank,unweighted_tile_median,2021,VN_LEGACY63_89,0.5423517271081965,0.542306723919122,-4.50031890744107e-05,RETAINED
POST_HOC_MEASUREMENT_DIAGNOSTIC,yearly_rank,unweighted_tile_median,2021,VN_LEGACY63_91,0.5423517271081965,0.5487534627778774,0.006401735669680941,RETAINED
POST_HOC_MEASUREMENT_DIAGNOSTIC,yearly_rank,unweighted_tile_median,2021,VN_LEGACY63_92,0.5423517271081965,0.5389826241950765,-0.0033691029131199812,RETAINED
POST_HOC_MEASUREMENT_DIAGNOSTIC,yearly_rank,unweighted_tile_median,2021,VN_LEGACY63_93,0.5423517271081965,0.5437169480444749,0.001365220936278444,RETAINED
POST_HOC_MEASUREMENT_DIAGNOSTIC,yearly_rank,unweighted_tile_median,2021,VN_LEGACY63_94,0.5423517271081965,0.5491060188092156,0.006754291701019155,RETAINED
POST_HOC_MEASUREMENT_DIAGNOSTIC,yearly_rank,unweighted_tile_median,2021,VN_LEGACY63_95,0.5423517271081965,0.536212541091705,-0.006139186016491438,RETAINED
POST_HOC_MEASUREMENT_DIAGNOSTIC,yearly_rank,unweighted_tile_median,2021,VN_LEGACY63_96,0.5423517271081965,0.5643666584514253,0.02201493134322885,RETAINED
POST_HOC_MEASUREMENT_DIAGNOSTIC,yearly_rank,unweighted_tile_median,2022,VN_LEGACY63_01,0.48787278731386163,0.46752036669995056,-0.02035242061391107,RETAINED
POST_HOC_MEASUREMENT_DIAGNOSTIC,yearly_rank,unweighted_tile_median,2022,VN_LEGACY63_02,0.48787278731386163,0.5060690002518256,0.018196212937963918,RETAINED
POST_HOC_MEASUREMENT_DIAGNOSTIC,yearly_rank,unweighted_tile_median,2022,VN_LEGACY63_04,0.48787278731386163,0.48398997724785076,-0.0038828100660108777,RETAINED
POST_HOC_MEASUREMENT_DIAGNOSTIC,yearly_rank,unweighted_tile_median,2022,VN_LEGACY63_06,0.48787278731386163,0.47039121624499747,-0.017481571068864166,RETAINED
POST_HOC_MEASUREMENT_DIAGNOSTIC,yearly_rank,unweighted_tile_median,2022,VN_LEGACY63_08,0.48787278731386163,0.49962226139511445,0.01174947408125282,RETAINED
POST_HOC_MEASUREMENT_DIAGNOSTIC,yearly_rank,unweighted_tile_median,2022,VN_LEGACY63_10,0.48787278731386163,0.4828063813827877,-0.005066405931073936,RETAINED
POST_HOC_MEASUREMENT_DIAGNOSTIC,yearly_rank,unweighted_tile_median,2022,VN_LEGACY63_11,0.48787278731386163,0.558329870730116,0.07045708341625434,RETAINED
POST_HOC_MEASUREMENT_DIAGNOSTIC,yearly_rank,unweighted_tile_median,2022,VN_LEGACY63_12,0.48787278731386163,0.48817033711169083,0.00029754979782919966,RETAINED
POST_HOC_MEASUREMENT_DIAGNOSTIC,yearly_rank,unweighted_tile_median,2022,VN_LEGACY63_14,0.48787278731386163,0.4680240245148711,-0.01984876279899056,RETAINED
POST_HOC_MEASUREMENT_DIAGNOSTIC,yearly_rank,unweighted_tile_median,2022,VN_LEGACY63_15,0.48787278731386163,0.47144889765633047,-0.016423889657531165,RETAINED
POST_HOC_MEASUREMENT_DIAGNOSTIC,yearly_rank,unweighted_tile_median,2022,VN_LEGACY63_17,0.48787278731386163,0.5134791423114459,0.025606354997584235,RETAINED
POST_HOC_MEASUREMENT_DIAGNOSTIC,yearly_rank,unweighted_tile_median,2022,VN_LEGACY63_19,0.48787278731386163,0.4733627973530284,-0.014509989960833247,RETAINED
POST_HOC_MEASUREMENT_DIAGNOSTIC,yearly_rank,unweighted_tile_median,2022,VN_LEGACY63_20,0.48787278731386163,0.47560407462942444,-0.012268712684437189,RETAINED
POST_HOC_MEASUREMENT_DIAGNOSTIC,yearly_rank,unweighted_tile_median,2022,VN_LEGACY63_22,0.48787278731386163,0.4999055641993384,0.01203277688547677,RETAINED
POST_HOC_MEASUREMENT_DIAGNOSTIC,yearly_rank,unweighted_tile_median,2022,VN_LEGACY63_24,0.48787278731386163,0.4967828857468313,0.008910098432969693,RETAINED
POST_HOC_MEASUREMENT_DIAGNOSTIC,yearly_rank,unweighted_tile_median,2022,VN_LEGACY63_25,0.48787278731386163,0.4961784963689268,0.008305709055065169,RETAINED
POST_HOC_MEASUREMENT_DIAGNOSTIC,yearly_rank,unweighted_tile_median,2022,VN_LEGACY63_26,0.48787278731386163,0.49582593589848245,0.007953148584620817,RETAINED
POST_HOC_MEASUREMENT_DIAGNOSTIC,yearly_rank,unweighted_tile_median,2022,VN_LEGACY63_27,0.48787278731386163,0.486281620305739,-0.0015911670081226181,RETAINED
POST_HOC_MEASUREMENT_DIAGNOSTIC,yearly_rank,unweighted_tile_median,2022,VN_LEGACY63_30,0.48787278731386163,0.49116710111046785,0.0032943137966062186,RETAINED
POST_HOC_MEASUREMENT_DIAGNOSTIC,yearly_rank,unweighted_tile_median,2022,VN_LEGACY63_31,0.48787278731386163,0.48907692117854784,0.0012041338646862076,RETAINED
POST_HOC_MEASUREMENT_DIAGNOSTIC,yearly_rank,unweighted_tile_median,2022,VN_LEGACY63_33,0.48787278731386163,0.4899835052454047,0.002110717931543049,RETAINED
POST_HOC_MEASUREMENT_DIAGNOSTIC,yearly_rank,unweighted_tile_median,2022,VN_LEGACY63_34,0.48787278731386163,0.49542300964654606,0.007550222332684431,RETAINED
POST_HOC_MEASUREMENT_DIAGNOSTIC,yearly_rank,unweighted_tile_median,2022,VN_LEGACY63_35,0.48787278731386163,0.4905123459510712,0.002639558637209549,RETAINED
POST_HOC_MEASUREMENT_DIAGNOSTIC,yearly_rank,unweighted_tile_median,2022,VN_LEGACY63_36,0.48787278731386163,0.5018194638960364,0.013946676582174744,RETAINED
POST_HOC_MEASUREMENT_DIAGNOSTIC,yearly_rank,unweighted_tile_median,2022,VN_LEGACY63_37,0.48787278731386163,0.5228219947782211,0.03494920746435948,RETAINED
POST_HOC_MEASUREMENT_DIAGNOSTIC,yearly_rank,unweighted_tile_median,2022,VN_LEGACY63_38,0.48787278731386163,0.5173824903770796,0.029509703063217985,RETAINED
POST_HOC_MEASUREMENT_DIAGNOSTIC,yearly_rank,unweighted_tile_median,2022,VN_LEGACY63_40,0.48787278731386163,0.46646268528861756,-0.02141010202524407,RETAINED
POST_HOC_MEASUREMENT_DIAGNOSTIC,yearly_rank,unweighted_tile_median,2022,VN_LEGACY63_42,0.48787278731386163,0.46882987701874385,-0.019042910295117788,RETAINED
POST_HOC_MEASUREMENT_DIAGNOSTIC,yearly_rank,unweighted_tile_median,2022,VN_LEGACY63_44,0.48787278731386163,0.48038882387116927,-0.007483963442692365,RETAINED
POST_HOC_MEASUREMENT_DIAGNOSTIC,yearly_rank,unweighted_tile_median,2022,VN_LEGACY63_45,0.48787278731386163,0.49255216010149916,0.004679372787637526,RETAINED
POST_HOC_MEASUREMENT_DIAGNOSTIC,yearly_rank,unweighted_tile_median,2022,VN_LEGACY63_46,0.48787278731386163,0.4961533134781808,0.00828052616431918,RETAINED
POST_HOC_MEASUREMENT_DIAGNOSTIC,yearly_rank,unweighted_tile_median,2022,VN_LEGACY63_48,0.48787278731386163,0.46973646108560074,-0.01813632622826089,RETAINED
POST_HOC_MEASUREMENT_DIAGNOSTIC,yearly_rank,unweighted_tile_median,2022,VN_LEGACY63_49,0.48787278731386163,0.4900590539176428,0.002186266603781184,RETAINED
POST_HOC_MEASUREMENT_DIAGNOSTIC,yearly_rank,unweighted_tile_median,2022,VN_LEGACY63_51,0.48787278731386163,0.4964555081671331,0.008582720853271442,RETAINED
POST_HOC_MEASUREMENT_DIAGNOSTIC,yearly_rank,unweighted_tile_median,2022,VN_LEGACY63_52,0.48787278731386163,0.4952719123020699,0.007399124988208272,RETAINED
POST_HOC_MEASUREMENT_DIAGNOSTIC,yearly_rank,unweighted_tile_median,2022,VN_LEGACY63_54,0.48787278731386163,0.503456351794528,0.015583564480666334,RETAINED
POST_HOC_MEASUREMENT_DIAGNOSTIC,yearly_rank,unweighted_tile_median,2022,VN_LEGACY63_56,0.48787278731386163,0.4934335612776101,0.005560773963748489,RETAINED
POST_HOC_MEASUREMENT_DIAGNOSTIC,yearly_rank,unweighted_tile_median,2022,VN_LEGACY63_58,0.48787278731386163,0.485223938894406,-0.0026488484194556183,RETAINED
POST_HOC_MEASUREMENT_DIAGNOSTIC,yearly_rank,unweighted_tile_median,2022,VN_LEGACY63_60,0.48787278731386163,0.49247661142926114,0.004603824115399502,RETAINED
POST_HOC_MEASUREMENT_DIAGNOSTIC,yearly_rank,unweighted_tile_median,2022,VN_LEGACY63_62,0.48787278731386163,0.5058927223966214,0.018019935082759786,RETAINED
POST_HOC_MEASUREMENT_DIAGNOSTIC,yearly_rank,unweighted_tile_median,2022,VN_LEGACY63_64,0.48787278731386163,0.47225475016020324,-0.015618037153658393,RETAINED
POST_HOC_MEASUREMENT_DIAGNOSTIC,yearly_rank,unweighted_tile_median,2022,VN_LEGACY63_66,0.48787278731386163,0.48600460850753285,-0.0018681788063287796,RETAINED
POST_HOC_MEASUREMENT_DIAGNOSTIC,yearly_rank,unweighted_tile_median,2022,VN_LEGACY63_67,0.48787278731386163,0.4733627973530284,-0.014509989960833247,RETAINED
POST_HOC_MEASUREMENT_DIAGNOSTIC,yearly_rank,unweighted_tile_median,2022,VN_LEGACY63_68,0.48787278731386163,0.4928291718997055,0.004956384585843854,RETAINED
POST_HOC_MEASUREMENT_DIAGNOSTIC,yearly_rank,unweighted_tile_median,2022,VN_LEGACY63_70,0.48787278731386163,0.49061307751405536,0.002740290200193729,RETAINED
POST_HOC_MEASUREMENT_DIAGNOSTIC,yearly_rank,unweighted_tile_median,2022,VN_LEGACY63_72,0.48787278731386163,0.4695853637411246,-0.01828742357273705,RETAINED
POST_HOC_MEASUREMENT_DIAGNOSTIC,yearly_rank,unweighted_tile_median,2022,VN_LEGACY63_74,0.48787278731386163,0.46706707466652214,-0.02080571264733949,RETAINED
POST_HOC_MEASUREMENT_DIAGNOSTIC,yearly_rank,unweighted_tile_median,2022,VN_LEGACY63_75,0.48787278731386163,0.4671174404480142,-0.020755346865847457,RETAINED
POST_HOC_MEASUREMENT_DIAGNOSTIC,yearly_rank,unweighted_tile_median,2022,VN_LEGACY63_77,0.48787278731386163,0.480187360745201,-0.007685426568660614,RETAINED
POST_HOC_MEASUREMENT_DIAGNOSTIC,yearly_rank,unweighted_tile_median,2022,VN_LEGACY63_79,0.48787278731386163,0.4657575643477288,-0.02211522296613283,RETAINED
POST_HOC_MEASUREMENT_DIAGNOSTIC,yearly_rank,unweighted_tile_median,2022,VN_LEGACY63_80,0.48787278731386163,0.4704415820264894,-0.017431205287372242,RETAINED
POST_HOC_MEASUREMENT_DIAGNOSTIC,yearly_rank,unweighted_tile_median,2022,VN_LEGACY63_82,0.48787278731386163,0.48091766457683577,-0.006955122737025865,RETAINED
POST_HOC_MEASUREMENT_DIAGNOSTIC,yearly_rank,unweighted_tile_median,2022,VN_LEGACY63_83,0.48787278731386163,0.4840342483001762,-0.003838539013685416,RETAINED
POST_HOC_MEASUREMENT_DIAGNOSTIC,yearly_rank,unweighted_tile_median,2022,VN_LEGACY63_84,0.48787278731386163,0.48257973536607335,-0.005293051947788285,RETAINED
POST_HOC_MEASUREMENT_DIAGNOSTIC,yearly_rank,unweighted_tile_median,2022,VN_LEGACY63_86,0.48787278731386163,0.4931817323701499,0.005308945056288261,RETAINED
POST_HOC_MEASUREMENT_DIAGNOSTIC,yearly_rank,unweighted_tile_median,2022,VN_LEGACY63_87,0.48787278731386163,0.4900842368083888,0.0022114494945271734,RETAINED
POST_HOC_MEASUREMENT_DIAGNOSTIC,yearly_rank,unweighted_tile_median,2022,VN_LEGACY63_89,0.48787278731386163,0.47894736857291775,-0.00892541874094388,RETAINED
POST_HOC_MEASUREMENT_DIAGNOSTIC,yearly_rank,unweighted_tile_median,2022,VN_LEGACY63_91,0.48787278731386163,0.48912728696003993,0.0012544996461782976,RETAINED
POST_HOC_MEASUREMENT_DIAGNOSTIC,yearly_rank,unweighted_tile_median,2022,VN_LEGACY63_92,0.48787278731386163,0.4671174404480142,-0.020755346865847457,RETAINED
POST_HOC_MEASUREMENT_DIAGNOSTIC,yearly_rank,unweighted_tile_median,2022,VN_LEGACY63_93,0.48787278731386163,0.4986464196620372,0.010773632348175577,RETAINED
POST_HOC_MEASUREMENT_DIAGNOSTIC,yearly_rank,unweighted_tile_median,2022,VN_LEGACY63_94,0.48787278731386163,0.4900780659783429,0.0022052786644812805,RETAINED
POST_HOC_MEASUREMENT_DIAGNOSTIC,yearly_rank,unweighted_tile_median,2022,VN_LEGACY63_95,0.48787278731386163,0.487314118826326,-0.0005586684875356074,RETAINED
POST_HOC_MEASUREMENT_DIAGNOSTIC,yearly_rank,unweighted_tile_median,2022,VN_LEGACY63_96,0.48787278731386163,0.48406552592008883,-0.0038072613937727984,RETAINED
POST_HOC_MEASUREMENT_DIAGNOSTIC,yearly_rank,unweighted_tile_median,2023,VN_LEGACY63_01,0.29627496159754224,0.288005842209967,-0.008269119387575241,RETAINED
POST_HOC_MEASUREMENT_DIAGNOSTIC,yearly_rank,unweighted_tile_median,2023,VN_LEGACY63_02,0.29627496159754224,0.2985318929263932,0.002256931328850964,RETAINED
POST_HOC_MEASUREMENT_DIAGNOSTIC,yearly_rank,unweighted_tile_median,2023,VN_LEGACY63_04,0.29627496159754224,0.2748105059051648,-0.021464455692377427,RETAINED
POST_HOC_MEASUREMENT_DIAGNOSTIC,yearly_rank,unweighted_tile_median,2023,VN_LEGACY63_06,0.29627496159754224,0.27954471053360536,-0.016730251063936885,RETAINED
POST_HOC_MEASUREMENT_DIAGNOSTIC,yearly_rank,unweighted_tile_median,2023,VN_LEGACY63_08,0.29627496159754224,0.29450278260431617,-0.00177217899322607,RETAINED
POST_HOC_MEASUREMENT_DIAGNOSTIC,yearly_rank,unweighted_tile_median,2023,VN_LEGACY63_10,0.29627496159754224,0.2921860441691219,-0.0040889174284203245,RETAINED
POST_HOC_MEASUREMENT_DIAGNOSTIC,yearly_rank,unweighted_tile_median,2023,VN_LEGACY63_11,0.29627496159754224,0.317569439198207,0.021294477600664774,RETAINED
POST_HOC_MEASUREMENT_DIAGNOSTIC,yearly_rank,unweighted_tile_median,2023,VN_LEGACY63_12,0.29627496159754224,0.3481403137669663,0.05186535216942406,RETAINED
POST_HOC_MEASUREMENT_DIAGNOSTIC,yearly_rank,unweighted_tile_median,2023,VN_LEGACY63_14,0.29627496159754224,0.3329807861801516,0.03670582458260935,RETAINED
POST_HOC_MEASUREMENT_DIAGNOSTIC,yearly_rank,unweighted_tile_median,2023,VN_LEGACY63_15,0.29627496159754224,0.2748105059051648,-0.021464455692377427,RETAINED
POST_HOC_MEASUREMENT_DIAGNOSTIC,yearly_rank,unweighted_tile_median,2023,VN_LEGACY63_17,0.29627496159754224,0.29143058598373245,-0.004844375613809793,RETAINED
POST_HOC_MEASUREMENT_DIAGNOSTIC,yearly_rank,unweighted_tile_median,2023,VN_LEGACY63_19,0.29627496159754224,0.29807861801515956,0.0018036564176173164,RETAINED
POST_HOC_MEASUREMENT_DIAGNOSTIC,yearly_rank,unweighted_tile_median,2023,VN_LEGACY63_20,0.29627496159754224,0.28624310644405837,-0.01003185515348387,RETAINED
POST_HOC_MEASUREMENT_DIAGNOSTIC,yearly_rank,unweighted_tile_median,2023,VN_LEGACY63_22,0.29627496159754224,0.29807861801515956,0.0018036564176173164,RETAINED
POST_HOC_MEASUREMENT_DIAGNOSTIC,yearly_rank,unweighted_tile_median,2023,VN_LEGACY63_24,0.29627496159754224,0.2932940495076931,-0.0029809120898491304,RETAINED
POST_HOC_MEASUREMENT_DIAGNOSTIC,yearly_rank,unweighted_tile_median,2023,VN_LEGACY63_25,0.29627496159754224,0.2921860441691219,-0.0040889174284203245,RETAINED
POST_HOC_MEASUREMENT_DIAGNOSTIC,yearly_rank,unweighted_tile_median,2023,VN_LEGACY63_26,0.29627496159754224,0.28760293117775937,-0.008672030419782872,RETAINED
POST_HOC_MEASUREMENT_DIAGNOSTIC,yearly_rank,unweighted_tile_median,2023,VN_LEGACY63_27,0.29627496159754224,0.29812898189418546,0.0018540202966432218,RETAINED
POST_HOC_MEASUREMENT_DIAGNOSTIC,yearly_rank,unweighted_tile_median,2023,VN_LEGACY63_30,0.29627496159754224,0.28790511445191513,-0.008369847145627107,RETAINED
POST_HOC_MEASUREMENT_DIAGNOSTIC,yearly_rank,unweighted_tile_median,2023,VN_LEGACY63_31,0.29627496159754224,0.2875022034197074,-0.00877275817783485,RETAINED
POST_HOC_MEASUREMENT_DIAGNOSTIC,yearly_rank,unweighted_tile_median,2023,VN_LEGACY63_33,0.29627496159754224,0.30422301125632695,0.007948049658784706,RETAINED
POST_HOC_MEASUREMENT_DIAGNOSTIC,yearly_rank,unweighted_tile_median,2023,VN_LEGACY63_34,0.29627496159754224,0.3171161642869734,0.020841202689431182,RETAINED
POST_HOC_MEASUREMENT_DIAGNOSTIC,yearly_rank,unweighted_tile_median,2023,VN_LEGACY63_35,0.29627496159754224,0.2827679987912669,-0.013506962806275336,RETAINED
POST_HOC_MEASUREMENT_DIAGNOSTIC,yearly_rank,unweighted_tile_median,2023,VN_LEGACY63_36,0.29627496159754224,0.3071441162398328,0.010869154642290546,RETAINED
POST_HOC_MEASUREMENT_DIAGNOSTIC,yearly_rank,unweighted_tile_median,2023,VN_LEGACY63_37,0.29627496159754224,0.30925939915892325,0.012984437561381013,RETAINED
POST_HOC_MEASUREMENT_DIAGNOSTIC,yearly_rank,unweighted_tile_median,2023,VN_LEGACY63_38,0.29627496159754224,0.30084863136158746,0.004573669764045218,RETAINED
POST_HOC_MEASUREMENT_DIAGNOSTIC,yearly_rank,unweighted_tile_median,2023,VN_LEGACY63_40,0.29627496159754224,0.26755810732542623,-0.02871685427211601,RETAINED
POST_HOC_MEASUREMENT_DIAGNOSTIC,yearly_rank,unweighted_tile_median,2023,VN_LEGACY63_42,0.29627496159754224,0.2754148724534764,-0.02086008914406584,RETAINED
POST_HOC_MEASUREMENT_DIAGNOSTIC,yearly_rank,unweighted_tile_median,2023,VN_LEGACY63_44,0.29627496159754224,0.33529752461534584,0.0390225630178036,RETAINED
POST_HOC_MEASUREMENT_DIAGNOSTIC,yearly_rank,unweighted_tile_median,2023,VN_LEGACY63_45,0.29627496159754224,0.28725038402457753,-0.00902457757296471,RETAINED
POST_HOC_MEASUREMENT_DIAGNOSTIC,yearly_rank,unweighted_tile_median,2023,VN_LEGACY63_46,0.29627496159754224,0.30925939915892325,0.012984437561381013,RETAINED
POST_HOC_MEASUREMENT_DIAGNOSTIC,yearly_rank,unweighted_tile_median,2023,VN_LEGACY63_48,0.29627496159754224,0.29440205484626425,-0.0018729067512779918,RETAINED
POST_HOC_MEASUREMENT_DIAGNOSTIC,yearly_rank,unweighted_tile_median,2023,VN_LEGACY63_49,0.29627496159754224,0.3134396011180781,0.017164639520535874,RETAINED
POST_HOC_MEASUREMENT_DIAGNOSTIC,yearly_rank,unweighted_tile_median,2023,VN_LEGACY63_51,0.29627496159754224,0.2973231598297701,0.0010481982322278482,RETAINED
POST_HOC_MEASUREMENT_DIAGNOSTIC,yearly_rank,unweighted_tile_median,2023,VN_LEGACY63_52,0.29627496159754224,0.3039711918611972,0.007696230263654957,RETAINED
POST_HOC_MEASUREMENT_DIAGNOSTIC,yearly_rank,unweighted_tile_median,2023,VN_LEGACY63_54,0.29627496159754224,0.32295837425398505,0.026683412656442806,RETAINED
POST_HOC_MEASUREMENT_DIAGNOSTIC,yearly_rank,unweighted_tile_median,2023,VN_LEGACY63_56,0.29627496159754224,0.2963158822492508,4.092065170857584e-05,RETAINED
POST_HOC_MEASUREMENT_DIAGNOSTIC,yearly_rank,unweighted_tile_median,2023,VN_LEGACY63_58,0.29627496159754224,0.3007479036035356,0.004472942005993352,RETAINED
POST_HOC_MEASUREMENT_DIAGNOSTIC,yearly_rank,unweighted_tile_median,2023,VN_LEGACY63_60,0.29627496159754224,0.29611442673314703,-0.00016053486439521203,RETAINED
POST_HOC_MEASUREMENT_DIAGNOSTIC,yearly_rank,unweighted_tile_median,2023,VN_LEGACY63_62,0.29627496159754224,0.3098134018282088,0.013538440230666582,RETAINED
POST_HOC_MEASUREMENT_DIAGNOSTIC,yearly_rank,unweighted_tile_median,2023,VN_LEGACY63_64,0.29627496159754224,0.28820729772607084,-0.008067663871471398,RETAINED
POST_HOC_MEASUREMENT_DIAGNOSTIC,yearly_rank,unweighted_tile_median,2023,VN_LEGACY63_66,0.29627496159754224,0.29364659666087484,-0.0026283649366674045,RETAINED
POST_HOC_MEASUREMENT_DIAGNOSTIC,yearly_rank,unweighted_tile_median,2023,VN_LEGACY63_67,0.29627496159754224,0.28704892850847374,-0.009226033089068497,RETAINED
POST_HOC_MEASUREMENT_DIAGNOSTIC,yearly_rank,unweighted_tile_median,2023,VN_LEGACY63_68,0.29627496159754224,0.30341718919191163,0.007142227594369388,RETAINED
POST_HOC_MEASUREMENT_DIAGNOSTIC,yearly_rank,unweighted_tile_median,2023,VN_LEGACY63_70,0.29627496159754224,0.3000428092971721,0.003767847699629845,RETAINED
POST_HOC_MEASUREMENT_DIAGNOSTIC,yearly_rank,unweighted_tile_median,2023,VN_LEGACY63_72,0.29627496159754224,0.27224194807484076,-0.024033013522701485,RETAINED
POST_HOC_MEASUREMENT_DIAGNOSTIC,yearly_rank,unweighted_tile_median,2023,VN_LEGACY63_74,0.29627496159754224,0.275918511243736,-0.020356450353806232,RETAINED
POST_HOC_MEASUREMENT_DIAGNOSTIC,yearly_rank,unweighted_tile_median,2023,VN_LEGACY63_75,0.29627496159754224,0.27753015537256676,-0.018744806224975485,RETAINED
POST_HOC_MEASUREMENT_DIAGNOSTIC,yearly_rank,unweighted_tile_median,2023,VN_LEGACY63_77,0.29627496159754224,0.29963989826496434,0.0033649366674221026,RETAINED
POST_HOC_MEASUREMENT_DIAGNOSTIC,yearly_rank,unweighted_tile_median,2023,VN_LEGACY63_79,0.29627496159754224,0.27450832263100905,-0.02176663896653319,RETAINED
POST_HOC_MEASUREMENT_DIAGNOSTIC,yearly_rank,unweighted_tile_median,2023,VN_LEGACY63_80,0.29627496159754224,0.2935962327818489,-0.0026787288156933653,RETAINED
POST_HOC_MEASUREMENT_DIAGNOSTIC,yearly_rank,unweighted_tile_median,2023,VN_LEGACY63_82,0.29627496159754224,0.2916824053788623,-0.004592556218679933,RETAINED
POST_HOC_MEASUREMENT_DIAGNOSTIC,yearly_rank,unweighted_tile_median,2023,VN_LEGACY63_83,0.29627496159754224,0.2975749792248999,0.0013000176273576525,RETAINED
POST_HOC_MEASUREMENT_DIAGNOSTIC,yearly_rank,unweighted_tile_median,2023,VN_LEGACY63_84,0.29627496159754224,0.2932940495076931,-0.0029809120898491304,RETAINED
POST_HOC_MEASUREMENT_DIAGNOSTIC,yearly_rank,unweighted_tile_median,2023,VN_LEGACY63_86,0.29627496159754224,0.3134396011180781,0.017164639520535874,RETAINED
POST_HOC_MEASUREMENT_DIAGNOSTIC,yearly_rank,unweighted_tile_median,2023,VN_LEGACY63_87,0.29627496159754224,0.28866057263730455,-0.007614388960237695,RETAINED
POST_HOC_MEASUREMENT_DIAGNOSTIC,yearly_rank,unweighted_tile_median,2023,VN_LEGACY63_89,0.29627496159754224,0.29702097655561427,0.0007460149580720277,RETAINED
POST_HOC_MEASUREMENT_DIAGNOSTIC,yearly_rank,unweighted_tile_median,2023,VN_LEGACY63_91,0.29627496159754224,0.29641661000730274,0.00014164840976049753,RETAINED
POST_HOC_MEASUREMENT_DIAGNOSTIC,yearly_rank,unweighted_tile_median,2023,VN_LEGACY63_92,0.29627496159754224,0.288005842209967,-0.008269119387575241,RETAINED
POST_HOC_MEASUREMENT_DIAGNOSTIC,yearly_rank,unweighted_tile_median,2023,VN_LEGACY63_93,0.29627496159754224,0.29505678527360174,-0.0012181763239405008,RETAINED
POST_HOC_MEASUREMENT_DIAGNOSTIC,yearly_rank,unweighted_tile_median,2023,VN_LEGACY63_94,0.29627496159754224,0.3016544534260029,0.0053794918284606474,RETAINED
POST_HOC_MEASUREMENT_DIAGNOSTIC,yearly_rank,unweighted_tile_median,2023,VN_LEGACY63_95,0.29627496159754224,0.2888620281534084,-0.007412933444133851,RETAINED
POST_HOC_MEASUREMENT_DIAGNOSTIC,yearly_rank,unweighted_tile_median,2023,VN_LEGACY63_96,0.29627496159754224,0.29052403616126515,-0.005750925436277088,RETAINED
POST_HOC_MEASUREMENT_DIAGNOSTIC,yearly_rank,unweighted_tile_median,2024,VN_LEGACY63_01,0.24810983373683076,0.2429111055920061,-0.005198728144824666,RETAINED
POST_HOC_MEASUREMENT_DIAGNOSTIC,yearly_rank,unweighted_tile_median,2024,VN_LEGACY63_02,0.24810983373683076,0.2452782675167053,-0.0028315662201254532,RETAINED
POST_HOC_MEASUREMENT_DIAGNOSTIC,yearly_rank,unweighted_tile_median,2024,VN_LEGACY63_04,0.24810983373683076,0.24300877603568172,-0.005101057701149048,RETAINED
POST_HOC_MEASUREMENT_DIAGNOSTIC,yearly_rank,unweighted_tile_median,2024,VN_LEGACY63_06,0.24810983373683076,0.2752455301804506,0.02713569644361985,RETAINED
POST_HOC_MEASUREMENT_DIAGNOSTIC,yearly_rank,unweighted_tile_median,2024,VN_LEGACY63_08,0.24810983373683076,0.2812893478605337,0.03317951412370296,RETAINED
POST_HOC_MEASUREMENT_DIAGNOSTIC,yearly_rank,unweighted_tile_median,2024,VN_LEGACY63_10,0.24810983373683076,0.22966507184315738,-0.01844476189367339,RETAINED
POST_HOC_MEASUREMENT_DIAGNOSTIC,yearly_rank,unweighted_tile_median,2024,VN_LEGACY63_11,0.24810983373683076,0.2855703853839259,0.03746055164709511,RETAINED
POST_HOC_MEASUREMENT_DIAGNOSTIC,yearly_rank,unweighted_tile_median,2024,VN_LEGACY63_12,0.24810983373683076,0.25620750448818896,0.0080976707513582,RETAINED
POST_HOC_MEASUREMENT_DIAGNOSTIC,yearly_rank,unweighted_tile_median,2024,VN_LEGACY63_14,0.24810983373683076,0.3031226392298339,0.055012805493003136,RETAINED
POST_HOC_MEASUREMENT_DIAGNOSTIC,yearly_rank,unweighted_tile_median,2024,VN_LEGACY63_15,0.24810983373683076,0.21911357347667895,-0.028996260260151813,RETAINED
POST_HOC_MEASUREMENT_DIAGNOSTIC,yearly_rank,unweighted_tile_median,2024,VN_LEGACY63_17,0.24810983373683076,0.2810375221238636,0.03292768838703286,RETAINED
POST_HOC_MEASUREMENT_DIAGNOSTIC,yearly_rank,unweighted_tile_median,2024,VN_LEGACY63_19,0.24810983373683076,0.22483001769909086,-0.023279816037739903,RETAINED
POST_HOC_MEASUREMENT_DIAGNOSTIC,yearly_rank,unweighted_tile_median,2024,VN_LEGACY63_20,0.24810983373683076,0.2415008814666534,-0.006608952270177354,RETAINED
POST_HOC_MEASUREMENT_DIAGNOSTIC,yearly_rank,unweighted_tile_median,2024,VN_LEGACY63_22,0.24810983373683076,0.2477934047866433,-0.000316428950187464,RETAINED
POST_HOC_MEASUREMENT_DIAGNOSTIC,yearly_rank,unweighted_tile_median,2024,VN_LEGACY63_24,0.24810983373683076,0.23983883160463054,-0.008271002132200223,RETAINED
POST_HOC_MEASUREMENT_DIAGNOSTIC,yearly_rank,unweighted_tile_median,2024,VN_LEGACY63_25,0.24810983373683076,0.23797532115327158,-0.010134512583559185,RETAINED
POST_HOC_MEASUREMENT_DIAGNOSTIC,yearly_rank,unweighted_tile_median,2024,VN_LEGACY63_26,0.24810983373683076,0.24991186107143573,0.0018020273346049664,RETAINED
POST_HOC_MEASUREMENT_DIAGNOSTIC,yearly_rank,unweighted_tile_median,2024,VN_LEGACY63_27,0.24810983373683076,0.24648703105272193,-0.0016228026841088317,RETAINED
POST_HOC_MEASUREMENT_DIAGNOSTIC,yearly_rank,unweighted_tile_median,2024,VN_LEGACY63_30,0.24810983373683076,0.24850163694608296,0.00039180320925219503,RETAINED
POST_HOC_MEASUREMENT_DIAGNOSTIC,yearly_rank,unweighted_tile_median,2024,VN_LEGACY63_31,0.24810983373683076,0.24779652488340662,-0.00031330885342414905,RETAINED
POST_HOC_MEASUREMENT_DIAGNOSTIC,yearly_rank,unweighted_tile_median,2024,VN_LEGACY63_33,0.24810983373683076,0.24260891470800194,-0.005500919028828821,RETAINED
POST_HOC_MEASUREMENT_DIAGNOSTIC,yearly_rank,unweighted_tile_median,2024,VN_LEGACY63_34,0.24810983373683076,0.24230672382399782,-0.005803109912832949,RETAINED
POST_HOC_MEASUREMENT_DIAGNOSTIC,yearly_rank,unweighted_tile_median,2024,VN_LEGACY63_35,0.24810983373683076,0.254444724331498,0.006334890594667242,RETAINED
POST_HOC_MEASUREMENT_DIAGNOSTIC,yearly_rank,unweighted_tile_median,2024,VN_LEGACY63_36,0.24810983373683076,0.2442457819963578,-0.003864051740472968,RETAINED
POST_HOC_MEASUREMENT_DIAGNOSTIC,yearly_rank,unweighted_tile_median,2024,VN_LEGACY63_37,0.24810983373683076,0.24442206001202688,-0.003687773724803889,RETAINED
POST_HOC_MEASUREMENT_DIAGNOSTIC,yearly_rank,unweighted_tile_median,2024,VN_LEGACY63_38,0.24810983373683076,0.21740115846732205,-0.030708675269508712,RETAINED
POST_HOC_MEASUREMENT_DIAGNOSTIC,yearly_rank,unweighted_tile_median,2024,VN_LEGACY63_40,0.24810983373683076,0.2180055402353304,-0.030104293501500373,RETAINED
POST_HOC_MEASUREMENT_DIAGNOSTIC,yearly_rank,unweighted_tile_median,2024,VN_LEGACY63_42,0.24810983373683076,0.2708603518175951,0.022750518080764337,RETAINED
POST_HOC_MEASUREMENT_DIAGNOSTIC,yearly_rank,unweighted_tile_median,2024,VN_LEGACY63_44,0.24810983373683076,0.22223621261138857,-0.025873621125442198,RETAINED
POST_HOC_MEASUREMENT_DIAGNOSTIC,yearly_rank,unweighted_tile_median,2024,VN_LEGACY63_45,0.24810983373683076,0.2373709393852633,-0.010738894351567468,RETAINED
POST_HOC_MEASUREMENT_DIAGNOSTIC,yearly_rank,unweighted_tile_median,2024,VN_LEGACY63_46,0.24810983373683076,0.24442206001202688,-0.003687773724803889,RETAINED
POST_HOC_MEASUREMENT_DIAGNOSTIC,yearly_rank,unweighted_tile_median,2024,VN_LEGACY63_48,0.24810983373683076,0.23359355333521137,-0.014516280401619397,RETAINED
POST_HOC_MEASUREMENT_DIAGNOSTIC,yearly_rank,unweighted_tile_median,2024,VN_LEGACY63_49,0.24810983373683076,0.2506169731341121,0.0025071393972813105,RETAINED
POST_HOC_MEASUREMENT_DIAGNOSTIC,yearly_rank,unweighted_tile_median,2024,VN_LEGACY63_51,0.24810983373683076,0.24749433399940246,-0.0006154997374283044,RETAINED
POST_HOC_MEASUREMENT_DIAGNOSTIC,yearly_rank,unweighted_tile_median,2024,VN_LEGACY63_52,0.24810983373683076,0.2585243012655541,0.010414467528723326,RETAINED
POST_HOC_MEASUREMENT_DIAGNOSTIC,yearly_rank,unweighted_tile_median,2024,VN_LEGACY63_54,0.24810983373683076,0.2430118358866742,-0.005097997850156577,RETAINED
POST_HOC_MEASUREMENT_DIAGNOSTIC,yearly_rank,unweighted_tile_median,2024,VN_LEGACY63_56,0.24810983373683076,0.26426592806163307,0.016156094324802306,RETAINED
POST_HOC_MEASUREMENT_DIAGNOSTIC,yearly_rank,unweighted_tile_median,2024,VN_LEGACY63_58,0.24810983373683076,0.25368924712148766,0.005579413384656895,RETAINED
POST_HOC_MEASUREMENT_DIAGNOSTIC,yearly_rank,unweighted_tile_median,2024,VN_LEGACY63_60,0.24810983373683076,0.24885419297742115,0.0007443592405903809,RETAINED
POST_HOC_MEASUREMENT_DIAGNOSTIC,yearly_rank,unweighted_tile_median,2024,VN_LEGACY63_62,0.24810983373683076,0.2526315790274731,0.0045217452906423095,RETAINED
POST_HOC_MEASUREMENT_DIAGNOSTIC,yearly_rank,unweighted_tile_median,2024,VN_LEGACY63_64,0.24810983373683076,0.2517753715227946,0.003665537785963846,RETAINED
POST_HOC_MEASUREMENT_DIAGNOSTIC,yearly_rank,unweighted_tile_median,2024,VN_LEGACY63_66,0.24810983373683076,0.266179803660326,0.018069969923495244,RETAINED
POST_HOC_MEASUREMENT_DIAGNOSTIC,yearly_rank,unweighted_tile_median,2024,VN_LEGACY63_67,0.24810983373683076,0.23303953671453712,-0.01507029702229365,RETAINED
POST_HOC_MEASUREMENT_DIAGNOSTIC,yearly_rank,unweighted_tile_median,2024,VN_LEGACY63_68,0.24810983373683076,0.26799294896435094,0.019883115227520176,RETAINED
POST_HOC_MEASUREMENT_DIAGNOSTIC,yearly_rank,unweighted_tile_median,2024,VN_LEGACY63_70,0.24810983373683076,0.2493074793034274,0.001197645566596628,RETAINED
POST_HOC_MEASUREMENT_DIAGNOSTIC,yearly_rank,unweighted_tile_median,2024,VN_LEGACY63_72,0.24810983373683076,0.24573155384271156,-0.0023782798941192063,RETAINED
POST_HOC_MEASUREMENT_DIAGNOSTIC,yearly_rank,unweighted_tile_median,2024,VN_LEGACY63_74,0.24810983373683076,0.22946361125382123,-0.01864622248300954,RETAINED
POST_HOC_MEASUREMENT_DIAGNOSTIC,yearly_rank,unweighted_tile_median,2024,VN_LEGACY63_75,0.24810983373683076,0.22956434154848931,-0.01854549218834145,RETAINED
POST_HOC_MEASUREMENT_DIAGNOSTIC,yearly_rank,unweighted_tile_median,2024,VN_LEGACY63_77,0.24810983373683076,0.2305212793478358,-0.017588554388994954,RETAINED
POST_HOC_MEASUREMENT_DIAGNOSTIC,yearly_rank,unweighted_tile_median,2024,VN_LEGACY63_79,0.24810983373683076,0.22966507184315738,-0.01844476189367339,RETAINED
POST_HOC_MEASUREMENT_DIAGNOSTIC,yearly_rank,unweighted_tile_median,2024,VN_LEGACY63_80,0.24810983373683076,0.25998489053824086,0.0118750568014101,RETAINED
POST_HOC_MEASUREMENT_DIAGNOSTIC,yearly_rank,unweighted_tile_median,2024,VN_LEGACY63_82,0.24810983373683076,0.24910601871409124,0.000996184977260478,RETAINED
POST_HOC_MEASUREMENT_DIAGNOSTIC,yearly_rank,unweighted_tile_median,2024,VN_LEGACY63_83,0.24810983373683076,0.26305716452561645,0.014947330788785684,RETAINED
POST_HOC_MEASUREMENT_DIAGNOSTIC,yearly_rank,unweighted_tile_median,2024,VN_LEGACY63_84,0.24810983373683076,0.2665827248389982,0.018472891102167432,RETAINED
POST_HOC_MEASUREMENT_DIAGNOSTIC,yearly_rank,unweighted_tile_median,2024,VN_LEGACY63_86,0.24810983373683076,0.25706371199286737,0.008953878256036607,RETAINED
POST_HOC_MEASUREMENT_DIAGNOSTIC,yearly_rank,unweighted_tile_median,2024,VN_LEGACY63_87,0.24810983373683076,0.25016368680810586,0.0020538530712750913,RETAINED
POST_HOC_MEASUREMENT_DIAGNOSTIC,yearly_rank,unweighted_tile_median,2024,VN_LEGACY63_89,0.24810983373683076,0.24220599352932976,-0.00590384020750101,RETAINED
POST_HOC_MEASUREMENT_DIAGNOSTIC,yearly_rank,unweighted_tile_median,2024,VN_LEGACY63_91,0.24810983373683076,0.24709141282073027,-0.0010184209161004931,RETAINED
POST_HOC_MEASUREMENT_DIAGNOSTIC,yearly_rank,unweighted_tile_median,2024,VN_LEGACY63_92,0.24810983373683076,0.23263661553586487,-0.015473218200965894,RETAINED
POST_HOC_MEASUREMENT_DIAGNOSTIC,yearly_rank,unweighted_tile_median,2024,VN_LEGACY63_93,0.24810983373683076,0.24799486283931538,-0.00011497089751538736,RETAINED
POST_HOC_MEASUREMENT_DIAGNOSTIC,yearly_rank,unweighted_tile_median,2024,VN_LEGACY63_94,0.24810983373683076,0.24978594820310066,0.0016761144662698901,RETAINED
POST_HOC_MEASUREMENT_DIAGNOSTIC,yearly_rank,unweighted_tile_median,2024,VN_LEGACY63_95,0.24810983373683076,0.24945857474542948,0.0013487410085987195,RETAINED
POST_HOC_MEASUREMENT_DIAGNOSTIC,yearly_rank,unweighted_tile_median,2024,VN_LEGACY63_96,0.24810983373683076,0.24069503910930898,-0.007414794627521787,RETAINED
POST_HOC_MEASUREMENT_DIAGNOSTIC,change_rank_2021_2024,unweighted_tile_median,2021-2024,VN_LEGACY63_01,-0.24707181259600616,-0.24298053436075645,0.004091278235249712,RETAINED
POST_HOC_MEASUREMENT_DIAGNOSTIC,change_rank_2021_2024,unweighted_tile_median,2021-2024,VN_LEGACY63_02,-0.24707181259600616,-0.24544836443302864,0.00162344816297752,RETAINED
POST_HOC_MEASUREMENT_DIAGNOSTIC,change_rank_2021_2024,unweighted_tile_median,2021-2024,VN_LEGACY63_04,-0.24707181259600616,-0.23084283951549947,0.016228973080506692,RETAINED
POST_HOC_MEASUREMENT_DIAGNOSTIC,change_rank_2021_2024,unweighted_tile_median,2021-2024,VN_LEGACY63_06,-0.24707181259600616,-0.2507365717307547,-0.0036647591347485353,RETAINED
POST_HOC_MEASUREMENT_DIAGNOSTIC,change_rank_2021_2024,unweighted_tile_median,2021-2024,VN_LEGACY63_08,-0.24707181259600616,-0.22333862154063105,0.023733191055375108,RETAINED
POST_HOC_MEASUREMENT_DIAGNOSTIC,change_rank_2021_2024,unweighted_tile_median,2021-2024,VN_LEGACY63_10,-0.24707181259600616,-0.23925360731283524,0.007818205283170926,RETAINED
POST_HOC_MEASUREMENT_DIAGNOSTIC,change_rank_2021_2024,unweighted_tile_median,2021-2024,VN_LEGACY63_11,-0.24707181259600616,-0.2333610334667976,0.013710779129208567,RETAINED
POST_HOC_MEASUREMENT_DIAGNOSTIC,change_rank_2021_2024,unweighted_tile_median,2021-2024,VN_LEGACY63_12,-0.24707181259600616,-0.22429553524212434,0.022776277353881824,RETAINED
POST_HOC_MEASUREMENT_DIAGNOSTIC,change_rank_2021_2024,unweighted_tile_median,2021-2024,VN_LEGACY63_14,-0.24707181259600616,-0.21492785374329532,0.03214395885271085,RETAINED
POST_HOC_MEASUREMENT_DIAGNOSTIC,change_rank_2021_2024,unweighted_tile_median,2021-2024,VN_LEGACY63_15,-0.24707181259600616,-0.2896678502178238,-0.042596037621817656,RETAINED
POST_HOC_MEASUREMENT_DIAGNOSTIC,change_rank_2021_2024,unweighted_tile_median,2021-2024,VN_LEGACY63_17,-0.24707181259600616,-0.2300370174510841,0.017034795144922066,RETAINED
POST_HOC_MEASUREMENT_DIAGNOSTIC,change_rank_2021_2024,unweighted_tile_median,2021-2024,VN_LEGACY63_19,-0.24707181259600616,-0.27596887512276197,-0.028897062526755807,RETAINED
POST_HOC_MEASUREMENT_DIAGNOSTIC,change_rank_2021_2024,unweighted_tile_median,2021-2024,VN_LEGACY63_20,-0.24707181259600616,-0.25587368739140287,-0.008801874795396708,RETAINED
POST_HOC_MEASUREMENT_DIAGNOSTIC,change_rank_2021_2024,unweighted_tile_median,2021-2024,VN_LEGACY63_22,-0.24707181259600616,-0.24902419984387197,-0.001952387247865811,RETAINED
POST_HOC_MEASUREMENT_DIAGNOSTIC,change_rank_2021_2024,unweighted_tile_median,2021-2024,VN_LEGACY63_24,-0.24707181259600616,-0.24489436176374305,0.002177450832263117,RETAINED
POST_HOC_MEASUREMENT_DIAGNOSTIC,change_rank_2021_2024,unweighted_tile_median,2021-2024,VN_LEGACY63_25,-0.24707181259600616,-0.2668530130190627,-0.01978120042305656,RETAINED
POST_HOC_MEASUREMENT_DIAGNOSTIC,change_rank_2021_2024,unweighted_tile_median,2021-2024,VN_LEGACY63_26,-0.24707181259600616,-0.25174384931127397,-0.004672036715267808,RETAINED
POST_HOC_MEASUREMENT_DIAGNOSTIC,change_rank_2021_2024,unweighted_tile_median,2021-2024,VN_LEGACY63_27,-0.24707181259600616,-0.25476568205283173,-0.0076938694568255694,RETAINED
POST_HOC_MEASUREMENT_DIAGNOSTIC,change_rank_2021_2024,unweighted_tile_median,2021-2024,VN_LEGACY63_30,-0.24707181259600616,-0.25612550678653273,-0.009053694190526568,RETAINED
POST_HOC_MEASUREMENT_DIAGNOSTIC,change_rank_2021_2024,unweighted_tile_median,2021-2024,VN_LEGACY63_31,-0.24707181259600616,-0.2553196847221173,-0.008247872126111139,RETAINED
POST_HOC_MEASUREMENT_DIAGNOSTIC,change_rank_2021_2024,unweighted_tile_median,2021-2024,VN_LEGACY63_33,-0.24707181259600616,-0.26509027725315404,-0.018018464657147876,RETAINED
POST_HOC_MEASUREMENT_DIAGNOSTIC,change_rank_2021_2024,unweighted_tile_median,2021-2024,VN_LEGACY63_34,-0.24707181259600616,-0.24867165269069025,-0.0015998400946840852,RETAINED
POST_HOC_MEASUREMENT_DIAGNOSTIC,change_rank_2021_2024,unweighted_tile_median,2021-2024,VN_LEGACY63_35,-0.24707181259600616,-0.22424517136309835,0.022826641232907813,RETAINED
POST_HOC_MEASUREMENT_DIAGNOSTIC,change_rank_2021_2024,unweighted_tile_median,2021-2024,VN_LEGACY63_36,-0.24707181259600616,-0.2699755735186724,-0.022903760922666244,RETAINED
POST_HOC_MEASUREMENT_DIAGNOSTIC,change_rank_2021_2024,unweighted_tile_median,2021-2024,VN_LEGACY63_37,-0.24707181259600616,-0.2452469089169248,0.0018249036790813633,RETAINED
POST_HOC_MEASUREMENT_DIAGNOSTIC,change_rank_2021_2024,unweighted_tile_median,2021-2024,VN_LEGACY63_38,-0.24707181259600616,-0.2981793457732114,-0.05110753317720526,RETAINED
POST_HOC_MEASUREMENT_DIAGNOSTIC,change_rank_2021_2024,unweighted_tile_median,2021-2024,VN_LEGACY63_40,-0.24707181259600616,-0.2817607212107477,-0.034688908614741526,RETAINED
POST_HOC_MEASUREMENT_DIAGNOSTIC,change_rank_2021_2024,unweighted_tile_median,2021-2024,VN_LEGACY63_42,-0.24707181259600616,-0.21492785374329532,0.03214395885271085,RETAINED
POST_HOC_MEASUREMENT_DIAGNOSTIC,change_rank_2021_2024,unweighted_tile_median,2021-2024,VN_LEGACY63_44,-0.24707181259600616,-0.2417718012641334,0.005300011331872773,RETAINED
POST_HOC_MEASUREMENT_DIAGNOSTIC,change_rank_2021_2024,unweighted_tile_median,2021-2024,VN_LEGACY63_45,-0.24707181259600616,-0.2414696179899776,0.0056021946060285654,RETAINED
POST_HOC_MEASUREMENT_DIAGNOSTIC,change_rank_2021_2024,unweighted_tile_median,2021-2024,VN_LEGACY63_46,-0.24707181259600616,-0.25647805393971446,-0.009406241343708294,RETAINED
POST_HOC_MEASUREMENT_DIAGNOSTIC,change_rank_2021_2024,unweighted_tile_median,2021-2024,VN_LEGACY63_48,-0.24707181259600616,-0.24640527813452193,0.0006665344614842361,RETAINED
POST_HOC_MEASUREMENT_DIAGNOSTIC,change_rank_2021_2024,unweighted_tile_median,2021-2024,VN_LEGACY63_49,-0.24707181259600616,-0.24383672030419784,0.0032350922918083225,RETAINED
POST_HOC_MEASUREMENT_DIAGNOSTIC,change_rank_2021_2024,unweighted_tile_median,2021-2024,VN_LEGACY63_51,-0.24707181259600616,-0.24308126211880843,0.003990550477197735,RETAINED
POST_HOC_MEASUREMENT_DIAGNOSTIC,change_rank_2021_2024,unweighted_tile_median,2021-2024,VN_LEGACY63_52,-0.24707181259600616,-0.2483694694165345,-0.0012976568205283479,RETAINED
POST_HOC_MEASUREMENT_DIAGNOSTIC,change_rank_2021_2024,unweighted_tile_median,2021-2024,VN_LEGACY63_54,-0.24707181259600616,-0.2668530130190627,-0.01978120042305656,RETAINED
POST_HOC_MEASUREMENT_DIAGNOSTIC,change_rank_2021_2024,unweighted_tile_median,2021-2024,VN_LEGACY63_56,-0.24707181259600616,-0.23149756994283704,0.015574242653169118,RETAINED
POST_HOC_MEASUREMENT_DIAGNOSTIC,change_rank_2021_2024,unweighted_tile_median,2021-2024,VN_LEGACY63_58,-0.24707181259600616,-0.2333610334667976,0.013710779129208567,RETAINED
POST_HOC_MEASUREMENT_DIAGNOSTIC,change_rank_2021_2024,unweighted_tile_median,2021-2024,VN_LEGACY63_60,-0.24707181259600616,-0.24504545340082096,0.0020263591951852067,RETAINED
POST_HOC_MEASUREMENT_DIAGNOSTIC,change_rank_2021_2024,unweighted_tile_median,2021-2024,VN_LEGACY63_62,-0.24707181259600616,-0.2581400619475712,-0.011068249351565057,RETAINED
POST_HOC_MEASUREMENT_DIAGNOSTIC,change_rank_2021_2024,unweighted_tile_median,2021-2024,VN_LEGACY63_64,-0.24707181259600616,-0.2338143083780313,0.013257504217974864,RETAINED
POST_HOC_MEASUREMENT_DIAGNOSTIC,change_rank_2021_2024,unweighted_tile_median,2021-2024,VN_LEGACY63_66,-0.24707181259600616,-0.24182216514315935,0.005249647452846812,RETAINED
POST_HOC_MEASUREMENT_DIAGNOSTIC,change_rank_2021_2024,unweighted_tile_median,2021-2024,VN_LEGACY63_67,-0.24707181259600616,-0.2668530130190627,-0.01978120042305656,RETAINED
POST_HOC_MEASUREMENT_DIAGNOSTIC,change_rank_2021_2024,unweighted_tile_median,2021-2024,VN_LEGACY63_68,-0.24707181259600616,-0.23099393115257735,0.01607788144342881,RETAINED
POST_HOC_MEASUREMENT_DIAGNOSTIC,change_rank_2021_2024,unweighted_tile_median,2021-2024,VN_LEGACY63_70,-0.24707181259600616,-0.24333308151393823,0.003738731082067931,RETAINED
POST_HOC_MEASUREMENT_DIAGNOSTIC,change_rank_2021_2024,unweighted_tile_median,2021-2024,VN_LEGACY63_72,-0.24707181259600616,-0.23940469894991315,0.007667113646093016,RETAINED
POST_HOC_MEASUREMENT_DIAGNOSTIC,change_rank_2021_2024,unweighted_tile_median,2021-2024,VN_LEGACY63_74,-0.24707181259600616,-0.23784341870010825,0.009228393895897913,RETAINED
POST_HOC_MEASUREMENT_DIAGNOSTIC,change_rank_2021_2024,unweighted_tile_median,2021-2024,VN_LEGACY63_75,-0.24707181259600616,-0.24801692226335273,-0.0009451096673465664,RETAINED
POST_HOC_MEASUREMENT_DIAGNOSTIC,change_rank_2021_2024,unweighted_tile_median,2021-2024,VN_LEGACY63_77,-0.24707181259600616,-0.26206844451159633,-0.01499663191559017,RETAINED
POST_HOC_MEASUREMENT_DIAGNOSTIC,change_rank_2021_2024,unweighted_tile_median,2021-2024,VN_LEGACY63_79,-0.24707181259600616,-0.2339150361360832,0.01315677645992297,RETAINED
POST_HOC_MEASUREMENT_DIAGNOSTIC,change_rank_2021_2024,unweighted_tile_median,2021-2024,VN_LEGACY63_80,-0.24707181259600616,-0.23859887688549772,0.008472935710508445,RETAINED
POST_HOC_MEASUREMENT_DIAGNOSTIC,change_rank_2021_2024,unweighted_tile_median,2021-2024,VN_LEGACY63_82,-0.24707181259600616,-0.24182216514315935,0.005249647452846812,RETAINED
POST_HOC_MEASUREMENT_DIAGNOSTIC,change_rank_2021_2024,unweighted_tile_median,2021-2024,VN_LEGACY63_83,-0.24707181259600616,-0.23945506282893908,0.0076167497670670825,RETAINED
POST_HOC_MEASUREMENT_DIAGNOSTIC,change_rank_2021_2024,unweighted_tile_median,2021-2024,VN_LEGACY63_84,-0.24707181259600616,-0.2343179471682909,0.012753865427715255,RETAINED
POST_HOC_MEASUREMENT_DIAGNOSTIC,change_rank_2021_2024,unweighted_tile_median,2021-2024,VN_LEGACY63_86,-0.24707181259600616,-0.24282944272367854,0.004242369872327623,RETAINED
POST_HOC_MEASUREMENT_DIAGNOSTIC,change_rank_2021_2024,unweighted_tile_median,2021-2024,VN_LEGACY63_87,-0.24707181259600616,-0.24333308151393823,0.003738731082067931,RETAINED
POST_HOC_MEASUREMENT_DIAGNOSTIC,change_rank_2021_2024,unweighted_tile_median,2021-2024,VN_LEGACY63_89,-0.24707181259600616,-0.24892347208582008,-0.0018516594898139171,RETAINED
POST_HOC_MEASUREMENT_DIAGNOSTIC,change_rank_2021_2024,unweighted_tile_median,2021-2024,VN_LEGACY63_91,-0.24707181259600616,-0.2339150361360832,0.01315677645992297,RETAINED
POST_HOC_MEASUREMENT_DIAGNOSTIC,change_rank_2021_2024,unweighted_tile_median,2021-2024,VN_LEGACY63_92,-0.24707181259600616,-0.25713278436705195,-0.010060971771045785,RETAINED
POST_HOC_MEASUREMENT_DIAGNOSTIC,change_rank_2021_2024,unweighted_tile_median,2021-2024,VN_LEGACY63_93,-0.24707181259600616,-0.2485709249326383,-0.0014991123366321357,RETAINED
POST_HOC_MEASUREMENT_DIAGNOSTIC,change_rank_2021_2024,unweighted_tile_median,2021-2024,VN_LEGACY63_94,-0.24707181259600616,-0.24972929415023545,-0.0026574815542292907,RETAINED
POST_HOC_MEASUREMENT_DIAGNOSTIC,change_rank_2021_2024,unweighted_tile_median,2021-2024,VN_LEGACY63_95,-0.24707181259600616,-0.2515927576741961,-0.004520945078189925,RETAINED
POST_HOC_MEASUREMENT_DIAGNOSTIC,change_rank_2021_2024,unweighted_tile_median,2021-2024,VN_LEGACY63_96,-0.24707181259600616,-0.25370804059328644,-0.006636227997280281,RETAINED
POST_HOC_MEASUREMENT_DIAGNOSTIC,yearly_rank,unweighted_tile_mean,2021,VN_LEGACY63_01,0.46050452453079566,0.4818433645446241,0.021338840013828464,RETAINED
POST_HOC_MEASUREMENT_DIAGNOSTIC,yearly_rank,unweighted_tile_mean,2021,VN_LEGACY63_02,0.46050452453079566,0.46051372464866436,9.200117868701785e-06,RETAINED
POST_HOC_MEASUREMENT_DIAGNOSTIC,yearly_rank,unweighted_tile_mean,2021,VN_LEGACY63_04,0.46050452453079566,0.4600856208963251,-0.0004189036344705577,RETAINED
POST_HOC_MEASUREMENT_DIAGNOSTIC,yearly_rank,unweighted_tile_mean,2021,VN_LEGACY63_06,0.46050452453079566,0.4353311509816514,-0.02517337354914423,RETAINED
POST_HOC_MEASUREMENT_DIAGNOSTIC,yearly_rank,unweighted_tile_mean,2021,VN_LEGACY63_08,0.46050452453079566,0.4649206750403916,0.004416150509595929,RETAINED
POST_HOC_MEASUREMENT_DIAGNOSTIC,yearly_rank,unweighted_tile_mean,2021,VN_LEGACY63_10,0.46050452453079566,0.46295643429436456,0.0024519097635689047,RETAINED
POST_HOC_MEASUREMENT_DIAGNOSTIC,yearly_rank,unweighted_tile_mean,2021,VN_LEGACY63_11,0.46050452453079566,0.4584739361816363,-0.002030588349159368,RETAINED
POST_HOC_MEASUREMENT_DIAGNOSTIC,yearly_rank,unweighted_tile_mean,2021,VN_LEGACY63_12,0.46050452453079566,0.463762276651709,0.0032577521209133375,RETAINED
POST_HOC_MEASUREMENT_DIAGNOSTIC,yearly_rank,unweighted_tile_mean,2021,VN_LEGACY63_14,0.46050452453079566,0.4523293882068851,-0.008175136323910537,RETAINED
POST_HOC_MEASUREMENT_DIAGNOSTIC,yearly_rank,unweighted_tile_mean,2021,VN_LEGACY63_15,0.46050452453079566,0.4548476455735865,-0.005656878957209177,RETAINED
POST_HOC_MEASUREMENT_DIAGNOSTIC,yearly_rank,unweighted_tile_mean,2021,VN_LEGACY63_17,0.46050452453079566,0.45011332172418805,-0.010391202806607602,RETAINED
POST_HOC_MEASUREMENT_DIAGNOSTIC,yearly_rank,unweighted_tile_mean,2021,VN_LEGACY63_19,0.46050452453079566,0.4722488039774923,0.011744279446696648,RETAINED
POST_HOC_MEASUREMENT_DIAGNOSTIC,yearly_rank,unweighted_tile_mean,2021,VN_LEGACY63_20,0.46050452453079566,0.44807353325715993,-0.012430991273635728,RETAINED
POST_HOC_MEASUREMENT_DIAGNOSTIC,yearly_rank,unweighted_tile_mean,2021,VN_LEGACY63_22,0.46050452453079566,0.4744396878865224,0.013935163355726754,RETAINED
POST_HOC_MEASUREMENT_DIAGNOSTIC,yearly_rank,unweighted_tile_mean,2021,VN_LEGACY63_24,0.46050452453079566,0.45192646702821293,-0.008578057502582725,RETAINED
POST_HOC_MEASUREMENT_DIAGNOSTIC,yearly_rank,unweighted_tile_mean,2021,VN_LEGACY63_25,0.46050452453079566,0.4870813398673629,0.02657681533656725,RETAINED
POST_HOC_MEASUREMENT_DIAGNOSTIC,yearly_rank,unweighted_tile_mean,2021,VN_LEGACY63_26,0.46050452453079566,0.45192646702821293,-0.008578057502582725,RETAINED
POST_HOC_MEASUREMENT_DIAGNOSTIC,yearly_rank,unweighted_tile_mean,2021,VN_LEGACY63_27,0.46050452453079566,0.48864265943471774,0.028138134903922085,RETAINED
POST_HOC_MEASUREMENT_DIAGNOSTIC,yearly_rank,unweighted_tile_mean,2021,VN_LEGACY63_30,0.46050452453079566,0.4523293882068851,-0.008175136323910537,RETAINED
POST_HOC_MEASUREMENT_DIAGNOSTIC,yearly_rank,unweighted_tile_mean,2021,VN_LEGACY63_31,0.46050452453079566,0.471669604783151,0.011165080252355353,RETAINED
POST_HOC_MEASUREMENT_DIAGNOSTIC,yearly_rank,unweighted_tile_mean,2021,VN_LEGACY63_33,0.46050452453079566,0.48320322352264283,0.022698698991847177,RETAINED
POST_HOC_MEASUREMENT_DIAGNOSTIC,yearly_rank,unweighted_tile_mean,2021,VN_LEGACY63_34,0.46050452453079566,0.4644422061407183,0.003937681609922639,RETAINED
POST_HOC_MEASUREMENT_DIAGNOSTIC,yearly_rank,unweighted_tile_mean,2021,VN_LEGACY63_35,0.46050452453079566,0.46149584502167784,0.000991320490882186,RETAINED
POST_HOC_MEASUREMENT_DIAGNOSTIC,yearly_rank,unweighted_tile_mean,2021,VN_LEGACY63_36,0.46050452453079566,0.48906460511802846,0.028560080587232806,RETAINED
POST_HOC_MEASUREMENT_DIAGNOSTIC,yearly_rank,unweighted_tile_mean,2021,VN_LEGACY63_37,0.46050452453079566,0.45980861258598793,-0.0006959119448077256,RETAINED
POST_HOC_MEASUREMENT_DIAGNOSTIC,yearly_rank,unweighted_tile_mean,2021,VN_LEGACY63_38,0.46050452453079566,0.4613447495796757,0.0008402250488800389,RETAINED
POST_HOC_MEASUREMENT_DIAGNOSTIC,yearly_rank,unweighted_tile_mean,2021,VN_LEGACY63_40,0.46050452453079566,0.4436414002917657,-0.01686312423902997,RETAINED
POST_HOC_MEASUREMENT_DIAGNOSTIC,yearly_rank,unweighted_tile_mean,2021,VN_LEGACY63_42,0.46050452453079566,0.43915890217903736,-0.021345622351758298,RETAINED
POST_HOC_MEASUREMENT_DIAGNOSTIC,yearly_rank,unweighted_tile_mean,2021,VN_LEGACY63_44,0.46050452453079566,0.4615462101690118,0.001041685638216161,RETAINED
POST_HOC_MEASUREMENT_DIAGNOSTIC,yearly_rank,unweighted_tile_mean,2021,VN_LEGACY63_45,0.46050452453079566,0.4655754219557339,0.00507089742493827,RETAINED
POST_HOC_MEASUREMENT_DIAGNOSTIC,yearly_rank,unweighted_tile_mean,2021,VN_LEGACY63_46,0.46050452453079566,0.4598589777333219,-0.0006455467974737505,RETAINED
POST_HOC_MEASUREMENT_DIAGNOSTIC,yearly_rank,unweighted_tile_mean,2021,VN_LEGACY63_48,0.46050452453079566,0.4446487032384462,-0.01585582129234947,RETAINED
POST_HOC_MEASUREMENT_DIAGNOSTIC,yearly_rank,unweighted_tile_mean,2021,VN_LEGACY63_49,0.46050452453079566,0.45854948390263733,-0.001955040628158322,RETAINED
POST_HOC_MEASUREMENT_DIAGNOSTIC,yearly_rank,unweighted_tile_mean,2021,VN_LEGACY63_51,0.46050452453079566,0.4729790986138357,0.012474574083040035,RETAINED
POST_HOC_MEASUREMENT_DIAGNOSTIC,yearly_rank,unweighted_tile_mean,2021,VN_LEGACY63_52,0.46050452453079566,0.4973054647761701,0.03680094024537445,RETAINED
POST_HOC_MEASUREMENT_DIAGNOSTIC,yearly_rank,unweighted_tile_mean,2021,VN_LEGACY63_54,0.46050452453079566,0.4760261900275442,0.015521665496748549,RETAINED
POST_HOC_MEASUREMENT_DIAGNOSTIC,yearly_rank,unweighted_tile_mean,2021,VN_LEGACY63_56,0.46050452453079566,0.45280785710655835,-0.007696667424237302,RETAINED
POST_HOC_MEASUREMENT_DIAGNOSTIC,yearly_rank,unweighted_tile_mean,2021,VN_LEGACY63_58,0.46050452453079566,0.46210022678968615,0.0015957022588904968,RETAINED
POST_HOC_MEASUREMENT_DIAGNOSTIC,yearly_rank,unweighted_tile_mean,2021,VN_LEGACY63_60,0.46050452453079566,0.46269878247457163,0.002194257943775979,RETAINED
POST_HOC_MEASUREMENT_DIAGNOSTIC,yearly_rank,unweighted_tile_mean,2021,VN_LEGACY63_62,0.46050452453079566,0.4620750442160191,0.001570519685223426,RETAINED
POST_HOC_MEASUREMENT_DIAGNOSTIC,yearly_rank,unweighted_tile_mean,2021,VN_LEGACY63_64,0.46050452453079566,0.4409216823357283,-0.01958284219506734,RETAINED
POST_HOC_MEASUREMENT_DIAGNOSTIC,yearly_rank,unweighted_tile_mean,2021,VN_LEGACY63_66,0.46050452453079566,0.4612440192850077,0.0007394947542120334,RETAINED
POST_HOC_MEASUREMENT_DIAGNOSTIC,yearly_rank,unweighted_tile_mean,2021,VN_LEGACY63_67,0.46050452453079566,0.4624527828210243,0.001948258290228655,RETAINED
POST_HOC_MEASUREMENT_DIAGNOSTIC,yearly_rank,unweighted_tile_mean,2021,VN_LEGACY63_68,0.46050452453079566,0.45589957319688934,-0.004604951333906315,RETAINED
POST_HOC_MEASUREMENT_DIAGNOSTIC,yearly_rank,unweighted_tile_mean,2021,VN_LEGACY63_70,0.46050452453079566,0.4593049611126477,-0.0011995634181479753,RETAINED
POST_HOC_MEASUREMENT_DIAGNOSTIC,yearly_rank,unweighted_tile_mean,2021,VN_LEGACY63_72,0.46050452453079566,0.43699320084367427,-0.023511323687121388,RETAINED
POST_HOC_MEASUREMENT_DIAGNOSTIC,yearly_rank,unweighted_tile_mean,2021,VN_LEGACY63_74,0.46050452453079566,0.4349282298029793,-0.025576294727816362,RETAINED
POST_HOC_MEASUREMENT_DIAGNOSTIC,yearly_rank,unweighted_tile_mean,2021,VN_LEGACY63_75,0.46050452453079566,0.4416016118247376,-0.01890291270605804,RETAINED
POST_HOC_MEASUREMENT_DIAGNOSTIC,yearly_rank,unweighted_tile_mean,2021,VN_LEGACY63_77,0.46050452453079566,0.4542123620057607,-0.00629216252503495,RETAINED
POST_HOC_MEASUREMENT_DIAGNOSTIC,yearly_rank,unweighted_tile_mean,2021,VN_LEGACY63_79,0.46050452453079566,0.4339712920036327,-0.026533232527162942,RETAINED
POST_HOC_MEASUREMENT_DIAGNOSTIC,yearly_rank,unweighted_tile_mean,2021,VN_LEGACY63_80,0.46050452453079566,0.4527323093855573,-0.007772215145238348,RETAINED
POST_HOC_MEASUREMENT_DIAGNOSTIC,yearly_rank,unweighted_tile_mean,2021,VN_LEGACY63_82,0.46050452453079566,0.45507428873658945,-0.005430235794206206,RETAINED
POST_HOC_MEASUREMENT_DIAGNOSTIC,yearly_rank,unweighted_tile_mean,2021,VN_LEGACY63_83,0.46050452453079566,0.4603878117803293,-0.00011671275046637453,RETAINED
POST_HOC_MEASUREMENT_DIAGNOSTIC,yearly_rank,unweighted_tile_mean,2021,VN_LEGACY63_84,0.46050452453079566,0.46091664582733655,0.00041212129654089047,RETAINED
POST_HOC_MEASUREMENT_DIAGNOSTIC,yearly_rank,unweighted_tile_mean,2021,VN_LEGACY63_86,0.46050452453079566,0.4607151852380004,0.00021066070720476837,RETAINED
POST_HOC_MEASUREMENT_DIAGNOSTIC,yearly_rank,unweighted_tile_mean,2021,VN_LEGACY63_87,0.46050452453079566,0.46101737612200455,0.000512851591208896,RETAINED
POST_HOC_MEASUREMENT_DIAGNOSTIC,yearly_rank,unweighted_tile_mean,2021,VN_LEGACY63_89,0.46050452453079566,0.4593553262599817,-0.0011491982708139448,RETAINED
POST_HOC_MEASUREMENT_DIAGNOSTIC,yearly_rank,unweighted_tile_mean,2021,VN_LEGACY63_91,0.46050452453079566,0.46821959219077025,0.007715067659974595,RETAINED
POST_HOC_MEASUREMENT_DIAGNOSTIC,yearly_rank,unweighted_tile_mean,2021,VN_LEGACY63_92,0.46050452453079566,0.45577940079926593,-0.004725123731529723,RETAINED
POST_HOC_MEASUREMENT_DIAGNOSTIC,yearly_rank,unweighted_tile_mean,2021,VN_LEGACY63_93,0.46050452453079566,0.4625283305420254,0.0020238060112297562,RETAINED
POST_HOC_MEASUREMENT_DIAGNOSTIC,yearly_rank,unweighted_tile_mean,2021,VN_LEGACY63_94,0.46050452453079566,0.46414001525671417,0.003635490725918511,RETAINED
POST_HOC_MEASUREMENT_DIAGNOSTIC,yearly_rank,unweighted_tile_mean,2021,VN_LEGACY63_95,0.46050452453079566,0.4549483758682544,-0.005556148662541283,RETAINED
POST_HOC_MEASUREMENT_DIAGNOSTIC,yearly_rank,unweighted_tile_mean,2021,VN_LEGACY63_96,0.46050452453079566,0.4855955680210091,0.02509104349021346,RETAINED
POST_HOC_MEASUREMENT_DIAGNOSTIC,yearly_rank,unweighted_tile_mean,2022,VN_LEGACY63_01,0.4281976815193055,0.4181314531670816,-0.010066228352223872,RETAINED
POST_HOC_MEASUREMENT_DIAGNOSTIC,yearly_rank,unweighted_tile_mean,2022,VN_LEGACY63_02,0.4281976815193055,0.4319512471854972,0.003753565666191727,RETAINED
POST_HOC_MEASUREMENT_DIAGNOSTIC,yearly_rank,unweighted_tile_mean,2022,VN_LEGACY63_04,0.4281976815193055,0.43200705125760575,0.003809369738300261,RETAINED
POST_HOC_MEASUREMENT_DIAGNOSTIC,yearly_rank,unweighted_tile_mean,2022,VN_LEGACY63_06,0.4281976815193055,0.41377486792268836,-0.014422813596617123,RETAINED
POST_HOC_MEASUREMENT_DIAGNOSTIC,yearly_rank,unweighted_tile_mean,2022,VN_LEGACY63_08,0.4281976815193055,0.4145251256293634,-0.013672555889942095,RETAINED
POST_HOC_MEASUREMENT_DIAGNOSTIC,yearly_rank,unweighted_tile_mean,2022,VN_LEGACY63_10,0.4281976815193055,0.41891211295075903,-0.009285568568546454,RETAINED
POST_HOC_MEASUREMENT_DIAGNOSTIC,yearly_rank,unweighted_tile_mean,2022,VN_LEGACY63_11,0.4281976815193055,0.49219340232176656,0.06399572080246108,RETAINED
POST_HOC_MEASUREMENT_DIAGNOSTIC,yearly_rank,unweighted_tile_mean,2022,VN_LEGACY63_12,0.4281976815193055,0.42787710917621563,-0.0003205723430898533,RETAINED
POST_HOC_MEASUREMENT_DIAGNOSTIC,yearly_rank,unweighted_tile_mean,2022,VN_LEGACY63_14,0.4281976815193055,0.41357340733335235,-0.014624274185953134,RETAINED
POST_HOC_MEASUREMENT_DIAGNOSTIC,yearly_rank,unweighted_tile_mean,2022,VN_LEGACY63_15,0.4281976815193055,0.41191135747132945,-0.01628632404797603,RETAINED
POST_HOC_MEASUREMENT_DIAGNOSTIC,yearly_rank,unweighted_tile_mean,2022,VN_LEGACY63_17,0.4281976815193055,0.4482749938464961,0.020077312327190622,RETAINED
POST_HOC_MEASUREMENT_DIAGNOSTIC,yearly_rank,unweighted_tile_mean,2022,VN_LEGACY63_19,0.4281976815193055,0.4097456561359664,-0.018452025383339066,RETAINED
POST_HOC_MEASUREMENT_DIAGNOSTIC,yearly_rank,unweighted_tile_mean,2022,VN_LEGACY63_20,0.4281976815193055,0.4228909595901471,-0.005306721929158376,RETAINED
POST_HOC_MEASUREMENT_DIAGNOSTIC,yearly_rank,unweighted_tile_mean,2022,VN_LEGACY63_22,0.4281976815193055,0.4329891716306193,0.004791490111313801,RETAINED
POST_HOC_MEASUREMENT_DIAGNOSTIC,yearly_rank,unweighted_tile_mean,2022,VN_LEGACY63_24,0.4281976815193055,0.43261143302561406,0.004413751506308572,RETAINED
POST_HOC_MEASUREMENT_DIAGNOSTIC,yearly_rank,unweighted_tile_mean,2022,VN_LEGACY63_25,0.4281976815193055,0.4358348024549917,0.0076371209356861924,RETAINED
POST_HOC_MEASUREMENT_DIAGNOSTIC,yearly_rank,unweighted_tile_mean,2022,VN_LEGACY63_26,0.4281976815193055,0.4358348024549917,0.0076371209356861924,RETAINED
POST_HOC_MEASUREMENT_DIAGNOSTIC,yearly_rank,unweighted_tile_mean,2022,VN_LEGACY63_27,0.4281976815193055,0.43102493088459226,0.002827249365286777,RETAINED
POST_HOC_MEASUREMENT_DIAGNOSTIC,yearly_rank,unweighted_tile_mean,2022,VN_LEGACY63_30,0.4281976815193055,0.4279274743235497,-0.00027020719575576724,RETAINED
POST_HOC_MEASUREMENT_DIAGNOSTIC,yearly_rank,unweighted_tile_mean,2022,VN_LEGACY63_31,0.4281976815193055,0.4279274743235497,-0.00027020719575576724,RETAINED
POST_HOC_MEASUREMENT_DIAGNOSTIC,yearly_rank,unweighted_tile_mean,2022,VN_LEGACY63_33,0.4281976815193055,0.42797783947088364,-0.00021984204842184774,RETAINED
POST_HOC_MEASUREMENT_DIAGNOSTIC,yearly_rank,unweighted_tile_mean,2022,VN_LEGACY63_34,0.4281976815193055,0.4346764040663091,0.006478722547003601,RETAINED
POST_HOC_MEASUREMENT_DIAGNOSTIC,yearly_rank,unweighted_tile_mean,2022,VN_LEGACY63_35,0.4281976815193055,0.43140266948959743,0.0032049879702919504,RETAINED
POST_HOC_MEASUREMENT_DIAGNOSTIC,yearly_rank,unweighted_tile_mean,2022,VN_LEGACY63_36,0.4281976815193055,0.4454041804484566,0.017206498929151104,RETAINED
POST_HOC_MEASUREMENT_DIAGNOSTIC,yearly_rank,unweighted_tile_mean,2022,VN_LEGACY63_37,0.4281976815193055,0.46237723510002326,0.03417955358071778,RETAINED
POST_HOC_MEASUREMENT_DIAGNOSTIC,yearly_rank,unweighted_tile_mean,2022,VN_LEGACY63_38,0.4281976815193055,0.4644422061407183,0.03624452462141281,RETAINED
POST_HOC_MEASUREMENT_DIAGNOSTIC,yearly_rank,unweighted_tile_mean,2022,VN_LEGACY63_40,0.4281976815193055,0.4063208261172526,-0.021876855402052864,RETAINED
POST_HOC_MEASUREMENT_DIAGNOSTIC,yearly_rank,unweighted_tile_mean,2022,VN_LEGACY63_42,0.4281976815193055,0.4048098716972318,-0.02338780982207367,RETAINED
POST_HOC_MEASUREMENT_DIAGNOSTIC,yearly_rank,unweighted_tile_mean,2022,VN_LEGACY63_44,0.4281976815193055,0.4229916898848151,-0.00520599163449037,RETAINED
POST_HOC_MEASUREMENT_DIAGNOSTIC,yearly_rank,unweighted_tile_mean,2022,VN_LEGACY63_45,0.4281976815193055,0.4490052884828395,0.02080760696353401,RETAINED
POST_HOC_MEASUREMENT_DIAGNOSTIC,yearly_rank,unweighted_tile_mean,2022,VN_LEGACY63_46,0.4281976815193055,0.43580961988132466,0.007611938362019177,RETAINED
POST_HOC_MEASUREMENT_DIAGNOSTIC,yearly_rank,unweighted_tile_mean,2022,VN_LEGACY63_48,0.4281976815193055,0.4081843365686115,-0.020013344950693956,RETAINED
POST_HOC_MEASUREMENT_DIAGNOSTIC,yearly_rank,unweighted_tile_mean,2022,VN_LEGACY63_49,0.4281976815193055,0.42966507190657355,0.0014673903872680638,RETAINED
POST_HOC_MEASUREMENT_DIAGNOSTIC,yearly_rank,unweighted_tile_mean,2022,VN_LEGACY63_51,0.4281976815193055,0.4371694788593434,0.00897179734003789,RETAINED
POST_HOC_MEASUREMENT_DIAGNOSTIC,yearly_rank,unweighted_tile_mean,2022,VN_LEGACY63_52,0.4281976815193055,0.4417778898404067,0.01358020832110124,RETAINED
POST_HOC_MEASUREMENT_DIAGNOSTIC,yearly_rank,unweighted_tile_mean,2022,VN_LEGACY63_54,0.4281976815193055,0.4604381769276633,0.03224049540835783,RETAINED
POST_HOC_MEASUREMENT_DIAGNOSTIC,yearly_rank,unweighted_tile_mean,2022,VN_LEGACY63_56,0.4281976815193055,0.43001762793791176,0.0018199464186062775,RETAINED
POST_HOC_MEASUREMENT_DIAGNOSTIC,yearly_rank,unweighted_tile_mean,2022,VN_LEGACY63_58,0.4281976815193055,0.44474943353311425,0.016551752013808763,RETAINED
POST_HOC_MEASUREMENT_DIAGNOSTIC,yearly_rank,unweighted_tile_mean,2022,VN_LEGACY63_60,0.4281976815193055,0.43470158663997616,0.006503905120670672,RETAINED
POST_HOC_MEASUREMENT_DIAGNOSTIC,yearly_rank,unweighted_tile_mean,2022,VN_LEGACY63_62,0.4281976815193055,0.4527574919592244,0.024559810439918894,RETAINED
POST_HOC_MEASUREMENT_DIAGNOSTIC,yearly_rank,unweighted_tile_mean,2022,VN_LEGACY63_64,0.4281976815193055,0.4117098968819934,-0.016487784637312097,RETAINED
POST_HOC_MEASUREMENT_DIAGNOSTIC,yearly_rank,unweighted_tile_mean,2022,VN_LEGACY63_66,0.4281976815193055,0.4278267440288816,-0.0003709374904238838,RETAINED
POST_HOC_MEASUREMENT_DIAGNOSTIC,yearly_rank,unweighted_tile_mean,2022,VN_LEGACY63_67,0.4281976815193055,0.4146310754273668,-0.01356660609193866,RETAINED
POST_HOC_MEASUREMENT_DIAGNOSTIC,yearly_rank,unweighted_tile_mean,2022,VN_LEGACY63_68,0.4281976815193055,0.43145303463693147,0.003255353117625981,RETAINED
POST_HOC_MEASUREMENT_DIAGNOSTIC,yearly_rank,unweighted_tile_mean,2022,VN_LEGACY63_70,0.4281976815193055,0.4295139764645714,0.0013162949452659167,RETAINED
POST_HOC_MEASUREMENT_DIAGNOSTIC,yearly_rank,unweighted_tile_mean,2022,VN_LEGACY63_72,0.4281976815193055,0.4080332411266095,-0.020164440392695993,RETAINED
POST_HOC_MEASUREMENT_DIAGNOSTIC,yearly_rank,unweighted_tile_mean,2022,VN_LEGACY63_74,0.4281976815193055,0.405011332286568,-0.02318634923273749,RETAINED
POST_HOC_MEASUREMENT_DIAGNOSTIC,yearly_rank,unweighted_tile_mean,2022,VN_LEGACY63_75,0.4281976815193055,0.405011332286568,-0.02318634923273749,RETAINED
POST_HOC_MEASUREMENT_DIAGNOSTIC,yearly_rank,unweighted_tile_mean,2022,VN_LEGACY63_77,0.4281976815193055,0.4178544448567445,-0.010343236662560984,RETAINED
POST_HOC_MEASUREMENT_DIAGNOSTIC,yearly_rank,unweighted_tile_mean,2022,VN_LEGACY63_79,0.4281976815193055,0.40304709154054097,-0.025150589978764515,RETAINED
POST_HOC_MEASUREMENT_DIAGNOSTIC,yearly_rank,unweighted_tile_mean,2022,VN_LEGACY63_80,0.4281976815193055,0.41196172261866354,-0.016235958900641945,RETAINED
POST_HOC_MEASUREMENT_DIAGNOSTIC,yearly_rank,unweighted_tile_mean,2022,VN_LEGACY63_82,0.4281976815193055,0.4174515236780723,-0.010746157841233173,RETAINED
POST_HOC_MEASUREMENT_DIAGNOSTIC,yearly_rank,unweighted_tile_mean,2022,VN_LEGACY63_83,0.4281976815193055,0.4287027360861601,0.0005050545668546236,RETAINED
POST_HOC_MEASUREMENT_DIAGNOSTIC,yearly_rank,unweighted_tile_mean,2022,VN_LEGACY63_84,0.4281976815193055,0.42772601373421354,-0.00047166778509194485,RETAINED
POST_HOC_MEASUREMENT_DIAGNOSTIC,yearly_rank,unweighted_tile_mean,2022,VN_LEGACY63_86,0.4281976815193055,0.4312263914739283,0.0030287099546228435,RETAINED
POST_HOC_MEASUREMENT_DIAGNOSTIC,yearly_rank,unweighted_tile_mean,2022,VN_LEGACY63_87,0.4281976815193055,0.43789977349568676,0.009702091976381277,RETAINED
POST_HOC_MEASUREMENT_DIAGNOSTIC,yearly_rank,unweighted_tile_mean,2022,VN_LEGACY63_89,0.4281976815193055,0.4170737850730671,-0.011123896446238402,RETAINED
POST_HOC_MEASUREMENT_DIAGNOSTIC,yearly_rank,unweighted_tile_mean,2022,VN_LEGACY63_91,0.4281976815193055,0.430596827132253,0.0023991456129475175,RETAINED
POST_HOC_MEASUREMENT_DIAGNOSTIC,yearly_rank,unweighted_tile_mean,2022,VN_LEGACY63_92,0.4281976815193055,0.405011332286568,-0.02318634923273749,RETAINED
POST_HOC_MEASUREMENT_DIAGNOSTIC,yearly_rank,unweighted_tile_mean,2022,VN_LEGACY63_93,0.4281976815193055,0.4348778646556452,0.0066801831363397235,RETAINED
POST_HOC_MEASUREMENT_DIAGNOSTIC,yearly_rank,unweighted_tile_mean,2022,VN_LEGACY63_94,0.4281976815193055,0.42437138795371065,-0.0038262935655948294,RETAINED
POST_HOC_MEASUREMENT_DIAGNOSTIC,yearly_rank,unweighted_tile_mean,2022,VN_LEGACY63_95,0.4281976815193055,0.4239738102578286,-0.004223871261476886,RETAINED
POST_HOC_MEASUREMENT_DIAGNOSTIC,yearly_rank,unweighted_tile_mean,2022,VN_LEGACY63_96,0.4281976815193055,0.42122890972812427,-0.006968771791181216,RETAINED
POST_HOC_MEASUREMENT_DIAGNOSTIC,yearly_rank,unweighted_tile_mean,2023,VN_LEGACY63_01,0.34394201228878646,0.3402331847598902,-0.0037088275288962858,RETAINED
POST_HOC_MEASUREMENT_DIAGNOSTIC,yearly_rank,unweighted_tile_mean,2023,VN_LEGACY63_02,0.34394201228878646,0.34396011180781144,1.80995190249833e-05,RETAINED
POST_HOC_MEASUREMENT_DIAGNOSTIC,yearly_rank,unweighted_tile_mean,2023,VN_LEGACY63_04,0.34394201228878646,0.33162096144645065,-0.012321050842335812,RETAINED
POST_HOC_MEASUREMENT_DIAGNOSTIC,yearly_rank,unweighted_tile_mean,2023,VN_LEGACY63_06,0.34394201228878646,0.3367077132280728,-0.007234299060713656,RETAINED
POST_HOC_MEASUREMENT_DIAGNOSTIC,yearly_rank,unweighted_tile_mean,2023,VN_LEGACY63_08,0.34394201228878646,0.3422477399209288,-0.0016942723678576854,RETAINED
POST_HOC_MEASUREMENT_DIAGNOSTIC,yearly_rank,unweighted_tile_mean,2023,VN_LEGACY63_10,0.34394201228878646,0.3397295459696306,-0.004212466319155839,RETAINED
POST_HOC_MEASUREMENT_DIAGNOSTIC,yearly_rank,unweighted_tile_mean,2023,VN_LEGACY63_11,0.34394201228878646,0.3538314320969001,0.009889419808113642,RETAINED
POST_HOC_MEASUREMENT_DIAGNOSTIC,yearly_rank,unweighted_tile_mean,2023,VN_LEGACY63_12,0.34394201228878646,0.3923597995517615,0.04841778726297502,RETAINED
POST_HOC_MEASUREMENT_DIAGNOSTIC,yearly_rank,unweighted_tile_mean,2023,VN_LEGACY63_14,0.34394201228878646,0.37785500239228426,0.0339129901034978,RETAINED
POST_HOC_MEASUREMENT_DIAGNOSTIC,yearly_rank,unweighted_tile_mean,2023,VN_LEGACY63_15,0.34394201228878646,0.33167132532547655,-0.012270686963309907,RETAINED
POST_HOC_MEASUREMENT_DIAGNOSTIC,yearly_rank,unweighted_tile_mean,2023,VN_LEGACY63_17,0.34394201228878646,0.3400820931228123,-0.0038599191659741683,RETAINED
POST_HOC_MEASUREMENT_DIAGNOSTIC,yearly_rank,unweighted_tile_mean,2023,VN_LEGACY63_19,0.34394201228878646,0.34396011180781144,1.80995190249833e-05,RETAINED
POST_HOC_MEASUREMENT_DIAGNOSTIC,yearly_rank,unweighted_tile_mean,2023,VN_LEGACY63_20,0.34394201228878646,0.34406083956586336,0.00011882727707690499,RETAINED
POST_HOC_MEASUREMENT_DIAGNOSTIC,yearly_rank,unweighted_tile_mean,2023,VN_LEGACY63_22,0.34394201228878646,0.3448666616302788,0.000924649341492334,RETAINED
POST_HOC_MEASUREMENT_DIAGNOSTIC,yearly_rank,unweighted_tile_mean,2023,VN_LEGACY63_24,0.34394201228878646,0.34285210646924025,-0.0010899058195462108,RETAINED
POST_HOC_MEASUREMENT_DIAGNOSTIC,yearly_rank,unweighted_tile_mean,2023,VN_LEGACY63_25,0.34394201228878646,0.33942736269547485,-0.004514649593311604,RETAINED
POST_HOC_MEASUREMENT_DIAGNOSTIC,yearly_rank,unweighted_tile_mean,2023,VN_LEGACY63_26,0.34394201228878646,0.33529752461534584,-0.008644487673440615,RETAINED
POST_HOC_MEASUREMENT_DIAGNOSTIC,yearly_rank,unweighted_tile_mean,2023,VN_LEGACY63_27,0.34394201228878646,0.34234846767898064,-0.0015935446098058192,RETAINED
POST_HOC_MEASUREMENT_DIAGNOSTIC,yearly_rank,unweighted_tile_mean,2023,VN_LEGACY63_30,0.34394201228878646,0.3360529828007353,-0.007889029488051147,RETAINED
POST_HOC_MEASUREMENT_DIAGNOSTIC,yearly_rank,unweighted_tile_mean,2023,VN_LEGACY63_31,0.34394201228878646,0.33036186447080157,-0.013580147817984889,RETAINED
POST_HOC_MEASUREMENT_DIAGNOSTIC,yearly_rank,unweighted_tile_mean,2023,VN_LEGACY63_33,0.34394201228878646,0.3398806376067085,-0.004061374682077956,RETAINED
POST_HOC_MEASUREMENT_DIAGNOSTIC,yearly_rank,unweighted_tile_mean,2023,VN_LEGACY63_34,0.34394201228878646,0.3683362292563773,0.024394216967590865,RETAINED
POST_HOC_MEASUREMENT_DIAGNOSTIC,yearly_rank,unweighted_tile_mean,2023,VN_LEGACY63_35,0.34394201228878646,0.32472111001989373,-0.019220902268892726,RETAINED
POST_HOC_MEASUREMENT_DIAGNOSTIC,yearly_rank,unweighted_tile_mean,2023,VN_LEGACY63_36,0.34394201228878646,0.35770945078189925,0.013767438493112794,RETAINED
POST_HOC_MEASUREMENT_DIAGNOSTIC,yearly_rank,unweighted_tile_mean,2023,VN_LEGACY63_37,0.34394201228878646,0.3592707310317041,0.015328718742917635,RETAINED
POST_HOC_MEASUREMENT_DIAGNOSTIC,yearly_rank,unweighted_tile_mean,2023,VN_LEGACY63_38,0.34394201228878646,0.35191760469391353,0.007975592405127074,RETAINED
POST_HOC_MEASUREMENT_DIAGNOSTIC,yearly_rank,unweighted_tile_mean,2023,VN_LEGACY63_40,0.34394201228878646,0.33162096144645065,-0.012321050842335812,RETAINED
POST_HOC_MEASUREMENT_DIAGNOSTIC,yearly_rank,unweighted_tile_mean,2023,VN_LEGACY63_42,0.34394201228878646,0.32592984311651685,-0.01801216917226961,RETAINED
POST_HOC_MEASUREMENT_DIAGNOSTIC,yearly_rank,unweighted_tile_mean,2023,VN_LEGACY63_44,0.34394201228878646,0.383596484601244,0.039654472312457556,RETAINED
POST_HOC_MEASUREMENT_DIAGNOSTIC,yearly_rank,unweighted_tile_mean,2023,VN_LEGACY63_45,0.34394201228878646,0.33857117675203346,-0.005370835536752994,RETAINED
POST_HOC_MEASUREMENT_DIAGNOSTIC,yearly_rank,unweighted_tile_mean,2023,VN_LEGACY63_46,0.34394201228878646,0.3487446803152779,0.00480266802649143,RETAINED
POST_HOC_MEASUREMENT_DIAGNOSTIC,yearly_rank,unweighted_tile_mean,2023,VN_LEGACY63_48,0.34394201228878646,0.33957845433255274,-0.004363557956233721,RETAINED
POST_HOC_MEASUREMENT_DIAGNOSTIC,yearly_rank,unweighted_tile_mean,2023,VN_LEGACY63_49,0.34394201228878646,0.36551585203092346,0.021573839742137002,RETAINED
POST_HOC_MEASUREMENT_DIAGNOSTIC,yearly_rank,unweighted_tile_mean,2023,VN_LEGACY63_51,0.34394201228878646,0.34436302284001913,0.00042101055123267006,RETAINED
POST_HOC_MEASUREMENT_DIAGNOSTIC,yearly_rank,unweighted_tile_mean,2023,VN_LEGACY63_52,0.34394201228878646,0.35443579864521163,0.010493786356425172,RETAINED
POST_HOC_MEASUREMENT_DIAGNOSTIC,yearly_rank,unweighted_tile_mean,2023,VN_LEGACY63_54,0.34394201228878646,0.3773009997229987,0.03335898743421223,RETAINED
POST_HOC_MEASUREMENT_DIAGNOSTIC,yearly_rank,unweighted_tile_mean,2023,VN_LEGACY63_56,0.34394201228878646,0.34431265896099317,0.0003706466722067092,RETAINED
POST_HOC_MEASUREMENT_DIAGNOSTIC,yearly_rank,unweighted_tile_mean,2023,VN_LEGACY63_58,0.34394201228878646,0.35811236181410694,0.01417034952532048,RETAINED
POST_HOC_MEASUREMENT_DIAGNOSTIC,yearly_rank,unweighted_tile_mean,2023,VN_LEGACY63_60,0.34394201228878646,0.33983027372768254,-0.004111738561103917,RETAINED
POST_HOC_MEASUREMENT_DIAGNOSTIC,yearly_rank,unweighted_tile_mean,2023,VN_LEGACY63_62,0.34394201228878646,0.35725617587066555,0.01331416358187909,RETAINED
POST_HOC_MEASUREMENT_DIAGNOSTIC,yearly_rank,unweighted_tile_mean,2023,VN_LEGACY63_64,0.34394201228878646,0.3344917025509305,-0.009450309737855933,RETAINED
POST_HOC_MEASUREMENT_DIAGNOSTIC,yearly_rank,unweighted_tile_mean,2023,VN_LEGACY63_66,0.34394201228878646,0.33892372390521514,-0.005018288383571323,RETAINED
POST_HOC_MEASUREMENT_DIAGNOSTIC,yearly_rank,unweighted_tile_mean,2023,VN_LEGACY63_67,0.34394201228878646,0.3367580771070988,-0.0071839351816876396,RETAINED
POST_HOC_MEASUREMENT_DIAGNOSTIC,yearly_rank,unweighted_tile_mean,2023,VN_LEGACY63_68,0.34394201228878646,0.35403288761300394,0.010090875324217485,RETAINED
POST_HOC_MEASUREMENT_DIAGNOSTIC,yearly_rank,unweighted_tile_mean,2023,VN_LEGACY63_70,0.34394201228878646,0.3463775780010576,0.0024355657122711594,RETAINED
POST_HOC_MEASUREMENT_DIAGNOSTIC,yearly_rank,unweighted_tile_mean,2023,VN_LEGACY63_72,0.34394201228878646,0.31948326660119364,-0.02445874568759282,RETAINED
POST_HOC_MEASUREMENT_DIAGNOSTIC,yearly_rank,unweighted_tile_mean,2023,VN_LEGACY63_74,0.34394201228878646,0.3244189267457379,-0.019523085543048546,RETAINED
POST_HOC_MEASUREMENT_DIAGNOSTIC,yearly_rank,unweighted_tile_mean,2023,VN_LEGACY63_75,0.34394201228878646,0.3326786029059958,-0.011263409382790635,RETAINED
POST_HOC_MEASUREMENT_DIAGNOSTIC,yearly_rank,unweighted_tile_mean,2023,VN_LEGACY63_77,0.34394201228878646,0.34723376394449906,0.0032917516557126048,RETAINED
POST_HOC_MEASUREMENT_DIAGNOSTIC,yearly_rank,unweighted_tile_mean,2023,VN_LEGACY63_79,0.34394201228878646,0.3227065548588552,-0.02123545742993127,RETAINED
POST_HOC_MEASUREMENT_DIAGNOSTIC,yearly_rank,unweighted_tile_mean,2023,VN_LEGACY63_80,0.34394201228878646,0.33912517942131903,-0.004816832867467424,RETAINED
POST_HOC_MEASUREMENT_DIAGNOSTIC,yearly_rank,unweighted_tile_mean,2023,VN_LEGACY63_82,0.34394201228878646,0.33585152728463147,-0.00809048500415499,RETAINED
POST_HOC_MEASUREMENT_DIAGNOSTIC,yearly_rank,unweighted_tile_mean,2023,VN_LEGACY63_83,0.34394201228878646,0.3336858804865151,-0.010256131802271362,RETAINED
POST_HOC_MEASUREMENT_DIAGNOSTIC,yearly_rank,unweighted_tile_mean,2023,VN_LEGACY63_84,0.34394201228878646,0.3400317292437864,-0.003910283045000074,RETAINED
POST_HOC_MEASUREMENT_DIAGNOSTIC,yearly_rank,unweighted_tile_mean,2023,VN_LEGACY63_86,0.34394201228878646,0.35604744277404243,0.012105430485255975,RETAINED
POST_HOC_MEASUREMENT_DIAGNOSTIC,yearly_rank,unweighted_tile_mean,2023,VN_LEGACY63_87,0.34394201228878646,0.34083755130820176,-0.0031044609805847,RETAINED
POST_HOC_MEASUREMENT_DIAGNOSTIC,yearly_rank,unweighted_tile_mean,2023,VN_LEGACY63_89,0.34394201228878646,0.34244919543703256,-0.0014928168517538976,RETAINED
POST_HOC_MEASUREMENT_DIAGNOSTIC,yearly_rank,unweighted_tile_mean,2023,VN_LEGACY63_91,0.34394201228878646,0.3422477399209288,-0.0016942723678576854,RETAINED
POST_HOC_MEASUREMENT_DIAGNOSTIC,yearly_rank,unweighted_tile_mean,2023,VN_LEGACY63_92,0.34394201228878646,0.33635516607489113,-0.007586846213895326,RETAINED
POST_HOC_MEASUREMENT_DIAGNOSTIC,yearly_rank,unweighted_tile_mean,2023,VN_LEGACY63_93,0.34394201228878646,0.3334340610913853,-0.010507951197401166,RETAINED
POST_HOC_MEASUREMENT_DIAGNOSTIC,yearly_rank,unweighted_tile_mean,2023,VN_LEGACY63_94,0.34394201228878646,0.3436579285336557,-0.00028408375513078177,RETAINED
POST_HOC_MEASUREMENT_DIAGNOSTIC,yearly_rank,unweighted_tile_mean,2023,VN_LEGACY63_95,0.34394201228878646,0.3224043715846995,-0.02153764070408698,RETAINED
POST_HOC_MEASUREMENT_DIAGNOSTIC,yearly_rank,unweighted_tile_mean,2023,VN_LEGACY63_96,0.34394201228878646,0.33877263226813725,-0.005169380020649206,RETAINED
POST_HOC_MEASUREMENT_DIAGNOSTIC,yearly_rank,unweighted_tile_mean,2024,VN_LEGACY63_01,0.2745361592610883,0.2704356586100512,-0.00410050065103712,RETAINED
POST_HOC_MEASUREMENT_DIAGNOSTIC,yearly_rank,unweighted_tile_mean,2024,VN_LEGACY63_02,0.2745361592610883,0.271996978177406,-0.0025391810836823403,RETAINED
POST_HOC_MEASUREMENT_DIAGNOSTIC,yearly_rank,unweighted_tile_mean,2024,VN_LEGACY63_04,0.2745361592610883,0.2695005099620586,-0.005035649299029721,RETAINED
POST_HOC_MEASUREMENT_DIAGNOSTIC,yearly_rank,unweighted_tile_mean,2024,VN_LEGACY63_06,0.2745361592610883,0.2887182070923025,0.014182047831214184,RETAINED
POST_HOC_MEASUREMENT_DIAGNOSTIC,yearly_rank,unweighted_tile_mean,2024,VN_LEGACY63_08,0.2745361592610883,0.3006043818631326,0.026068222602044278,RETAINED
POST_HOC_MEASUREMENT_DIAGNOSTIC,yearly_rank,unweighted_tile_mean,2024,VN_LEGACY63_10,0.2745361592610883,0.2582472929552169,-0.016288866305871397,RETAINED
POST_HOC_MEASUREMENT_DIAGNOSTIC,yearly_rank,unweighted_tile_mean,2024,VN_LEGACY63_11,0.2745361592610883,0.2943087384463794,0.019772579185291073,RETAINED
POST_HOC_MEASUREMENT_DIAGNOSTIC,yearly_rank,unweighted_tile_mean,2024,VN_LEGACY63_12,0.2745361592610883,0.27980357601418,0.005267416753091669,RETAINED
POST_HOC_MEASUREMENT_DIAGNOSTIC,yearly_rank,unweighted_tile_mean,2024,VN_LEGACY63_14,0.2745361592610883,0.3156635609160063,0.04112740165491796,RETAINED
POST_HOC_MEASUREMENT_DIAGNOSTIC,yearly_rank,unweighted_tile_mean,2024,VN_LEGACY63_15,0.2745361592610883,0.2557794007358497,-0.018756758525238615,RETAINED
POST_HOC_MEASUREMENT_DIAGNOSTIC,yearly_rank,unweighted_tile_mean,2024,VN_LEGACY63_17,0.2745361592610883,0.29451019903571546,0.01997403977462714,RETAINED
POST_HOC_MEASUREMENT_DIAGNOSTIC,yearly_rank,unweighted_tile_mean,2024,VN_LEGACY63_19,0.2745361592610883,0.25668597338786214,-0.017850185873226176,RETAINED
POST_HOC_MEASUREMENT_DIAGNOSTIC,yearly_rank,unweighted_tile_mean,2024,VN_LEGACY63_20,0.2745361592610883,0.2692268950740345,-0.005309264187053797,RETAINED
POST_HOC_MEASUREMENT_DIAGNOSTIC,yearly_rank,unweighted_tile_mean,2024,VN_LEGACY63_22,0.2745361592610883,0.2739829516340121,-0.0005532076270762243,RETAINED
POST_HOC_MEASUREMENT_DIAGNOSTIC,yearly_rank,unweighted_tile_mean,2024,VN_LEGACY63_24,0.2745361592610883,0.26333417283595356,-0.011201986425134758,RETAINED
POST_HOC_MEASUREMENT_DIAGNOSTIC,yearly_rank,unweighted_tile_mean,2024,VN_LEGACY63_25,0.2745361592610883,0.2592545959018975,-0.015281563359190842,RETAINED
POST_HOC_MEASUREMENT_DIAGNOSTIC,yearly_rank,unweighted_tile_mean,2024,VN_LEGACY63_26,0.2745361592610883,0.27799043071015506,0.003454271449066737,RETAINED
POST_HOC_MEASUREMENT_DIAGNOSTIC,yearly_rank,unweighted_tile_mean,2024,VN_LEGACY63_27,0.2745361592610883,0.2734072023027587,-0.0011289569583295966,RETAINED
POST_HOC_MEASUREMENT_DIAGNOSTIC,yearly_rank,unweighted_tile_mean,2024,VN_LEGACY63_30,0.2745361592610883,0.2755225384907877,0.0009863792296994078,RETAINED
POST_HOC_MEASUREMENT_DIAGNOSTIC,yearly_rank,unweighted_tile_mean,2024,VN_LEGACY63_31,0.2745361592610883,0.27917401167250466,0.004637852411416343,RETAINED
POST_HOC_MEASUREMENT_DIAGNOSTIC,yearly_rank,unweighted_tile_mean,2024,VN_LEGACY63_33,0.2745361592610883,0.2612692017952585,-0.013266957465829843,RETAINED
POST_HOC_MEASUREMENT_DIAGNOSTIC,yearly_rank,unweighted_tile_mean,2024,VN_LEGACY63_34,0.2745361592610883,0.272072525898407,-0.0024636333626812945,RETAINED
POST_HOC_MEASUREMENT_DIAGNOSTIC,yearly_rank,unweighted_tile_mean,2024,VN_LEGACY63_35,0.2745361592610883,0.281818181907541,0.007282022646452668,RETAINED
POST_HOC_MEASUREMENT_DIAGNOSTIC,yearly_rank,unweighted_tile_mean,2024,VN_LEGACY63_36,0.2745361592610883,0.272072525898407,-0.0024636333626812945,RETAINED
POST_HOC_MEASUREMENT_DIAGNOSTIC,yearly_rank,unweighted_tile_mean,2024,VN_LEGACY63_37,0.2745361592610883,0.27325610686075663,-0.0012800524003316882,RETAINED
POST_HOC_MEASUREMENT_DIAGNOSTIC,yearly_rank,unweighted_tile_mean,2024,VN_LEGACY63_38,0.2745361592610883,0.24477461604336512,-0.029761543217723202,RETAINED
POST_HOC_MEASUREMENT_DIAGNOSTIC,yearly_rank,unweighted_tile_mean,2024,VN_LEGACY63_40,0.2745361592610883,0.24386804339135262,-0.030668115869735696,RETAINED
POST_HOC_MEASUREMENT_DIAGNOSTIC,yearly_rank,unweighted_tile_mean,2024,VN_LEGACY63_42,0.2745361592610883,0.297629090566396,0.023092931305307707,RETAINED
POST_HOC_MEASUREMENT_DIAGNOSTIC,yearly_rank,unweighted_tile_mean,2024,VN_LEGACY63_44,0.2745361592610883,0.24925711415609333,-0.025279045104994985,RETAINED
POST_HOC_MEASUREMENT_DIAGNOSTIC,yearly_rank,unweighted_tile_mean,2024,VN_LEGACY63_45,0.2745361592610883,0.25628305220918995,-0.018253107051898365,RETAINED
POST_HOC_MEASUREMENT_DIAGNOSTIC,yearly_rank,unweighted_tile_mean,2024,VN_LEGACY63_46,0.2745361592610883,0.27325610686075663,-0.0012800524003316882,RETAINED
POST_HOC_MEASUREMENT_DIAGNOSTIC,yearly_rank,unweighted_tile_mean,2024,VN_LEGACY63_48,0.2745361592610883,0.2606648200272502,-0.013871339233838098,RETAINED
POST_HOC_MEASUREMENT_DIAGNOSTIC,yearly_rank,unweighted_tile_mean,2024,VN_LEGACY63_49,0.2745361592610883,0.27522034760678366,0.0006841883456953357,RETAINED
POST_HOC_MEASUREMENT_DIAGNOSTIC,yearly_rank,unweighted_tile_mean,2024,VN_LEGACY63_51,0.2745361592610883,0.27511961731211554,0.0005834580510272191,RETAINED
POST_HOC_MEASUREMENT_DIAGNOSTIC,yearly_rank,unweighted_tile_mean,2024,VN_LEGACY63_52,0.2745361592610883,0.2867036011989415,0.012167441937853185,RETAINED
POST_HOC_MEASUREMENT_DIAGNOSTIC,yearly_rank,unweighted_tile_mean,2024,VN_LEGACY63_54,0.2745361592610883,0.2755225384907877,0.0009863792296994078,RETAINED
POST_HOC_MEASUREMENT_DIAGNOSTIC,yearly_rank,unweighted_tile_mean,2024,VN_LEGACY63_56,0.2745361592610883,0.2921934022583503,0.017657242997261957,RETAINED
POST_HOC_MEASUREMENT_DIAGNOSTIC,yearly_rank,unweighted_tile_mean,2024,VN_LEGACY63_58,0.2745361592610883,0.2819692773495431,0.00743311808845476,RETAINED
POST_HOC_MEASUREMENT_DIAGNOSTIC,yearly_rank,unweighted_tile_mean,2024,VN_LEGACY63_60,0.2745361592610883,0.27715940577914366,0.0026232465180553444,RETAINED
POST_HOC_MEASUREMENT_DIAGNOSTIC,yearly_rank,unweighted_tile_mean,2024,VN_LEGACY63_62,0.2745361592610883,0.2853185596472558,0.010782400386167457,RETAINED
POST_HOC_MEASUREMENT_DIAGNOSTIC,yearly_rank,unweighted_tile_mean,2024,VN_LEGACY63_64,0.2745361592610883,0.2725761773717473,-0.0019599818893410448,RETAINED
POST_HOC_MEASUREMENT_DIAGNOSTIC,yearly_rank,unweighted_tile_mean,2024,VN_LEGACY63_66,0.2745361592610883,0.2943087384463794,0.019772579185291073,RETAINED
POST_HOC_MEASUREMENT_DIAGNOSTIC,yearly_rank,unweighted_tile_mean,2024,VN_LEGACY63_67,0.2745361592610883,0.2548728280838372,-0.01966333117725111,RETAINED
POST_HOC_MEASUREMENT_DIAGNOSTIC,yearly_rank,unweighted_tile_mean,2024,VN_LEGACY63_68,0.2745361592610883,0.3041299421765144,0.02959378291542608,RETAINED
POST_HOC_MEASUREMENT_DIAGNOSTIC,yearly_rank,unweighted_tile_mean,2024,VN_LEGACY63_70,0.2745361592610883,0.27663057173213634,0.002094412471048024,RETAINED
POST_HOC_MEASUREMENT_DIAGNOSTIC,yearly_rank,unweighted_tile_mean,2024,VN_LEGACY63_72,0.2745361592610883,0.2726517250927483,-0.001884434168339999,RETAINED
POST_HOC_MEASUREMENT_DIAGNOSTIC,yearly_rank,unweighted_tile_mean,2024,VN_LEGACY63_74,0.2745361592610883,0.25774364148187673,-0.01679251777921159,RETAINED
POST_HOC_MEASUREMENT_DIAGNOSTIC,yearly_rank,unweighted_tile_mean,2024,VN_LEGACY63_75,0.2745361592610883,0.25774364148187673,-0.01679251777921159,RETAINED
POST_HOC_MEASUREMENT_DIAGNOSTIC,yearly_rank,unweighted_tile_mean,2024,VN_LEGACY63_77,0.2745361592610883,0.2588516747232253,-0.01568448453786303,RETAINED
POST_HOC_MEASUREMENT_DIAGNOSTIC,yearly_rank,unweighted_tile_mean,2024,VN_LEGACY63_79,0.2745361592610883,0.2560312264725198,-0.018504932788568518,RETAINED
POST_HOC_MEASUREMENT_DIAGNOSTIC,yearly_rank,unweighted_tile_mean,2024,VN_LEGACY63_80,0.2745361592610883,0.28851674650296644,0.013980587241878117,RETAINED
POST_HOC_MEASUREMENT_DIAGNOSTIC,yearly_rank,unweighted_tile_mean,2024,VN_LEGACY63_82,0.2745361592610883,0.2754721733434538,0.0009360140823654883,RETAINED
POST_HOC_MEASUREMENT_DIAGNOSTIC,yearly_rank,unweighted_tile_mean,2024,VN_LEGACY63_83,0.2745361592610883,0.2907328129856635,0.016196653724575183,RETAINED
POST_HOC_MEASUREMENT_DIAGNOSTIC,yearly_rank,unweighted_tile_mean,2024,VN_LEGACY63_84,0.2745361592610883,0.2983379502331014,0.02380179097201307,RETAINED
POST_HOC_MEASUREMENT_DIAGNOSTIC,yearly_rank,unweighted_tile_mean,2024,VN_LEGACY63_86,0.2745361592610883,0.28426089155324125,0.009724732292152927,RETAINED
POST_HOC_MEASUREMENT_DIAGNOSTIC,yearly_rank,unweighted_tile_mean,2024,VN_LEGACY63_87,0.2745361592610883,0.2764794762901343,0.0019433170290459878,RETAINED
POST_HOC_MEASUREMENT_DIAGNOSTIC,yearly_rank,unweighted_tile_mean,2024,VN_LEGACY63_89,0.2745361592610883,0.2742382272337701,-0.000297932027318204,RETAINED
POST_HOC_MEASUREMENT_DIAGNOSTIC,yearly_rank,unweighted_tile_mean,2024,VN_LEGACY63_91,0.2745361592610883,0.2747670612807774,0.000230902019689061,RETAINED
POST_HOC_MEASUREMENT_DIAGNOSTIC,yearly_rank,unweighted_tile_mean,2024,VN_LEGACY63_92,0.2745361592610883,0.2613195669425925,-0.013216592318495812,RETAINED
POST_HOC_MEASUREMENT_DIAGNOSTIC,yearly_rank,unweighted_tile_mean,2024,VN_LEGACY63_93,0.2745361592610883,0.2748139661012844,0.00027780684019607094,RETAINED
POST_HOC_MEASUREMENT_DIAGNOSTIC,yearly_rank,unweighted_tile_mean,2024,VN_LEGACY63_94,0.2745361592610883,0.27786451784182004,0.003328358580731716,RETAINED
POST_HOC_MEASUREMENT_DIAGNOSTIC,yearly_rank,unweighted_tile_mean,2024,VN_LEGACY63_95,0.2745361592610883,0.2767313020268044,0.002195142765716085,RETAINED
POST_HOC_MEASUREMENT_DIAGNOSTIC,yearly_rank,unweighted_tile_mean,2024,VN_LEGACY63_96,0.2745361592610883,0.26837068756935617,-0.0061654716917321495,RETAINED
POST_HOC_MEASUREMENT_DIAGNOSTIC,change_rank_2021_2024,unweighted_tile_mean,2021-2024,VN_LEGACY63_01,-0.19254032258064516,-0.18571680390823703,0.00682351867240813,RETAINED
POST_HOC_MEASUREMENT_DIAGNOSTIC,change_rank_2021_2024,unweighted_tile_mean,2021-2024,VN_LEGACY63_02,-0.19254032258064516,-0.19050137241570345,0.0020389501649417108,RETAINED
POST_HOC_MEASUREMENT_DIAGNOSTIC,change_rank_2021_2024,unweighted_tile_mean,2021-2024,VN_LEGACY63_04,-0.19254032258064516,-0.1796731384251215,0.012867184155523653,RETAINED
POST_HOC_MEASUREMENT_DIAGNOSTIC,change_rank_2021_2024,unweighted_tile_mean,2021-2024,VN_LEGACY63_06,-0.19254032258064516,-0.20097705925310366,-0.008436736672458506,RETAINED
POST_HOC_MEASUREMENT_DIAGNOSTIC,change_rank_2021_2024,unweighted_tile_mean,2021-2024,VN_LEGACY63_08,-0.19254032258064516,-0.16305305834655384,0.029487264234091315,RETAINED
POST_HOC_MEASUREMENT_DIAGNOSTIC,change_rank_2021_2024,unweighted_tile_mean,2021-2024,VN_LEGACY63_10,-0.19254032258064516,-0.18596862330336683,0.006571699277278326,RETAINED
POST_HOC_MEASUREMENT_DIAGNOSTIC,change_rank_2021_2024,unweighted_tile_mean,2021-2024,VN_LEGACY63_11,-0.19254032258064516,-0.18445770693258795,0.008082615648057206,RETAINED
POST_HOC_MEASUREMENT_DIAGNOSTIC,change_rank_2021_2024,unweighted_tile_mean,2021-2024,VN_LEGACY63_12,-0.19254032258064516,-0.17438493112739545,0.01815539145324971,RETAINED
POST_HOC_MEASUREMENT_DIAGNOSTIC,change_rank_2021_2024,unweighted_tile_mean,2021-2024,VN_LEGACY63_14,-0.19254032258064516,-0.17997532169927727,0.012565000881367888,RETAINED
POST_HOC_MEASUREMENT_DIAGNOSTIC,change_rank_2021_2024,unweighted_tile_mean,2021-2024,VN_LEGACY63_15,-0.19254032258064516,-0.215381128654529,-0.022840806073883835,RETAINED
POST_HOC_MEASUREMENT_DIAGNOSTIC,change_rank_2021_2024,unweighted_tile_mean,2021-2024,VN_LEGACY63_17,-0.19254032258064516,-0.18944373095615824,0.0030965916244869163,RETAINED
POST_HOC_MEASUREMENT_DIAGNOSTIC,change_rank_2021_2024,unweighted_tile_mean,2021-2024,VN_LEGACY63_19,-0.19254032258064516,-0.2116038377275818,-0.019063515146936633,RETAINED
POST_HOC_MEASUREMENT_DIAGNOSTIC,change_rank_2021_2024,unweighted_tile_mean,2021-2024,VN_LEGACY63_20,-0.19254032258064516,-0.20102742313212965,-0.008487100551484494,RETAINED
POST_HOC_MEASUREMENT_DIAGNOSTIC,change_rank_2021_2024,unweighted_tile_mean,2021-2024,VN_LEGACY63_22,-0.19254032258064516,-0.1902999168995996,0.002240405681045554,RETAINED
POST_HOC_MEASUREMENT_DIAGNOSTIC,change_rank_2021_2024,unweighted_tile_mean,2021-2024,VN_LEGACY63_24,-0.19254032258064516,-0.18798317846440532,0.004557144116239836,RETAINED
POST_HOC_MEASUREMENT_DIAGNOSTIC,change_rank_2021_2024,unweighted_tile_mean,2021-2024,VN_LEGACY63_25,-0.19254032258064516,-0.21462567046913952,-0.022085347888494367,RETAINED
POST_HOC_MEASUREMENT_DIAGNOSTIC,change_rank_2021_2024,unweighted_tile_mean,2021-2024,VN_LEGACY63_26,-0.19254032258064516,-0.1889904560449246,0.003549866535720564,RETAINED
POST_HOC_MEASUREMENT_DIAGNOSTIC,change_rank_2021_2024,unweighted_tile_mean,2021-2024,VN_LEGACY63_27,-0.19254032258064516,-0.20460325854297298,-0.012062935962327825,RETAINED
POST_HOC_MEASUREMENT_DIAGNOSTIC,change_rank_2021_2024,unweighted_tile_mean,2021-2024,VN_LEGACY63_30,-0.19254032258064516,-0.20153106192238926,-0.008990739341744103,RETAINED
POST_HOC_MEASUREMENT_DIAGNOSTIC,change_rank_2021_2024,unweighted_tile_mean,2021-2024,VN_LEGACY63_31,-0.19254032258064516,-0.20153106192238926,-0.008990739341744103,RETAINED
POST_HOC_MEASUREMENT_DIAGNOSTIC,change_rank_2021_2024,unweighted_tile_mean,2021-2024,VN_LEGACY63_33,-0.19254032258064516,-0.22646118204024077,-0.03392085945959561,RETAINED
POST_HOC_MEASUREMENT_DIAGNOSTIC,change_rank_2021_2024,unweighted_tile_mean,2021-2024,VN_LEGACY63_34,-0.19254032258064516,-0.19412757170557277,-0.0015872491249276088,RETAINED
POST_HOC_MEASUREMENT_DIAGNOSTIC,change_rank_2021_2024,unweighted_tile_mean,2021-2024,VN_LEGACY63_35,-0.19254032258064516,-0.1670318047896049,0.02550851779104027,RETAINED
POST_HOC_MEASUREMENT_DIAGNOSTIC,change_rank_2021_2024,unweighted_tile_mean,2021-2024,VN_LEGACY63_36,-0.19254032258064516,-0.21497821762232128,-0.02243789504167612,RETAINED
POST_HOC_MEASUREMENT_DIAGNOSTIC,change_rank_2021_2024,unweighted_tile_mean,2021-2024,VN_LEGACY63_37,-0.19254032258064516,-0.1889400921658986,0.0036002304147465525,RETAINED
POST_HOC_MEASUREMENT_DIAGNOSTIC,change_rank_2021_2024,unweighted_tile_mean,2021-2024,VN_LEGACY63_38,-0.19254032258064516,-0.24197325678023723,-0.04943293419959208,RETAINED
POST_HOC_MEASUREMENT_DIAGNOSTIC,change_rank_2021_2024,unweighted_tile_mean,2021-2024,VN_LEGACY63_40,-0.19254032258064516,-0.22686409307244845,-0.034323770491803296,RETAINED
POST_HOC_MEASUREMENT_DIAGNOSTIC,change_rank_2021_2024,unweighted_tile_mean,2021-2024,VN_LEGACY63_42,-0.19254032258064516,-0.1592254035405807,0.03331491904006445,RETAINED
POST_HOC_MEASUREMENT_DIAGNOSTIC,change_rank_2021_2024,unweighted_tile_mean,2021-2024,VN_LEGACY63_44,-0.19254032258064516,-0.18400443202135428,0.008535890559290882,RETAINED
POST_HOC_MEASUREMENT_DIAGNOSTIC,change_rank_2021_2024,unweighted_tile_mean,2021-2024,VN_LEGACY63_45,-0.19254032258064516,-0.1838533403842764,0.008686982196368764,RETAINED
POST_HOC_MEASUREMENT_DIAGNOSTIC,change_rank_2021_2024,unweighted_tile_mean,2021-2024,VN_LEGACY63_46,-0.19254032258064516,-0.20742363576842687,-0.014883313187781716,RETAINED
POST_HOC_MEASUREMENT_DIAGNOSTIC,change_rank_2021_2024,unweighted_tile_mean,2021-2024,VN_LEGACY63_48,-0.19254032258064516,-0.1893933670771323,0.0031469555035128494,RETAINED
POST_HOC_MEASUREMENT_DIAGNOSTIC,change_rank_2021_2024,unweighted_tile_mean,2021-2024,VN_LEGACY63_49,-0.19254032258064516,-0.18672408148875627,0.005816241091888885,RETAINED
POST_HOC_MEASUREMENT_DIAGNOSTIC,change_rank_2021_2024,unweighted_tile_mean,2021-2024,VN_LEGACY63_51,-0.19254032258064516,-0.18974591423031403,0.0027944083503311234,RETAINED
POST_HOC_MEASUREMENT_DIAGNOSTIC,change_rank_2021_2024,unweighted_tile_mean,2021-2024,VN_LEGACY63_52,-0.19254032258064516,-0.19150864999622272,0.0010316725844224384,RETAINED
POST_HOC_MEASUREMENT_DIAGNOSTIC,change_rank_2021_2024,unweighted_tile_mean,2021-2024,VN_LEGACY63_54,-0.19254032258064516,-0.22686409307244845,-0.034323770491803296,RETAINED
POST_HOC_MEASUREMENT_DIAGNOSTIC,change_rank_2021_2024,unweighted_tile_mean,2021-2024,VN_LEGACY63_56,-0.19254032258064516,-0.17317619803077233,0.019364124549872824,RETAINED
POST_HOC_MEASUREMENT_DIAGNOSTIC,change_rank_2021_2024,unweighted_tile_mean,2021-2024,VN_LEGACY63_58,-0.19254032258064516,-0.17906877187680997,0.013471550703835183,RETAINED
POST_HOC_MEASUREMENT_DIAGNOSTIC,change_rank_2021_2024,unweighted_tile_mean,2021-2024,VN_LEGACY63_60,-0.19254032258064516,-0.18833572561758707,0.004204596963058083,RETAINED
POST_HOC_MEASUREMENT_DIAGNOSTIC,change_rank_2021_2024,unweighted_tile_mean,2021-2024,VN_LEGACY63_62,-0.19254032258064516,-0.20082596761602578,-0.008285645035380623,RETAINED
POST_HOC_MEASUREMENT_DIAGNOSTIC,change_rank_2021_2024,unweighted_tile_mean,2021-2024,VN_LEGACY63_64,-0.19254032258064516,-0.1981063181486238,-0.005565995567978654,RETAINED
POST_HOC_MEASUREMENT_DIAGNOSTIC,change_rank_2021_2024,unweighted_tile_mean,2021-2024,VN_LEGACY63_66,-0.19254032258064516,-0.18501170960187355,0.007528612978771609,RETAINED
POST_HOC_MEASUREMENT_DIAGNOSTIC,change_rank_2021_2024,unweighted_tile_mean,2021-2024,VN_LEGACY63_67,-0.19254032258064516,-0.23290775855556392,-0.040367435974918764,RETAINED
POST_HOC_MEASUREMENT_DIAGNOSTIC,change_rank_2021_2024,unweighted_tile_mean,2021-2024,VN_LEGACY63_68,-0.19254032258064516,-0.1708090957165521,0.021731226864093067,RETAINED
POST_HOC_MEASUREMENT_DIAGNOSTIC,change_rank_2021_2024,unweighted_tile_mean,2021-2024,VN_LEGACY63_70,-0.19254032258064516,-0.18561607615018508,0.006924246430460079,RETAINED
POST_HOC_MEASUREMENT_DIAGNOSTIC,change_rank_2021_2024,unweighted_tile_mean,2021-2024,VN_LEGACY63_72,-0.19254032258064516,-0.1812847825539523,0.01125554002669285,RETAINED
POST_HOC_MEASUREMENT_DIAGNOSTIC,change_rank_2021_2024,unweighted_tile_mean,2021-2024,VN_LEGACY63_74,-0.19254032258064516,-0.1806300521266148,0.01191027045403037,RETAINED
POST_HOC_MEASUREMENT_DIAGNOSTIC,change_rank_2021_2024,unweighted_tile_mean,2021-2024,VN_LEGACY63_75,-0.19254032258064516,-0.18989700586739192,0.002643316713253241,RETAINED
POST_HOC_MEASUREMENT_DIAGNOSTIC,change_rank_2021_2024,unweighted_tile_mean,2021-2024,VN_LEGACY63_77,-0.19254032258064516,-0.2041499836317393,-0.01160966105109415,RETAINED
POST_HOC_MEASUREMENT_DIAGNOSTIC,change_rank_2021_2024,unweighted_tile_mean,2021-2024,VN_LEGACY63_79,-0.19254032258064516,-0.1768527611996676,0.015687561380977544,RETAINED
POST_HOC_MEASUREMENT_DIAGNOSTIC,change_rank_2021_2024,unweighted_tile_mean,2021-2024,VN_LEGACY63_80,-0.19254032258064516,-0.18032786885245902,0.012212453728186135,RETAINED
POST_HOC_MEASUREMENT_DIAGNOSTIC,change_rank_2021_2024,unweighted_tile_mean,2021-2024,VN_LEGACY63_82,-0.19254032258064516,-0.1850620734808995,0.0074782490997456486,RETAINED
POST_HOC_MEASUREMENT_DIAGNOSTIC,change_rank_2021_2024,unweighted_tile_mean,2021-2024,VN_LEGACY63_83,-0.19254032258064516,-0.18032786885245902,0.012212453728186135,RETAINED
POST_HOC_MEASUREMENT_DIAGNOSTIC,change_rank_2021_2024,unweighted_tile_mean,2021-2024,VN_LEGACY63_84,-0.19254032258064516,-0.17639948628843394,0.01614083629221122,RETAINED
POST_HOC_MEASUREMENT_DIAGNOSTIC,change_rank_2021_2024,unweighted_tile_mean,2021-2024,VN_LEGACY63_86,-0.19254032258064516,-0.1893933670771323,0.0031469555035128494,RETAINED
POST_HOC_MEASUREMENT_DIAGNOSTIC,change_rank_2021_2024,unweighted_tile_mean,2021-2024,VN_LEGACY63_87,-0.19254032258064516,-0.1879328145853794,0.004607507995265769,RETAINED
POST_HOC_MEASUREMENT_DIAGNOSTIC,change_rank_2021_2024,unweighted_tile_mean,2021-2024,VN_LEGACY63_89,-0.19254032258064516,-0.19176046939135252,0.0007798531892926341,RETAINED
POST_HOC_MEASUREMENT_DIAGNOSTIC,change_rank_2021_2024,unweighted_tile_mean,2021-2024,VN_LEGACY63_91,-0.19254032258064516,-0.18672408148875627,0.005816241091888885,RETAINED
POST_HOC_MEASUREMENT_DIAGNOSTIC,change_rank_2021_2024,unweighted_tile_mean,2021-2024,VN_LEGACY63_92,-0.19254032258064516,-0.1948830298909622,-0.0023427073103170493,RETAINED
POST_HOC_MEASUREMENT_DIAGNOSTIC,change_rank_2021_2024,unweighted_tile_mean,2021-2024,VN_LEGACY63_93,-0.19254032258064516,-0.19911359572914306,-0.006573273148497899,RETAINED
POST_HOC_MEASUREMENT_DIAGNOSTIC,change_rank_2021_2024,unweighted_tile_mean,2021-2024,VN_LEGACY63_94,-0.19254032258064516,-0.19518521316511797,-0.0026448905844728143,RETAINED
POST_HOC_MEASUREMENT_DIAGNOSTIC,change_rank_2021_2024,unweighted_tile_mean,2021-2024,VN_LEGACY63_95,-0.19254032258064516,-0.18788245070635343,0.00465787187429173,RETAINED
POST_HOC_MEASUREMENT_DIAGNOSTIC,change_rank_2021_2024,unweighted_tile_mean,2021-2024,VN_LEGACY63_96,-0.19254032258064516,-0.19528594092316992,-0.0027456183425247638,RETAINED
POST_HOC_MEASUREMENT_DIAGNOSTIC,yearly_rank,tests_weighted_mean,2021,VN_LEGACY63_01,0.4439670692299659,0.4453034501537885,0.0013363809238225999,RETAINED
POST_HOC_MEASUREMENT_DIAGNOSTIC,yearly_rank,tests_weighted_mean,2021,VN_LEGACY63_02,0.4439670692299659,0.4418030724140737,-0.002163996815892244,RETAINED
POST_HOC_MEASUREMENT_DIAGNOSTIC,yearly_rank,tests_weighted_mean,2021,VN_LEGACY63_04,0.4439670692299659,0.43437421318230496,-0.00959285604766097,RETAINED
POST_HOC_MEASUREMENT_DIAGNOSTIC,yearly_rank,tests_weighted_mean,2021,VN_LEGACY63_06,0.4439670692299659,0.4179803577250796,-0.02598671150488635,RETAINED
POST_HOC_MEASUREMENT_DIAGNOSTIC,yearly_rank,tests_weighted_mean,2021,VN_LEGACY63_08,0.4439670692299659,0.44525308500645455,0.0012860157764886249,RETAINED
POST_HOC_MEASUREMENT_DIAGNOSTIC,yearly_rank,tests_weighted_mean,2021,VN_LEGACY63_10,0.4439670692299659,0.43497859495031327,-0.008988474279652658,RETAINED
POST_HOC_MEASUREMENT_DIAGNOSTIC,yearly_rank,tests_weighted_mean,2021,VN_LEGACY63_11,0.4439670692299659,0.4473180560471496,0.0033509868171836543,RETAINED
POST_HOC_MEASUREMENT_DIAGNOSTIC,yearly_rank,tests_weighted_mean,2021,VN_LEGACY63_12,0.4439670692299659,0.44495089412245037,0.0009838248924844417,RETAINED
POST_HOC_MEASUREMENT_DIAGNOSTIC,yearly_rank,tests_weighted_mean,2021,VN_LEGACY63_14,0.4439670692299659,0.4401158399783839,-0.0038512292515820445,RETAINED
POST_HOC_MEASUREMENT_DIAGNOSTIC,yearly_rank,tests_weighted_mean,2021,VN_LEGACY63_15,0.4439670692299659,0.43308990192528735,-0.010877167304678581,RETAINED
POST_HOC_MEASUREMENT_DIAGNOSTIC,yearly_rank,tests_weighted_mean,2021,VN_LEGACY63_17,0.4439670692299659,0.4347267692136431,-0.009240300016322811,RETAINED
POST_HOC_MEASUREMENT_DIAGNOSTIC,yearly_rank,tests_weighted_mean,2021,VN_LEGACY63_19,0.4439670692299659,0.45316041313789657,0.00919334390793064,RETAINED
POST_HOC_MEASUREMENT_DIAGNOSTIC,yearly_rank,tests_weighted_mean,2021,VN_LEGACY63_20,0.4439670692299659,0.43291362390961824,-0.011053445320347688,RETAINED
POST_HOC_MEASUREMENT_DIAGNOSTIC,yearly_rank,tests_weighted_mean,2021,VN_LEGACY63_22,0.4439670692299659,0.4566859734512784,0.0127189042213125,RETAINED
POST_HOC_MEASUREMENT_DIAGNOSTIC,yearly_rank,tests_weighted_mean,2021,VN_LEGACY63_24,0.4439670692299659,0.43502896009764724,-0.008938109132318683,RETAINED
POST_HOC_MEASUREMENT_DIAGNOSTIC,yearly_rank,tests_weighted_mean,2021,VN_LEGACY63_25,0.4439670692299659,0.4749685219335297,0.031001452703563748,RETAINED
POST_HOC_MEASUREMENT_DIAGNOSTIC,yearly_rank,tests_weighted_mean,2021,VN_LEGACY63_26,0.4439670692299659,0.43084865286892315,-0.013118416361042773,RETAINED
POST_HOC_MEASUREMENT_DIAGNOSTIC,yearly_rank,tests_weighted_mean,2021,VN_LEGACY63_27,0.4439670692299659,0.4693779905794528,0.02541092134948686,RETAINED
POST_HOC_MEASUREMENT_DIAGNOSTIC,yearly_rank,tests_weighted_mean,2021,VN_LEGACY63_30,0.4439670692299659,0.43497859495031327,-0.008988474279652658,RETAINED
POST_HOC_MEASUREMENT_DIAGNOSTIC,yearly_rank,tests_weighted_mean,2021,VN_LEGACY63_31,0.4439670692299659,0.45270712681189035,0.00874005758192442,RETAINED
POST_HOC_MEASUREMENT_DIAGNOSTIC,yearly_rank,tests_weighted_mean,2021,VN_LEGACY63_33,0.4439670692299659,0.4635356334887058,0.019568564258739873,RETAINED
POST_HOC_MEASUREMENT_DIAGNOSTIC,yearly_rank,tests_weighted_mean,2021,VN_LEGACY63_34,0.4439670692299659,0.44406950404410483,0.00010243481413890754,RETAINED
POST_HOC_MEASUREMENT_DIAGNOSTIC,yearly_rank,tests_weighted_mean,2021,VN_LEGACY63_35,0.4439670692299659,0.43920926732637144,-0.004757801903594483,RETAINED
POST_HOC_MEASUREMENT_DIAGNOSTIC,yearly_rank,tests_weighted_mean,2021,VN_LEGACY63_36,0.4439670692299659,0.47415670922029535,0.03018963999032942,RETAINED
POST_HOC_MEASUREMENT_DIAGNOSTIC,yearly_rank,tests_weighted_mean,2021,VN_LEGACY63_37,0.4439670692299659,0.44197935042974285,-0.0019877188002230817,RETAINED
POST_HOC_MEASUREMENT_DIAGNOSTIC,yearly_rank,tests_weighted_mean,2021,VN_LEGACY63_38,0.4439670692299659,0.44238227160841503,-0.001584797621550893,RETAINED
POST_HOC_MEASUREMENT_DIAGNOSTIC,yearly_rank,tests_weighted_mean,2021,VN_LEGACY63_40,0.4439670692299659,0.42498111320450915,-0.018985956025456774,RETAINED
POST_HOC_MEASUREMENT_DIAGNOSTIC,yearly_rank,tests_weighted_mean,2021,VN_LEGACY63_42,0.4439670692299659,0.4179803577250796,-0.02598671150488635,RETAINED
POST_HOC_MEASUREMENT_DIAGNOSTIC,yearly_rank,tests_weighted_mean,2021,VN_LEGACY63_44,0.4439670692299659,0.44862754987783415,0.004660480647868226,RETAINED
POST_HOC_MEASUREMENT_DIAGNOSTIC,yearly_rank,tests_weighted_mean,2021,VN_LEGACY63_45,0.4439670692299659,0.4584991187553032,0.014532049525337265,RETAINED
POST_HOC_MEASUREMENT_DIAGNOSTIC,yearly_rank,tests_weighted_mean,2021,VN_LEGACY63_46,0.4439670692299659,0.44359103514443166,-0.0003760340855342714,RETAINED
POST_HOC_MEASUREMENT_DIAGNOSTIC,yearly_rank,tests_weighted_mean,2021,VN_LEGACY63_48,0.4439670692299659,0.4320825989786068,-0.011884470251359136,RETAINED
POST_HOC_MEASUREMENT_DIAGNOSTIC,yearly_rank,tests_weighted_mean,2021,VN_LEGACY63_49,0.4439670692299659,0.442357089034748,-0.0016099801952179082,RETAINED
POST_HOC_MEASUREMENT_DIAGNOSTIC,yearly_rank,tests_weighted_mean,2021,VN_LEGACY63_51,0.4439670692299659,0.4469655000158113,0.002998430785845385,RETAINED
POST_HOC_MEASUREMENT_DIAGNOSTIC,yearly_rank,tests_weighted_mean,2021,VN_LEGACY63_52,0.4439670692299659,0.4955426846194792,0.051575615389513274,RETAINED
POST_HOC_MEASUREMENT_DIAGNOSTIC,yearly_rank,tests_weighted_mean,2021,VN_LEGACY63_54,0.4439670692299659,0.45983379515965495,0.01586672592968902,RETAINED
POST_HOC_MEASUREMENT_DIAGNOSTIC,yearly_rank,tests_weighted_mean,2021,VN_LEGACY63_56,0.4439670692299659,0.43520523811331635,-0.008761831116649577,RETAINED
POST_HOC_MEASUREMENT_DIAGNOSTIC,yearly_rank,tests_weighted_mean,2021,VN_LEGACY63_58,0.4439670692299659,0.444371694928109,0.0004046256981430907,RETAINED
POST_HOC_MEASUREMENT_DIAGNOSTIC,yearly_rank,tests_weighted_mean,2021,VN_LEGACY63_60,0.4439670692299659,0.44267888849028486,-0.0012881807396810663,RETAINED
POST_HOC_MEASUREMENT_DIAGNOSTIC,yearly_rank,tests_weighted_mean,2021,VN_LEGACY63_62,0.4439670692299659,0.44558045846412564,0.0016133892341597122,RETAINED
POST_HOC_MEASUREMENT_DIAGNOSTIC,yearly_rank,tests_weighted_mean,2021,VN_LEGACY63_64,0.4439670692299659,0.4298665324959096,-0.014100536734056313,RETAINED
POST_HOC_MEASUREMENT_DIAGNOSTIC,yearly_rank,tests_weighted_mean,2021,VN_LEGACY63_66,0.4439670692299659,0.4420800807244109,-0.0018869885055550206,RETAINED
POST_HOC_MEASUREMENT_DIAGNOSTIC,yearly_rank,tests_weighted_mean,2021,VN_LEGACY63_67,0.4439670692299659,0.4482246286991621,0.004257559469196148,RETAINED
POST_HOC_MEASUREMENT_DIAGNOSTIC,yearly_rank,tests_weighted_mean,2021,VN_LEGACY63_68,0.4439670692299659,0.44157086920058847,-0.00239620002937746,RETAINED
POST_HOC_MEASUREMENT_DIAGNOSTIC,yearly_rank,tests_weighted_mean,2021,VN_LEGACY63_70,0.4439670692299659,0.4426089147714182,-0.0013581544585477001,RETAINED
POST_HOC_MEASUREMENT_DIAGNOSTIC,yearly_rank,tests_weighted_mean,2021,VN_LEGACY63_72,0.4439670692299659,0.4272979099818743,-0.016669159248091647,RETAINED
POST_HOC_MEASUREMENT_DIAGNOSTIC,yearly_rank,tests_weighted_mean,2021,VN_LEGACY63_74,0.4439670692299659,0.4258373207091876,-0.01812974852077831,RETAINED
POST_HOC_MEASUREMENT_DIAGNOSTIC,yearly_rank,tests_weighted_mean,2021,VN_LEGACY63_75,0.4439670692299659,0.42936288102256936,-0.014604188207396562,RETAINED
POST_HOC_MEASUREMENT_DIAGNOSTIC,yearly_rank,tests_weighted_mean,2021,VN_LEGACY63_77,0.4439670692299659,0.44212487884543666,-0.001842190384529263,RETAINED
POST_HOC_MEASUREMENT_DIAGNOSTIC,yearly_rank,tests_weighted_mean,2021,VN_LEGACY63_79,0.4439670692299659,0.420901536270453,-0.023065532959512913,RETAINED
POST_HOC_MEASUREMENT_DIAGNOSTIC,yearly_rank,tests_weighted_mean,2021,VN_LEGACY63_80,0.4439670692299659,0.4396373710787106,-0.0043296981512553345,RETAINED
POST_HOC_MEASUREMENT_DIAGNOSTIC,yearly_rank,tests_weighted_mean,2021,VN_LEGACY63_82,0.4439670692299659,0.43525560326065044,-0.00871146596931549,RETAINED
POST_HOC_MEASUREMENT_DIAGNOSTIC,yearly_rank,tests_weighted_mean,2021,VN_LEGACY63_83,0.4439670692299659,0.444245782059774,0.0002787128298080699,RETAINED
POST_HOC_MEASUREMENT_DIAGNOSTIC,yearly_rank,tests_weighted_mean,2021,VN_LEGACY63_84,0.4439670692299659,0.4466129439844732,0.0026458747545072825,RETAINED
POST_HOC_MEASUREMENT_DIAGNOSTIC,yearly_rank,tests_weighted_mean,2021,VN_LEGACY63_86,0.4439670692299659,0.45565348793093086,0.011686418700964929,RETAINED
POST_HOC_MEASUREMENT_DIAGNOSTIC,yearly_rank,tests_weighted_mean,2021,VN_LEGACY63_87,0.4439670692299659,0.45389070777423984,0.009923638544273916,RETAINED
POST_HOC_MEASUREMENT_DIAGNOSTIC,yearly_rank,tests_weighted_mean,2021,VN_LEGACY63_89,0.4439670692299659,0.4459330144954639,0.0019659452654979814,RETAINED
POST_HOC_MEASUREMENT_DIAGNOSTIC,yearly_rank,tests_weighted_mean,2021,VN_LEGACY63_91,0.4439670692299659,0.4550491061629225,0.011082036932956563,RETAINED
POST_HOC_MEASUREMENT_DIAGNOSTIC,yearly_rank,tests_weighted_mean,2021,VN_LEGACY63_92,0.4439670692299659,0.44114832549873145,-0.0028187437312344743,RETAINED
POST_HOC_MEASUREMENT_DIAGNOSTIC,yearly_rank,tests_weighted_mean,2021,VN_LEGACY63_93,0.4439670692299659,0.44087131718839423,-0.0030957520415716977,RETAINED
POST_HOC_MEASUREMENT_DIAGNOSTIC,yearly_rank,tests_weighted_mean,2021,VN_LEGACY63_94,0.4439670692299659,0.44248300190308304,-0.0014840673268828874,RETAINED
POST_HOC_MEASUREMENT_DIAGNOSTIC,yearly_rank,tests_weighted_mean,2021,VN_LEGACY63_95,0.4439670692299659,0.4395870059313766,-0.0043800632985893095,RETAINED
POST_HOC_MEASUREMENT_DIAGNOSTIC,yearly_rank,tests_weighted_mean,2021,VN_LEGACY63_96,0.4439670692299659,0.4692017125637837,0.025234643333817752,RETAINED
POST_HOC_MEASUREMENT_DIAGNOSTIC,yearly_rank,tests_weighted_mean,2022,VN_LEGACY63_01,0.4014833306487345,0.37788970044719505,-0.02359363020153943,RETAINED
POST_HOC_MEASUREMENT_DIAGNOSTIC,yearly_rank,tests_weighted_mean,2022,VN_LEGACY63_02,0.4014833306487345,0.4167663464653401,0.015283015816605627,RETAINED
POST_HOC_MEASUREMENT_DIAGNOSTIC,yearly_rank,tests_weighted_mean,2022,VN_LEGACY63_04,0.4014833306487345,0.39811130710180637,-0.0033720235469281157,RETAINED
POST_HOC_MEASUREMENT_DIAGNOSTIC,yearly_rank,tests_weighted_mean,2022,VN_LEGACY63_06,0.4014833306487345,0.39534122399843497,-0.006142106650299517,RETAINED
POST_HOC_MEASUREMENT_DIAGNOSTIC,yearly_rank,tests_weighted_mean,2022,VN_LEGACY63_08,0.4014833306487345,0.40578688259471235,0.004303551945977868,RETAINED
POST_HOC_MEASUREMENT_DIAGNOSTIC,yearly_rank,tests_weighted_mean,2022,VN_LEGACY63_10,0.4014833306487345,0.3969025435657898,-0.004580787082944682,RETAINED
POST_HOC_MEASUREMENT_DIAGNOSTIC,yearly_rank,tests_weighted_mean,2022,VN_LEGACY63_11,0.4014833306487345,0.46623016887107627,0.06474683822234178,RETAINED
POST_HOC_MEASUREMENT_DIAGNOSTIC,yearly_rank,tests_weighted_mean,2022,VN_LEGACY63_12,0.4014833306487345,0.4032233695562101,0.001740038907475594,RETAINED
POST_HOC_MEASUREMENT_DIAGNOSTIC,yearly_rank,tests_weighted_mean,2022,VN_LEGACY63_14,0.4014833306487345,0.38645177549397947,-0.015031555154755016,RETAINED
POST_HOC_MEASUREMENT_DIAGNOSTIC,yearly_rank,tests_weighted_mean,2022,VN_LEGACY63_15,0.4014833306487345,0.3892722237446849,-0.012211106904049585,RETAINED
POST_HOC_MEASUREMENT_DIAGNOSTIC,yearly_rank,tests_weighted_mean,2022,VN_LEGACY63_17,0.4014833306487345,0.4120624529133315,0.010579122264597007,RETAINED
POST_HOC_MEASUREMENT_DIAGNOSTIC,yearly_rank,tests_weighted_mean,2022,VN_LEGACY63_19,0.4014833306487345,0.39199194170072227,-0.009491388948012214,RETAINED
POST_HOC_MEASUREMENT_DIAGNOSTIC,yearly_rank,tests_weighted_mean,2022,VN_LEGACY63_20,0.4014833306487345,0.39287333177906775,-0.008609998869666735,RETAINED
POST_HOC_MEASUREMENT_DIAGNOSTIC,yearly_rank,tests_weighted_mean,2022,VN_LEGACY63_22,0.4014833306487345,0.397355829891796,-0.0041275007569384625,RETAINED
POST_HOC_MEASUREMENT_DIAGNOSTIC,yearly_rank,tests_weighted_mean,2022,VN_LEGACY63_24,0.4014833306487345,0.4023167969041976,0.0008334662554631,RETAINED
POST_HOC_MEASUREMENT_DIAGNOSTIC,yearly_rank,tests_weighted_mean,2022,VN_LEGACY63_25,0.4014833306487345,0.4140518762330256,0.012568545584291102,RETAINED
POST_HOC_MEASUREMENT_DIAGNOSTIC,yearly_rank,tests_weighted_mean,2022,VN_LEGACY63_26,0.4014833306487345,0.4093931001046282,0.007909769455893723,RETAINED
POST_HOC_MEASUREMENT_DIAGNOSTIC,yearly_rank,tests_weighted_mean,2022,VN_LEGACY63_27,0.4014833306487345,0.4027449006565368,0.001261570007802304,RETAINED
POST_HOC_MEASUREMENT_DIAGNOSTIC,yearly_rank,tests_weighted_mean,2022,VN_LEGACY63_30,0.4014833306487345,0.3998237221111633,-0.0016596085375711889,RETAINED
POST_HOC_MEASUREMENT_DIAGNOSTIC,yearly_rank,tests_weighted_mean,2022,VN_LEGACY63_31,0.4014833306487345,0.40138504167851813,-9.828897021635363e-05,RETAINED
POST_HOC_MEASUREMENT_DIAGNOSTIC,yearly_rank,tests_weighted_mean,2022,VN_LEGACY63_33,0.4014833306487345,0.39957189637449314,-0.0019114342742413415,RETAINED
POST_HOC_MEASUREMENT_DIAGNOSTIC,yearly_rank,tests_weighted_mean,2022,VN_LEGACY63_34,0.4014833306487345,0.416973054778399,0.01548972412966454,RETAINED
POST_HOC_MEASUREMENT_DIAGNOSTIC,yearly_rank,tests_weighted_mean,2022,VN_LEGACY63_35,0.4014833306487345,0.40312263926154196,0.0016393086128074774,RETAINED
POST_HOC_MEASUREMENT_DIAGNOSTIC,yearly_rank,tests_weighted_mean,2022,VN_LEGACY63_36,0.4014833306487345,0.4239738102578286,0.022490479609094116,RETAINED
POST_HOC_MEASUREMENT_DIAGNOSTIC,yearly_rank,tests_weighted_mean,2022,VN_LEGACY63_37,0.4014833306487345,0.4366658273860031,0.03518249673726864,RETAINED
POST_HOC_MEASUREMENT_DIAGNOSTIC,yearly_rank,tests_weighted_mean,2022,VN_LEGACY63_38,0.4014833306487345,0.4398388316680467,0.03835550101931223,RETAINED
POST_HOC_MEASUREMENT_DIAGNOSTIC,yearly_rank,tests_weighted_mean,2022,VN_LEGACY63_40,0.4014833306487345,0.3847897256319566,-0.016693605016777857,RETAINED
POST_HOC_MEASUREMENT_DIAGNOSTIC,yearly_rank,tests_weighted_mean,2022,VN_LEGACY63_42,0.4014833306487345,0.3847393604846226,-0.016743970164111888,RETAINED
POST_HOC_MEASUREMENT_DIAGNOSTIC,yearly_rank,tests_weighted_mean,2022,VN_LEGACY63_44,0.4014833306487345,0.39672626555012075,-0.004757065098613733,RETAINED
POST_HOC_MEASUREMENT_DIAGNOSTIC,yearly_rank,tests_weighted_mean,2022,VN_LEGACY63_45,0.4014833306487345,0.40936791753096125,0.007884586882226763,RETAINED
POST_HOC_MEASUREMENT_DIAGNOSTIC,yearly_rank,tests_weighted_mean,2022,VN_LEGACY63_46,0.4014833306487345,0.41097960224565,0.009496271596915518,RETAINED
POST_HOC_MEASUREMENT_DIAGNOSTIC,yearly_rank,tests_weighted_mean,2022,VN_LEGACY63_48,0.4014833306487345,0.3788970033938756,-0.022586327254858873,RETAINED
POST_HOC_MEASUREMENT_DIAGNOSTIC,yearly_rank,tests_weighted_mean,2022,VN_LEGACY63_49,0.4014833306487345,0.4033240998508781,0.0018407692021435995,RETAINED
POST_HOC_MEASUREMENT_DIAGNOSTIC,yearly_rank,tests_weighted_mean,2022,VN_LEGACY63_51,0.4014833306487345,0.4058927223649134,0.004409391716178934,RETAINED
POST_HOC_MEASUREMENT_DIAGNOSTIC,yearly_rank,tests_weighted_mean,2022,VN_LEGACY63_52,0.4014833306487345,0.4197431378817704,0.01825980723303594,RETAINED
POST_HOC_MEASUREMENT_DIAGNOSTIC,yearly_rank,tests_weighted_mean,2022,VN_LEGACY63_54,0.4014833306487345,0.442357089034748,0.04087375838601354,RETAINED
POST_HOC_MEASUREMENT_DIAGNOSTIC,yearly_rank,tests_weighted_mean,2022,VN_LEGACY63_56,0.4014833306487345,0.4028456309512048,0.0013623003024703095,RETAINED
POST_HOC_MEASUREMENT_DIAGNOSTIC,yearly_rank,tests_weighted_mean,2022,VN_LEGACY63_58,0.4014833306487345,0.4054394360389072,0.003956105390172715,RETAINED
POST_HOC_MEASUREMENT_DIAGNOSTIC,yearly_rank,tests_weighted_mean,2022,VN_LEGACY63_60,0.4014833306487345,0.40458322853422873,0.0030998978854942516,RETAINED
POST_HOC_MEASUREMENT_DIAGNOSTIC,yearly_rank,tests_weighted_mean,2022,VN_LEGACY63_62,0.4014833306487345,0.4214051877437933,0.019921857095058837,RETAINED
POST_HOC_MEASUREMENT_DIAGNOSTIC,yearly_rank,tests_weighted_mean,2022,VN_LEGACY63_64,0.4014833306487345,0.3866028709359815,-0.01488045971275298,RETAINED
POST_HOC_MEASUREMENT_DIAGNOSTIC,yearly_rank,tests_weighted_mean,2022,VN_LEGACY63_66,0.4014833306487345,0.40118358108918195,-0.00029974955955253124,RETAINED
POST_HOC_MEASUREMENT_DIAGNOSTIC,yearly_rank,tests_weighted_mean,2022,VN_LEGACY63_67,0.4014833306487345,0.3775371444158569,-0.023946186232877587,RETAINED
POST_HOC_MEASUREMENT_DIAGNOSTIC,yearly_rank,tests_weighted_mean,2022,VN_LEGACY63_68,0.4014833306487345,0.4048350542708989,0.0033517236221644042,RETAINED
POST_HOC_MEASUREMENT_DIAGNOSTIC,yearly_rank,tests_weighted_mean,2022,VN_LEGACY63_70,0.4014833306487345,0.4045328633868947,0.003049532738160221,RETAINED
POST_HOC_MEASUREMENT_DIAGNOSTIC,yearly_rank,tests_weighted_mean,2022,VN_LEGACY63_72,0.4014833306487345,0.3790984639832117,-0.022384866665522807,RETAINED
POST_HOC_MEASUREMENT_DIAGNOSTIC,yearly_rank,tests_weighted_mean,2022,VN_LEGACY63_74,0.4014833306487345,0.37647947632184237,-0.025003854326892117,RETAINED
POST_HOC_MEASUREMENT_DIAGNOSTIC,yearly_rank,tests_weighted_mean,2022,VN_LEGACY63_75,0.4014833306487345,0.3767313020585125,-0.024752028590221964,RETAINED
POST_HOC_MEASUREMENT_DIAGNOSTIC,yearly_rank,tests_weighted_mean,2022,VN_LEGACY63_77,0.4014833306487345,0.3900277009546953,-0.011455629694039182,RETAINED
POST_HOC_MEASUREMENT_DIAGNOSTIC,yearly_rank,tests_weighted_mean,2022,VN_LEGACY63_79,0.4014833306487345,0.3750188870491556,-0.02646444359957889,RETAINED
POST_HOC_MEASUREMENT_DIAGNOSTIC,yearly_rank,tests_weighted_mean,2022,VN_LEGACY63_80,0.4014833306487345,0.3880634602086683,-0.013419870440066206,RETAINED
POST_HOC_MEASUREMENT_DIAGNOSTIC,yearly_rank,tests_weighted_mean,2022,VN_LEGACY63_82,0.4014833306487345,0.39365399156274516,-0.007829339085989317,RETAINED
POST_HOC_MEASUREMENT_DIAGNOSTIC,yearly_rank,tests_weighted_mean,2022,VN_LEGACY63_83,0.4014833306487345,0.39722491535614957,-0.004258415292584916,RETAINED
POST_HOC_MEASUREMENT_DIAGNOSTIC,yearly_rank,tests_weighted_mean,2022,VN_LEGACY63_84,0.4014833306487345,0.39957189637449314,-0.0019114342742413415,RETAINED
POST_HOC_MEASUREMENT_DIAGNOSTIC,yearly_rank,tests_weighted_mean,2022,VN_LEGACY63_86,0.4014833306487345,0.4039788467662205,0.0024955161174859963,RETAINED
POST_HOC_MEASUREMENT_DIAGNOSTIC,yearly_rank,tests_weighted_mean,2022,VN_LEGACY63_87,0.4014833306487345,0.4111558802613191,0.009672549612584624,RETAINED
POST_HOC_MEASUREMENT_DIAGNOSTIC,yearly_rank,tests_weighted_mean,2022,VN_LEGACY63_89,0.4014833306487345,0.39365399156274516,-0.007829339085989317,RETAINED
POST_HOC_MEASUREMENT_DIAGNOSTIC,yearly_rank,tests_weighted_mean,2022,VN_LEGACY63_91,0.4014833306487345,0.4028456309512048,0.0013623003024703095,RETAINED
POST_HOC_MEASUREMENT_DIAGNOSTIC,yearly_rank,tests_weighted_mean,2022,VN_LEGACY63_92,0.4014833306487345,0.375774364259166,-0.02570896638956849,RETAINED
POST_HOC_MEASUREMENT_DIAGNOSTIC,yearly_rank,tests_weighted_mean,2022,VN_LEGACY63_93,0.4014833306487345,0.410904054524649,0.009420723875914527,RETAINED
POST_HOC_MEASUREMENT_DIAGNOSTIC,yearly_rank,tests_weighted_mean,2022,VN_LEGACY63_94,0.4014833306487345,0.39646944765862935,-0.005013882990105134,RETAINED
POST_HOC_MEASUREMENT_DIAGNOSTIC,yearly_rank,tests_weighted_mean,2022,VN_LEGACY63_95,0.4014833306487345,0.395265676277434,-0.006217654371300507,RETAINED
POST_HOC_MEASUREMENT_DIAGNOSTIC,yearly_rank,tests_weighted_mean,2022,VN_LEGACY63_96,0.4014833306487345,0.3965248049607846,-0.004958525687949855,RETAINED
POST_HOC_MEASUREMENT_DIAGNOSTIC,yearly_rank,tests_weighted_mean,2023,VN_LEGACY63_01,0.4124903993855607,0.40485004155020016,-0.007640357835360545,RETAINED
POST_HOC_MEASUREMENT_DIAGNOSTIC,yearly_rank,tests_weighted_mean,2023,VN_LEGACY63_02,0.4124903993855607,0.4210672105965601,0.008576811210999402,RETAINED
POST_HOC_MEASUREMENT_DIAGNOSTIC,yearly_rank,tests_weighted_mean,2023,VN_LEGACY63_04,0.4124903993855607,0.39795019012364335,-0.014540209261917347,RETAINED
POST_HOC_MEASUREMENT_DIAGNOSTIC,yearly_rank,tests_weighted_mean,2023,VN_LEGACY63_06,0.4124903993855607,0.3914028858502682,-0.02108751353529248,RETAINED
POST_HOC_MEASUREMENT_DIAGNOSTIC,yearly_rank,tests_weighted_mean,2023,VN_LEGACY63_08,0.4124903993855607,0.4163330059681197,0.0038426065825589717,RETAINED
POST_HOC_MEASUREMENT_DIAGNOSTIC,yearly_rank,tests_weighted_mean,2023,VN_LEGACY63_10,0.4124903993855607,0.41446954244415907,0.001979143058598365,RETAINED
POST_HOC_MEASUREMENT_DIAGNOSTIC,yearly_rank,tests_weighted_mean,2023,VN_LEGACY63_11,0.4124903993855607,0.4441842310694769,0.03169383168391621,RETAINED
POST_HOC_MEASUREMENT_DIAGNOSTIC,yearly_rank,tests_weighted_mean,2023,VN_LEGACY63_12,0.4124903993855607,0.44760897484324247,0.03511857545768177,RETAINED
POST_HOC_MEASUREMENT_DIAGNOSTIC,yearly_rank,tests_weighted_mean,2023,VN_LEGACY63_14,0.4124903993855607,0.4297801616680517,0.017289762282491017,RETAINED
POST_HOC_MEASUREMENT_DIAGNOSTIC,yearly_rank,tests_weighted_mean,2023,VN_LEGACY63_15,0.4124903993855607,0.39674145702702024,-0.015748942358540463,RETAINED
POST_HOC_MEASUREMENT_DIAGNOSTIC,yearly_rank,tests_weighted_mean,2023,VN_LEGACY63_17,0.4124903993855607,0.4096346100576666,-0.0028557893278940982,RETAINED
POST_HOC_MEASUREMENT_DIAGNOSTIC,yearly_rank,tests_weighted_mean,2023,VN_LEGACY63_19,0.4124903993855607,0.411850620734809,-0.00063977865075171,RETAINED
POST_HOC_MEASUREMENT_DIAGNOSTIC,yearly_rank,tests_weighted_mean,2023,VN_LEGACY63_20,0.4124903993855607,0.41547682002467834,0.0029864206391176373,RETAINED
POST_HOC_MEASUREMENT_DIAGNOSTIC,yearly_rank,tests_weighted_mean,2023,VN_LEGACY63_22,0.4124903993855607,0.4112462541864974,-0.0012441451990632957,RETAINED
POST_HOC_MEASUREMENT_DIAGNOSTIC,yearly_rank,tests_weighted_mean,2023,VN_LEGACY63_24,0.4124903993855607,0.4163330059681197,0.0038426065825589717,RETAINED
POST_HOC_MEASUREMENT_DIAGNOSTIC,yearly_rank,tests_weighted_mean,2023,VN_LEGACY63_25,0.4124903993855607,0.41049079600110805,-0.001999603384452653,RETAINED
POST_HOC_MEASUREMENT_DIAGNOSTIC,yearly_rank,tests_weighted_mean,2023,VN_LEGACY63_26,0.4124903993855607,0.40157638941351265,-0.010914009972048055,RETAINED
POST_HOC_MEASUREMENT_DIAGNOSTIC,yearly_rank,tests_weighted_mean,2023,VN_LEGACY63_27,0.4124903993855607,0.4140666314119513,0.0015762320263906227,RETAINED
POST_HOC_MEASUREMENT_DIAGNOSTIC,yearly_rank,tests_weighted_mean,2023,VN_LEGACY63_30,0.4124903993855607,0.4088287879932513,-0.0036616113923094162,RETAINED
POST_HOC_MEASUREMENT_DIAGNOSTIC,yearly_rank,tests_weighted_mean,2023,VN_LEGACY63_31,0.4124903993855607,0.4088287879932513,-0.0036616113923094162,RETAINED
POST_HOC_MEASUREMENT_DIAGNOSTIC,yearly_rank,tests_weighted_mean,2023,VN_LEGACY63_33,0.4124903993855607,0.41225353176701673,-0.00023686761854396776,RETAINED
POST_HOC_MEASUREMENT_DIAGNOSTIC,yearly_rank,tests_weighted_mean,2023,VN_LEGACY63_34,0.4124903993855607,0.4409609428118154,0.028470543426254713,RETAINED
POST_HOC_MEASUREMENT_DIAGNOSTIC,yearly_rank,tests_weighted_mean,2023,VN_LEGACY63_35,0.4124903993855607,0.3977990984865654,-0.014691300898995285,RETAINED
POST_HOC_MEASUREMENT_DIAGNOSTIC,yearly_rank,tests_weighted_mean,2023,VN_LEGACY63_36,0.4124903993855607,0.4210672105965601,0.008576811210999402,RETAINED
POST_HOC_MEASUREMENT_DIAGNOSTIC,yearly_rank,tests_weighted_mean,2023,VN_LEGACY63_37,0.4124903993855607,0.43038452821636325,0.017894128830802547,RETAINED
POST_HOC_MEASUREMENT_DIAGNOSTIC,yearly_rank,tests_weighted_mean,2023,VN_LEGACY63_38,0.4124903993855607,0.42288031024149486,0.010389910855934159,RETAINED
POST_HOC_MEASUREMENT_DIAGNOSTIC,yearly_rank,tests_weighted_mean,2023,VN_LEGACY63_40,0.4124903993855607,0.4079222381707839,-0.0045681612147768225,RETAINED
POST_HOC_MEASUREMENT_DIAGNOSTIC,yearly_rank,tests_weighted_mean,2023,VN_LEGACY63_42,0.4124903993855607,0.3974969152124096,-0.014993484173151106,RETAINED
POST_HOC_MEASUREMENT_DIAGNOSTIC,yearly_rank,tests_weighted_mean,2023,VN_LEGACY63_44,0.4124903993855607,0.4540555513585657,0.04156515197300498,RETAINED
POST_HOC_MEASUREMENT_DIAGNOSTIC,yearly_rank,tests_weighted_mean,2023,VN_LEGACY63_45,0.4124903993855607,0.41215280400896476,-0.00033759537659594496,RETAINED
POST_HOC_MEASUREMENT_DIAGNOSTIC,yearly_rank,tests_weighted_mean,2023,VN_LEGACY63_46,0.4124903993855607,0.42429049885422176,0.011800099468661063,RETAINED
POST_HOC_MEASUREMENT_DIAGNOSTIC,yearly_rank,tests_weighted_mean,2023,VN_LEGACY63_48,0.4124903993855607,0.409181335146433,-0.0033090642391276903,RETAINED
POST_HOC_MEASUREMENT_DIAGNOSTIC,yearly_rank,tests_weighted_mean,2023,VN_LEGACY63_49,0.4124903993855607,0.419908841378963,0.007418441993402303,RETAINED
POST_HOC_MEASUREMENT_DIAGNOSTIC,yearly_rank,tests_weighted_mean,2023,VN_LEGACY63_51,0.4124903993855607,0.40802296592883586,-0.004467433456724845,RETAINED
POST_HOC_MEASUREMENT_DIAGNOSTIC,yearly_rank,tests_weighted_mean,2023,VN_LEGACY63_52,0.4124903993855607,0.41759210294376875,0.005101703558208048,RETAINED
POST_HOC_MEASUREMENT_DIAGNOSTIC,yearly_rank,tests_weighted_mean,2023,VN_LEGACY63_54,0.4124903993855607,0.43466545793357003,0.02217505854800933,RETAINED
POST_HOC_MEASUREMENT_DIAGNOSTIC,yearly_rank,tests_weighted_mean,2023,VN_LEGACY63_56,0.4124903993855607,0.41154843746065317,-0.0009419619249075306,RETAINED
POST_HOC_MEASUREMENT_DIAGNOSTIC,yearly_rank,tests_weighted_mean,2023,VN_LEGACY63_58,0.4124903993855607,0.3919065246405278,-0.020583874745032926,RETAINED
POST_HOC_MEASUREMENT_DIAGNOSTIC,yearly_rank,tests_weighted_mean,2023,VN_LEGACY63_60,0.4124903993855607,0.4089295157513032,-0.0035608836342574945,RETAINED
POST_HOC_MEASUREMENT_DIAGNOSTIC,yearly_rank,tests_weighted_mean,2023,VN_LEGACY63_62,0.4124903993855607,0.4180957417340284,0.005605342348467712,RETAINED
POST_HOC_MEASUREMENT_DIAGNOSTIC,yearly_rank,tests_weighted_mean,2023,VN_LEGACY63_64,0.4124903993855607,0.39734582357533177,-0.015144575810228933,RETAINED
POST_HOC_MEASUREMENT_DIAGNOSTIC,yearly_rank,tests_weighted_mean,2023,VN_LEGACY63_66,0.4124903993855607,0.41300898995240615,0.0005185905668454449,RETAINED
POST_HOC_MEASUREMENT_DIAGNOSTIC,yearly_rank,tests_weighted_mean,2023,VN_LEGACY63_67,0.4124903993855607,0.4068645967112387,-0.005625802674322,RETAINED
POST_HOC_MEASUREMENT_DIAGNOSTIC,yearly_rank,tests_weighted_mean,2023,VN_LEGACY63_68,0.4124903993855607,0.41945556646772936,0.006965167082168655,RETAINED
POST_HOC_MEASUREMENT_DIAGNOSTIC,yearly_rank,tests_weighted_mean,2023,VN_LEGACY63_70,0.4124903993855607,0.41910301931454763,0.006612619928986929,RETAINED
POST_HOC_MEASUREMENT_DIAGNOSTIC,yearly_rank,tests_weighted_mean,2023,VN_LEGACY63_72,0.4124903993855607,0.3919568885195538,-0.02053351086600691,RETAINED
POST_HOC_MEASUREMENT_DIAGNOSTIC,yearly_rank,tests_weighted_mean,2023,VN_LEGACY63_74,0.4124903993855607,0.39356853264838465,-0.018921866737176052,RETAINED
POST_HOC_MEASUREMENT_DIAGNOSTIC,yearly_rank,tests_weighted_mean,2023,VN_LEGACY63_75,0.4124903993855607,0.3947269018659817,-0.017763497519579008,RETAINED
POST_HOC_MEASUREMENT_DIAGNOSTIC,yearly_rank,tests_weighted_mean,2023,VN_LEGACY63_77,0.4124903993855607,0.4166855531213014,0.004195153735740698,RETAINED
POST_HOC_MEASUREMENT_DIAGNOSTIC,yearly_rank,tests_weighted_mean,2023,VN_LEGACY63_79,0.4124903993855607,0.3931656216161769,-0.019324777769383794,RETAINED
POST_HOC_MEASUREMENT_DIAGNOSTIC,yearly_rank,tests_weighted_mean,2023,VN_LEGACY63_80,0.4124903993855607,0.4092316990254589,-0.003258700360101785,RETAINED
POST_HOC_MEASUREMENT_DIAGNOSTIC,yearly_rank,tests_weighted_mean,2023,VN_LEGACY63_82,0.4124903993855607,0.4149731812344187,0.0024827818488579734,RETAINED
POST_HOC_MEASUREMENT_DIAGNOSTIC,yearly_rank,tests_weighted_mean,2023,VN_LEGACY63_83,0.4124903993855607,0.39674145702702024,-0.015748942358540463,RETAINED
POST_HOC_MEASUREMENT_DIAGNOSTIC,yearly_rank,tests_weighted_mean,2023,VN_LEGACY63_84,0.4124903993855607,0.410390068243056,-0.0021003311425046856,RETAINED
POST_HOC_MEASUREMENT_DIAGNOSTIC,yearly_rank,tests_weighted_mean,2023,VN_LEGACY63_86,0.4124903993855607,0.42620432625720833,0.01371392687164763,RETAINED
POST_HOC_MEASUREMENT_DIAGNOSTIC,yearly_rank,tests_weighted_mean,2023,VN_LEGACY63_87,0.4124903993855607,0.41638336984714563,0.0038929704615849325,RETAINED
POST_HOC_MEASUREMENT_DIAGNOSTIC,yearly_rank,tests_weighted_mean,2023,VN_LEGACY63_89,0.4124903993855607,0.41013824884792627,-0.0023521505376344343,RETAINED
POST_HOC_MEASUREMENT_DIAGNOSTIC,yearly_rank,tests_weighted_mean,2023,VN_LEGACY63_91,0.4124903993855607,0.4089295157513032,-0.0035608836342574945,RETAINED
POST_HOC_MEASUREMENT_DIAGNOSTIC,yearly_rank,tests_weighted_mean,2023,VN_LEGACY63_92,0.4124903993855607,0.4066631411951349,-0.005827258190425788,RETAINED
POST_HOC_MEASUREMENT_DIAGNOSTIC,yearly_rank,tests_weighted_mean,2023,VN_LEGACY63_93,0.4124903993855607,0.4134119009846139,0.0009215015990531872,RETAINED
POST_HOC_MEASUREMENT_DIAGNOSTIC,yearly_rank,tests_weighted_mean,2023,VN_LEGACY63_94,0.4124903993855607,0.40978570169474454,-0.00270469769081616,RETAINED
POST_HOC_MEASUREMENT_DIAGNOSTIC,yearly_rank,tests_weighted_mean,2023,VN_LEGACY63_95,0.4124903993855607,0.3907481554229306,-0.02174224396263008,RETAINED
POST_HOC_MEASUREMENT_DIAGNOSTIC,yearly_rank,tests_weighted_mean,2023,VN_LEGACY63_96,0.4124903993855607,0.40716677998539447,-0.005323619400166235,RETAINED
POST_HOC_MEASUREMENT_DIAGNOSTIC,yearly_rank,tests_weighted_mean,2024,VN_LEGACY63_01,0.2609989679843569,0.2534626039584845,-0.007536364025872377,RETAINED
POST_HOC_MEASUREMENT_DIAGNOSTIC,yearly_rank,tests_weighted_mean,2024,VN_LEGACY63_02,0.2609989679843569,0.2588768572968923,-0.0021221106874645956,RETAINED
POST_HOC_MEASUREMENT_DIAGNOSTIC,yearly_rank,tests_weighted_mean,2024,VN_LEGACY63_04,0.2609989679843569,0.2599312524601354,-0.0010677155242215242,RETAINED
POST_HOC_MEASUREMENT_DIAGNOSTIC,yearly_rank,tests_weighted_mean,2024,VN_LEGACY63_06,0.2609989679843569,0.28733316554061683,0.02633419755625993,RETAINED
POST_HOC_MEASUREMENT_DIAGNOSTIC,yearly_rank,tests_weighted_mean,2024,VN_LEGACY63_08,0.2609989679843569,0.29010324864398823,0.029104280659631332,RETAINED
POST_HOC_MEASUREMENT_DIAGNOSTIC,yearly_rank,tests_weighted_mean,2024,VN_LEGACY63_10,0.2609989679843569,0.23918408468928826,-0.021814883295068643,RETAINED
POST_HOC_MEASUREMENT_DIAGNOSTIC,yearly_rank,tests_weighted_mean,2024,VN_LEGACY63_11,0.2609989679843569,0.29322588777869785,0.03222691979434095,RETAINED
POST_HOC_MEASUREMENT_DIAGNOSTIC,yearly_rank,tests_weighted_mean,2024,VN_LEGACY63_12,0.2609989679843569,0.2708133972150564,0.009814429230699473,RETAINED
POST_HOC_MEASUREMENT_DIAGNOSTIC,yearly_rank,tests_weighted_mean,2024,VN_LEGACY63_14,0.2609989679843569,0.29473684219871865,0.03373787421436175,RETAINED
POST_HOC_MEASUREMENT_DIAGNOSTIC,yearly_rank,tests_weighted_mean,2024,VN_LEGACY63_15,0.2609989679843569,0.23540669863923633,-0.025592269345120572,RETAINED
POST_HOC_MEASUREMENT_DIAGNOSTIC,yearly_rank,tests_weighted_mean,2024,VN_LEGACY63_17,0.2609989679843569,0.2921178545373493,0.031118886552992386,RETAINED
POST_HOC_MEASUREMENT_DIAGNOSTIC,yearly_rank,tests_weighted_mean,2024,VN_LEGACY63_19,0.2609989679843569,0.25535129698351045,-0.005647671000846455,RETAINED
POST_HOC_MEASUREMENT_DIAGNOSTIC,yearly_rank,tests_weighted_mean,2024,VN_LEGACY63_20,0.2609989679843569,0.2578191892028778,-0.0031797787814791256,RETAINED
POST_HOC_MEASUREMENT_DIAGNOSTIC,yearly_rank,tests_weighted_mean,2024,VN_LEGACY63_22,0.2609989679843569,0.2596290653811273,-0.0013699026032296113,RETAINED
POST_HOC_MEASUREMENT_DIAGNOSTIC,yearly_rank,tests_weighted_mean,2024,VN_LEGACY63_24,0.2609989679843569,0.25525056668884244,-0.00574840129551446,RETAINED
POST_HOC_MEASUREMENT_DIAGNOSTIC,yearly_rank,tests_weighted_mean,2024,VN_LEGACY63_25,0.2609989679843569,0.23394610936654955,-0.027052858617807346,RETAINED
POST_HOC_MEASUREMENT_DIAGNOSTIC,yearly_rank,tests_weighted_mean,2024,VN_LEGACY63_26,0.2609989679843569,0.26834550499568915,0.007346537011332255,RETAINED
POST_HOC_MEASUREMENT_DIAGNOSTIC,yearly_rank,tests_weighted_mean,2024,VN_LEGACY63_27,0.2609989679843569,0.2578191892028778,-0.0031797787814791256,RETAINED
POST_HOC_MEASUREMENT_DIAGNOSTIC,yearly_rank,tests_weighted_mean,2024,VN_LEGACY63_30,0.2609989679843569,0.262200957020938,0.001201989036581086,RETAINED
POST_HOC_MEASUREMENT_DIAGNOSTIC,yearly_rank,tests_weighted_mean,2024,VN_LEGACY63_31,0.2609989679843569,0.25318559564814735,-0.007813372336209545,RETAINED
POST_HOC_MEASUREMENT_DIAGNOSTIC,yearly_rank,tests_weighted_mean,2024,VN_LEGACY63_33,0.2609989679843569,0.2573659028768715,-0.0036330651074854003,RETAINED
POST_HOC_MEASUREMENT_DIAGNOSTIC,yearly_rank,tests_weighted_mean,2024,VN_LEGACY63_34,0.2609989679843569,0.2576932763345427,-0.003305691649814202,RETAINED
POST_HOC_MEASUREMENT_DIAGNOSTIC,yearly_rank,tests_weighted_mean,2024,VN_LEGACY63_35,0.2609989679843569,0.26648199454433014,0.005483026559973236,RETAINED
POST_HOC_MEASUREMENT_DIAGNOSTIC,yearly_rank,tests_weighted_mean,2024,VN_LEGACY63_36,0.2609989679843569,0.2573659028768715,-0.0036330651074854003,RETAINED
POST_HOC_MEASUREMENT_DIAGNOSTIC,yearly_rank,tests_weighted_mean,2024,VN_LEGACY63_37,0.2609989679843569,0.2611432889269234,0.0001443209425665004,RETAINED
POST_HOC_MEASUREMENT_DIAGNOSTIC,yearly_rank,tests_weighted_mean,2024,VN_LEGACY63_38,0.2609989679843569,0.22762528337612928,-0.03337368460822762,RETAINED
POST_HOC_MEASUREMENT_DIAGNOSTIC,yearly_rank,tests_weighted_mean,2024,VN_LEGACY63_40,0.2609989679843569,0.2310752959685101,-0.02992367201584681,RETAINED
POST_HOC_MEASUREMENT_DIAGNOSTIC,yearly_rank,tests_weighted_mean,2024,VN_LEGACY63_42,0.2609989679843569,0.28070661414194237,0.019707646157585468,RETAINED
POST_HOC_MEASUREMENT_DIAGNOSTIC,yearly_rank,tests_weighted_mean,2024,VN_LEGACY63_44,0.2609989679843569,0.23434903054522174,-0.026649937439135157,RETAINED
POST_HOC_MEASUREMENT_DIAGNOSTIC,yearly_rank,tests_weighted_mean,2024,VN_LEGACY63_45,0.2609989679843569,0.2479476203254087,-0.013051347658948192,RETAINED
POST_HOC_MEASUREMENT_DIAGNOSTIC,yearly_rank,tests_weighted_mean,2024,VN_LEGACY63_46,0.2609989679843569,0.2590027701652274,-0.0019961978191295193,RETAINED
POST_HOC_MEASUREMENT_DIAGNOSTIC,yearly_rank,tests_weighted_mean,2024,VN_LEGACY63_48,0.2609989679843569,0.24671367421572507,-0.01428529376863183,RETAINED
POST_HOC_MEASUREMENT_DIAGNOSTIC,yearly_rank,tests_weighted_mean,2024,VN_LEGACY63_49,0.2609989679843569,0.2610425586322554,4.359064789849487e-05,RETAINED
POST_HOC_MEASUREMENT_DIAGNOSTIC,yearly_rank,tests_weighted_mean,2024,VN_LEGACY63_51,0.2609989679843569,0.26157139267926266,0.0005724246949057599,RETAINED
POST_HOC_MEASUREMENT_DIAGNOSTIC,yearly_rank,tests_weighted_mean,2024,VN_LEGACY63_52,0.2609989679843569,0.2772853186474787,0.016286350663121785,RETAINED
POST_HOC_MEASUREMENT_DIAGNOSTIC,yearly_rank,tests_weighted_mean,2024,VN_LEGACY63_54,0.2609989679843569,0.2627801562152793,0.0017811882309223814,RETAINED
POST_HOC_MEASUREMENT_DIAGNOSTIC,yearly_rank,tests_weighted_mean,2024,VN_LEGACY63_56,0.2609989679843569,0.2741878620864361,0.013188894102079185,RETAINED
POST_HOC_MEASUREMENT_DIAGNOSTIC,yearly_rank,tests_weighted_mean,2024,VN_LEGACY63_58,0.2609989679843569,0.2626038781996102,0.0016049102152532746,RETAINED
POST_HOC_MEASUREMENT_DIAGNOSTIC,yearly_rank,tests_weighted_mean,2024,VN_LEGACY63_60,0.2609989679843569,0.2608410980429193,-0.00015786994143762723,RETAINED
POST_HOC_MEASUREMENT_DIAGNOSTIC,yearly_rank,tests_weighted_mean,2024,VN_LEGACY63_62,0.2609989679843569,0.2571392597138684,-0.003859708270488482,RETAINED
POST_HOC_MEASUREMENT_DIAGNOSTIC,yearly_rank,tests_weighted_mean,2024,VN_LEGACY63_64,0.2609989679843569,0.2634349031306216,0.0024359351462647227,RETAINED
POST_HOC_MEASUREMENT_DIAGNOSTIC,yearly_rank,tests_weighted_mean,2024,VN_LEGACY63_66,0.2609989679843569,0.2825736591175514,0.02157469113319449,RETAINED
POST_HOC_MEASUREMENT_DIAGNOSTIC,yearly_rank,tests_weighted_mean,2024,VN_LEGACY63_67,0.2609989679843569,0.25920423075456345,-0.0017947372297934527,RETAINED
POST_HOC_MEASUREMENT_DIAGNOSTIC,yearly_rank,tests_weighted_mean,2024,VN_LEGACY63_68,0.2609989679843569,0.28448753471624433,0.023488566731887428,RETAINED
POST_HOC_MEASUREMENT_DIAGNOSTIC,yearly_rank,tests_weighted_mean,2024,VN_LEGACY63_70,0.2609989679843569,0.26194913128426783,0.0009501632999109333,RETAINED
POST_HOC_MEASUREMENT_DIAGNOSTIC,yearly_rank,tests_weighted_mean,2024,VN_LEGACY63_72,0.2609989679843569,0.2567867036825302,-0.004212264301826696,RETAINED
POST_HOC_MEASUREMENT_DIAGNOSTIC,yearly_rank,tests_weighted_mean,2024,VN_LEGACY63_74,0.2609989679843569,0.24072022168297602,-0.02027874630138088,RETAINED
POST_HOC_MEASUREMENT_DIAGNOSTIC,yearly_rank,tests_weighted_mean,2024,VN_LEGACY63_75,0.2609989679843569,0.24072022168297602,-0.02027874630138088,RETAINED
POST_HOC_MEASUREMENT_DIAGNOSTIC,yearly_rank,tests_weighted_mean,2024,VN_LEGACY63_77,0.2609989679843569,0.24469906832236404,-0.016299899661992856,RETAINED
POST_HOC_MEASUREMENT_DIAGNOSTIC,yearly_rank,tests_weighted_mean,2024,VN_LEGACY63_79,0.2609989679843569,0.24182825492432458,-0.01917071306003232,RETAINED
POST_HOC_MEASUREMENT_DIAGNOSTIC,yearly_rank,tests_weighted_mean,2024,VN_LEGACY63_80,0.2609989679843569,0.2754218081961197,0.014422840211762822,RETAINED
POST_HOC_MEASUREMENT_DIAGNOSTIC,yearly_rank,tests_weighted_mean,2024,VN_LEGACY63_82,0.2609989679843569,0.26225132216827196,0.001252354183915061,RETAINED
POST_HOC_MEASUREMENT_DIAGNOSTIC,yearly_rank,tests_weighted_mean,2024,VN_LEGACY63_83,0.2609989679843569,0.28050868807685636,0.01950972009249946,RETAINED
POST_HOC_MEASUREMENT_DIAGNOSTIC,yearly_rank,tests_weighted_mean,2024,VN_LEGACY63_84,0.2609989679843569,0.27972802829317894,0.018729060308822043,RETAINED
POST_HOC_MEASUREMENT_DIAGNOSTIC,yearly_rank,tests_weighted_mean,2024,VN_LEGACY63_86,0.2609989679843569,0.2744145052494392,0.013415537265082322,RETAINED
POST_HOC_MEASUREMENT_DIAGNOSTIC,yearly_rank,tests_weighted_mean,2024,VN_LEGACY63_87,0.2609989679843569,0.26330899026228655,0.0023100222779296464,RETAINED
POST_HOC_MEASUREMENT_DIAGNOSTIC,yearly_rank,tests_weighted_mean,2024,VN_LEGACY63_89,0.2609989679843569,0.2587761270022242,-0.002222840982132712,RETAINED
POST_HOC_MEASUREMENT_DIAGNOSTIC,yearly_rank,tests_weighted_mean,2024,VN_LEGACY63_91,0.2609989679843569,0.2588516747232253,-0.002147293261131611,RETAINED
POST_HOC_MEASUREMENT_DIAGNOSTIC,yearly_rank,tests_weighted_mean,2024,VN_LEGACY63_92,0.2609989679843569,0.24711659539439726,-0.01388237258995964,RETAINED
POST_HOC_MEASUREMENT_DIAGNOSTIC,yearly_rank,tests_weighted_mean,2024,VN_LEGACY63_93,0.2609989679843569,0.25834477029534286,-0.0026541976890140373,RETAINED
POST_HOC_MEASUREMENT_DIAGNOSTIC,yearly_rank,tests_weighted_mean,2024,VN_LEGACY63_94,0.2609989679843569,0.25746663317153956,-0.0035323348128173393,RETAINED
POST_HOC_MEASUREMENT_DIAGNOSTIC,yearly_rank,tests_weighted_mean,2024,VN_LEGACY63_95,0.2609989679843569,0.26320825996761854,0.002209291983261641,RETAINED
POST_HOC_MEASUREMENT_DIAGNOSTIC,yearly_rank,tests_weighted_mean,2024,VN_LEGACY63_96,0.2609989679843569,0.25912868303356246,-0.001870284950794443,RETAINED
POST_HOC_MEASUREMENT_DIAGNOSTIC,change_rank_2021_2024,tests_weighted_mean,2021-2024,VN_LEGACY63_01,-0.17842741935483872,-0.17060764020044825,0.007819779154390472,RETAINED
POST_HOC_MEASUREMENT_DIAGNOSTIC,change_rank_2021_2024,tests_weighted_mean,2021-2024,VN_LEGACY63_02,-0.17842741935483872,-0.17237037596635693,0.0060570433884817865,RETAINED
POST_HOC_MEASUREMENT_DIAGNOSTIC,change_rank_2021_2024,tests_weighted_mean,2021-2024,VN_LEGACY63_04,-0.17842741935483872,-0.17851476920752438,-8.734985268565865e-05,RETAINED
POST_HOC_MEASUREMENT_DIAGNOSTIC,change_rank_2021_2024,tests_weighted_mean,2021-2024,VN_LEGACY63_06,-0.17842741935483872,-0.19019918914154768,-0.011771769786708963,RETAINED
POST_HOC_MEASUREMENT_DIAGNOSTIC,change_rank_2021_2024,tests_weighted_mean,2021-2024,VN_LEGACY63_08,-0.17842741935483872,-0.14461987862305156,0.033807540731787156,RETAINED
POST_HOC_MEASUREMENT_DIAGNOSTIC,change_rank_2021_2024,tests_weighted_mean,2021-2024,VN_LEGACY63_10,-0.17842741935483872,-0.17030545692629245,0.008121962428546264,RETAINED
POST_HOC_MEASUREMENT_DIAGNOSTIC,change_rank_2021_2024,tests_weighted_mean,2021-2024,VN_LEGACY63_11,-0.17842741935483872,-0.14461987862305156,0.033807540731787156,RETAINED
POST_HOC_MEASUREMENT_DIAGNOSTIC,change_rank_2021_2024,tests_weighted_mean,2021-2024,VN_LEGACY63_12,-0.17842741935483872,-0.16728362418473472,0.011143795170103998,RETAINED
POST_HOC_MEASUREMENT_DIAGNOSTIC,change_rank_2021_2024,tests_weighted_mean,2021-2024,VN_LEGACY63_14,-0.17842741935483872,-0.1526277353881796,0.02579968396665913,RETAINED
POST_HOC_MEASUREMENT_DIAGNOSTIC,change_rank_2021_2024,tests_weighted_mean,2021-2024,VN_LEGACY63_15,-0.17842741935483872,-0.19130719448011888,-0.012879775125280157,RETAINED
POST_HOC_MEASUREMENT_DIAGNOSTIC,change_rank_2021_2024,tests_weighted_mean,2021-2024,VN_LEGACY63_17,-0.17842741935483872,-0.16708216866863085,0.01134525068620787,RETAINED
POST_HOC_MEASUREMENT_DIAGNOSTIC,change_rank_2021_2024,tests_weighted_mean,2021-2024,VN_LEGACY63_19,-0.17842741935483872,-0.1827453350457052,-0.004317915690866481,RETAINED
POST_HOC_MEASUREMENT_DIAGNOSTIC,change_rank_2021_2024,tests_weighted_mean,2021-2024,VN_LEGACY63_20,-0.17842741935483872,-0.18329933771499082,-0.0048719183601521054,RETAINED
POST_HOC_MEASUREMENT_DIAGNOSTIC,change_rank_2021_2024,tests_weighted_mean,2021-2024,VN_LEGACY63_22,-0.17842741935483872,-0.17272292311953868,0.005704496235300033,RETAINED
POST_HOC_MEASUREMENT_DIAGNOSTIC,change_rank_2021_2024,tests_weighted_mean,2021-2024,VN_LEGACY63_24,-0.17842741935483872,-0.1746871144015512,0.0037403049532875043,RETAINED
POST_HOC_MEASUREMENT_DIAGNOSTIC,change_rank_2021_2024,tests_weighted_mean,2021-2024,VN_LEGACY63_25,-0.17842741935483872,-0.20707108861524512,-0.0286436692604064,RETAINED
POST_HOC_MEASUREMENT_DIAGNOSTIC,change_rank_2021_2024,tests_weighted_mean,2021-2024,VN_LEGACY63_26,-0.17842741935483872,-0.17166528165999348,0.006762137694845238,RETAINED
POST_HOC_MEASUREMENT_DIAGNOSTIC,change_rank_2021_2024,tests_weighted_mean,2021-2024,VN_LEGACY63_27,-0.17842741935483872,-0.20153106192238926,-0.023103642567550542,RETAINED
POST_HOC_MEASUREMENT_DIAGNOSTIC,change_rank_2021_2024,tests_weighted_mean,2021-2024,VN_LEGACY63_30,-0.17842741935483872,-0.1971997683261565,-0.01877234897131777,RETAINED
POST_HOC_MEASUREMENT_DIAGNOSTIC,change_rank_2021_2024,tests_weighted_mean,2021-2024,VN_LEGACY63_31,-0.17842741935483872,-0.1971997683261565,-0.01877234897131777,RETAINED
POST_HOC_MEASUREMENT_DIAGNOSTIC,change_rank_2021_2024,tests_weighted_mean,2021-2024,VN_LEGACY63_33,-0.17842741935483872,-0.1977034071164161,-0.01927598776157738,RETAINED
POST_HOC_MEASUREMENT_DIAGNOSTIC,change_rank_2021_2024,tests_weighted_mean,2021-2024,VN_LEGACY63_34,-0.17842741935483872,-0.1806300521266148,-0.0022026327717760696,RETAINED
POST_HOC_MEASUREMENT_DIAGNOSTIC,change_rank_2021_2024,tests_weighted_mean,2021-2024,VN_LEGACY63_35,-0.17842741935483872,-0.15373574072675078,0.024691678628087937,RETAINED
POST_HOC_MEASUREMENT_DIAGNOSTIC,change_rank_2021_2024,tests_weighted_mean,2021-2024,VN_LEGACY63_36,-0.17842741935483872,-0.19563848807635165,-0.01721106872151293,RETAINED
POST_HOC_MEASUREMENT_DIAGNOSTIC,change_rank_2021_2024,tests_weighted_mean,2021-2024,VN_LEGACY63_37,-0.17842741935483872,-0.17786003878018686,0.0005673805746518601,RETAINED
POST_HOC_MEASUREMENT_DIAGNOSTIC,change_rank_2021_2024,tests_weighted_mean,2021-2024,VN_LEGACY63_38,-0.17842741935483872,-0.23159829770088894,-0.05317087834605022,RETAINED
POST_HOC_MEASUREMENT_DIAGNOSTIC,change_rank_2021_2024,tests_weighted_mean,2021-2024,VN_LEGACY63_40,-0.17842741935483872,-0.20691999697816724,-0.02849257762332852,RETAINED
POST_HOC_MEASUREMENT_DIAGNOSTIC,change_rank_2021_2024,tests_weighted_mean,2021-2024,VN_LEGACY63_42,-0.17842741935483872,-0.15378610460577674,0.024641314749061977,RETAINED
POST_HOC_MEASUREMENT_DIAGNOSTIC,change_rank_2021_2024,tests_weighted_mean,2021-2024,VN_LEGACY63_44,-0.17842741935483872,-0.17262219536148676,0.0058052239933519545,RETAINED
POST_HOC_MEASUREMENT_DIAGNOSTIC,change_rank_2021_2024,tests_weighted_mean,2021-2024,VN_LEGACY63_45,-0.17842741935483872,-0.1742842033693435,0.004143215985495219,RETAINED
POST_HOC_MEASUREMENT_DIAGNOSTIC,change_rank_2021_2024,tests_weighted_mean,2021-2024,VN_LEGACY63_46,-0.17842741935483872,-0.18123441867492635,-0.0028069993200876275,RETAINED
POST_HOC_MEASUREMENT_DIAGNOSTIC,change_rank_2021_2024,tests_weighted_mean,2021-2024,VN_LEGACY63_48,-0.17842741935483872,-0.17549293646596661,0.002934482888872103,RETAINED
POST_HOC_MEASUREMENT_DIAGNOSTIC,change_rank_2021_2024,tests_weighted_mean,2021-2024,VN_LEGACY63_49,-0.17842741935483872,-0.1758958474981743,0.0025315718566644163,RETAINED
POST_HOC_MEASUREMENT_DIAGNOSTIC,change_rank_2021_2024,tests_weighted_mean,2021-2024,VN_LEGACY63_51,-0.17842741935483872,-0.16975145425700688,0.008675965097831834,RETAINED
POST_HOC_MEASUREMENT_DIAGNOSTIC,change_rank_2021_2024,tests_weighted_mean,2021-2024,VN_LEGACY63_52,-0.17842741935483872,-0.18355115711012063,-0.00512373775528191,RETAINED
POST_HOC_MEASUREMENT_DIAGNOSTIC,change_rank_2021_2024,tests_weighted_mean,2021-2024,VN_LEGACY63_54,-0.17842741935483872,-0.20691999697816724,-0.02849257762332852,RETAINED
POST_HOC_MEASUREMENT_DIAGNOSTIC,change_rank_2021_2024,tests_weighted_mean,2021-2024,VN_LEGACY63_56,-0.17842741935483872,-0.1698521820150588,0.008575237339779912,RETAINED
POST_HOC_MEASUREMENT_DIAGNOSTIC,change_rank_2021_2024,tests_weighted_mean,2021-2024,VN_LEGACY63_58,-0.17842741935483872,-0.19206265266550832,-0.013635233310669598,RETAINED
POST_HOC_MEASUREMENT_DIAGNOSTIC,change_rank_2021_2024,tests_weighted_mean,2021-2024,VN_LEGACY63_60,-0.17842741935483872,-0.17745712774797917,0.0009702916068595469,RETAINED
POST_HOC_MEASUREMENT_DIAGNOSTIC,change_rank_2021_2024,tests_weighted_mean,2021-2024,VN_LEGACY63_62,-0.17842741935483872,-0.2001208733096623,-0.021693453954823583,RETAINED
POST_HOC_MEASUREMENT_DIAGNOSTIC,change_rank_2021_2024,tests_weighted_mean,2021-2024,VN_LEGACY63_64,-0.17842741935483872,-0.17126237062778576,0.007165048727052953,RETAINED
POST_HOC_MEASUREMENT_DIAGNOSTIC,change_rank_2021_2024,tests_weighted_mean,2021-2024,VN_LEGACY63_66,-0.17842741935483872,-0.17317619803077233,0.005251221324066385,RETAINED
POST_HOC_MEASUREMENT_DIAGNOSTIC,change_rank_2021_2024,tests_weighted_mean,2021-2024,VN_LEGACY63_67,-0.17842741935483872,-0.18566644002921107,-0.007239020674372348,RETAINED
POST_HOC_MEASUREMENT_DIAGNOSTIC,change_rank_2021_2024,tests_weighted_mean,2021-2024,VN_LEGACY63_68,-0.17842741935483872,-0.15746266777467202,0.020964751580166696,RETAINED
POST_HOC_MEASUREMENT_DIAGNOSTIC,change_rank_2021_2024,tests_weighted_mean,2021-2024,VN_LEGACY63_70,-0.17842741935483872,-0.17559366422401854,0.0028337551308201814,RETAINED
POST_HOC_MEASUREMENT_DIAGNOSTIC,change_rank_2021_2024,tests_weighted_mean,2021-2024,VN_LEGACY63_72,-0.17842741935483872,-0.16642743824129336,0.01199998111354536,RETAINED
POST_HOC_MEASUREMENT_DIAGNOSTIC,change_rank_2021_2024,tests_weighted_mean,2021-2024,VN_LEGACY63_74,-0.17842741935483872,-0.16552088841882603,0.012906530936012683,RETAINED
POST_HOC_MEASUREMENT_DIAGNOSTIC,change_rank_2021_2024,tests_weighted_mean,2021-2024,VN_LEGACY63_75,-0.17842741935483872,-0.17720530835284934,0.0012221110019893788,RETAINED
POST_HOC_MEASUREMENT_DIAGNOSTIC,change_rank_2021_2024,tests_weighted_mean,2021-2024,VN_LEGACY63_77,-0.17842741935483872,-0.1893933670771323,-0.01096594772229359,RETAINED
POST_HOC_MEASUREMENT_DIAGNOSTIC,change_rank_2021_2024,tests_weighted_mean,2021-2024,VN_LEGACY63_79,-0.17842741935483872,-0.16280123895142407,0.015626180403414652,RETAINED
POST_HOC_MEASUREMENT_DIAGNOSTIC,change_rank_2021_2024,tests_weighted_mean,2021-2024,VN_LEGACY63_80,-0.17842741935483872,-0.1728236508775906,0.005603768477248111,RETAINED
POST_HOC_MEASUREMENT_DIAGNOSTIC,change_rank_2021_2024,tests_weighted_mean,2021-2024,VN_LEGACY63_82,-0.17842741935483872,-0.17896804411875802,-0.0005406247639193063,RETAINED
POST_HOC_MEASUREMENT_DIAGNOSTIC,change_rank_2021_2024,tests_weighted_mean,2021-2024,VN_LEGACY63_83,-0.17842741935483872,-0.17101055123265596,0.007416868122182757,RETAINED
POST_HOC_MEASUREMENT_DIAGNOSTIC,change_rank_2021_2024,tests_weighted_mean,2021-2024,VN_LEGACY63_84,-0.17842741935483872,-0.16335524162070963,0.015072177734129083,RETAINED
POST_HOC_MEASUREMENT_DIAGNOSTIC,change_rank_2021_2024,tests_weighted_mean,2021-2024,VN_LEGACY63_86,-0.17842741935483872,-0.17473747828057717,0.0036899410742615435,RETAINED
POST_HOC_MEASUREMENT_DIAGNOSTIC,change_rank_2021_2024,tests_weighted_mean,2021-2024,VN_LEGACY63_87,-0.17842741935483872,-0.17775931102213494,0.0006681083327037818,RETAINED
POST_HOC_MEASUREMENT_DIAGNOSTIC,change_rank_2021_2024,tests_weighted_mean,2021-2024,VN_LEGACY63_89,-0.17842741935483872,-0.17393165621616177,0.004495763138676945,RETAINED
POST_HOC_MEASUREMENT_DIAGNOSTIC,change_rank_2021_2024,tests_weighted_mean,2021-2024,VN_LEGACY63_91,-0.17842741935483872,-0.16456397471733275,0.013863444637505967,RETAINED
POST_HOC_MEASUREMENT_DIAGNOSTIC,change_rank_2021_2024,tests_weighted_mean,2021-2024,VN_LEGACY63_92,-0.17842741935483872,-0.18652262597265243,-0.00809520661781371,RETAINED
POST_HOC_MEASUREMENT_DIAGNOSTIC,change_rank_2021_2024,tests_weighted_mean,2021-2024,VN_LEGACY63_93,-0.17842741935483872,-0.19604139910855936,-0.017613979753720643,RETAINED
POST_HOC_MEASUREMENT_DIAGNOSTIC,change_rank_2021_2024,tests_weighted_mean,2021-2024,VN_LEGACY63_94,-0.17842741935483872,-0.19684722117297476,-0.018419801818136045,RETAINED
POST_HOC_MEASUREMENT_DIAGNOSTIC,change_rank_2021_2024,tests_weighted_mean,2021-2024,VN_LEGACY63_95,-0.17842741935483872,-0.17393165621616177,0.004495763138676945,RETAINED
POST_HOC_MEASUREMENT_DIAGNOSTIC,change_rank_2021_2024,tests_weighted_mean,2021-2024,VN_LEGACY63_96,-0.17842741935483872,-0.16844199340233185,0.009985425952506871,RETAINED
POST_HOC_MEASUREMENT_DIAGNOSTIC,yearly_rank,devices_weighted_mean,2021,VN_LEGACY63_01,0.4771619903925893,0.4745152356075235,-0.0026467547850657636,RETAINED
POST_HOC_MEASUREMENT_DIAGNOSTIC,yearly_rank,devices_weighted_mean,2021,VN_LEGACY63_02,0.4771619903925893,0.47763787474223307,0.0004758843496437959,RETAINED
POST_HOC_MEASUREMENT_DIAGNOSTIC,yearly_rank,devices_weighted_mean,2021,VN_LEGACY63_04,0.4771619903925893,0.4729790986138357,-0.0041828917787535835,RETAINED
POST_HOC_MEASUREMENT_DIAGNOSTIC,yearly_rank,devices_weighted_mean,2021,VN_LEGACY63_06,0.4771619903925893,0.4529589525485604,-0.024203037844028885,RETAINED
POST_HOC_MEASUREMENT_DIAGNOSTIC,yearly_rank,devices_weighted_mean,2021,VN_LEGACY63_08,0.4771619903925893,0.4884915639927156,0.01132957360012632,RETAINED
POST_HOC_MEASUREMENT_DIAGNOSTIC,yearly_rank,devices_weighted_mean,2021,VN_LEGACY63_10,0.4771619903925893,0.47736086643189585,0.0001988760393065725,RETAINED
POST_HOC_MEASUREMENT_DIAGNOSTIC,yearly_rank,devices_weighted_mean,2021,VN_LEGACY63_11,0.4771619903925893,0.47625283319054734,-0.0009091572020419325,RETAINED
POST_HOC_MEASUREMENT_DIAGNOSTIC,yearly_rank,devices_weighted_mean,2021,VN_LEGACY63_12,0.4771619903925893,0.47625283319054734,-0.0009091572020419325,RETAINED
POST_HOC_MEASUREMENT_DIAGNOSTIC,yearly_rank,devices_weighted_mean,2021,VN_LEGACY63_14,0.4771619903925893,0.4720725259618232,-0.0050894644307660775,RETAINED
POST_HOC_MEASUREMENT_DIAGNOSTIC,yearly_rank,devices_weighted_mean,2021,VN_LEGACY63_15,0.4771619903925893,0.46814404446976915,-0.009017945922820125,RETAINED
POST_HOC_MEASUREMENT_DIAGNOSTIC,yearly_rank,devices_weighted_mean,2021,VN_LEGACY63_17,0.4771619903925893,0.46582724769240397,-0.011334742700185307,RETAINED
POST_HOC_MEASUREMENT_DIAGNOSTIC,yearly_rank,devices_weighted_mean,2021,VN_LEGACY63_19,0.4771619903925893,0.48461344764799563,0.007451457255406357,RETAINED
POST_HOC_MEASUREMENT_DIAGNOSTIC,yearly_rank,devices_weighted_mean,2021,VN_LEGACY63_20,0.4771619903925893,0.46582724769240397,-0.011334742700185307,RETAINED
POST_HOC_MEASUREMENT_DIAGNOSTIC,yearly_rank,devices_weighted_mean,2021,VN_LEGACY63_22,0.4771619903925893,0.48375724014331717,0.006595249750727894,RETAINED
POST_HOC_MEASUREMENT_DIAGNOSTIC,yearly_rank,devices_weighted_mean,2021,VN_LEGACY63_24,0.4771619903925893,0.4684966005011074,-0.008665389891481856,RETAINED
POST_HOC_MEASUREMENT_DIAGNOSTIC,yearly_rank,devices_weighted_mean,2021,VN_LEGACY63_25,0.4771619903925893,0.5024930749515747,0.025331084558985417,RETAINED
POST_HOC_MEASUREMENT_DIAGNOSTIC,yearly_rank,devices_weighted_mean,2021,VN_LEGACY63_26,0.4771619903925893,0.46582724769240397,-0.011334742700185307,RETAINED
POST_HOC_MEASUREMENT_DIAGNOSTIC,yearly_rank,devices_weighted_mean,2021,VN_LEGACY63_27,0.4771619903925893,0.506975573064303,0.02981358267171369,RETAINED
POST_HOC_MEASUREMENT_DIAGNOSTIC,yearly_rank,devices_weighted_mean,2021,VN_LEGACY63_30,0.4771619903925893,0.4678922187330991,-0.009269771659490167,RETAINED
POST_HOC_MEASUREMENT_DIAGNOSTIC,yearly_rank,devices_weighted_mean,2021,VN_LEGACY63_31,0.4771619903925893,0.48229665087063034,0.005134660478041064,RETAINED
POST_HOC_MEASUREMENT_DIAGNOSTIC,yearly_rank,devices_weighted_mean,2021,VN_LEGACY63_33,0.4771619903925893,0.4999748175848735,0.022812827192284224,RETAINED
POST_HOC_MEASUREMENT_DIAGNOSTIC,yearly_rank,devices_weighted_mean,2021,VN_LEGACY63_34,0.4771619903925893,0.4809116093189447,0.003749618926355447,RETAINED
POST_HOC_MEASUREMENT_DIAGNOSTIC,yearly_rank,devices_weighted_mean,2021,VN_LEGACY63_35,0.4771619903925893,0.47534626053853485,-0.0018157298540544264,RETAINED
POST_HOC_MEASUREMENT_DIAGNOSTIC,yearly_rank,devices_weighted_mean,2021,VN_LEGACY63_36,0.4771619903925893,0.5104443409578516,0.03328235056526235,RETAINED
POST_HOC_MEASUREMENT_DIAGNOSTIC,yearly_rank,devices_weighted_mean,2021,VN_LEGACY63_37,0.4771619903925893,0.4777889701842351,0.000626979791645832,RETAINED
POST_HOC_MEASUREMENT_DIAGNOSTIC,yearly_rank,devices_weighted_mean,2021,VN_LEGACY63_38,0.4771619903925893,0.47851926482057855,0.0013572744279892746,RETAINED
POST_HOC_MEASUREMENT_DIAGNOSTIC,yearly_rank,devices_weighted_mean,2021,VN_LEGACY63_40,0.4771619903925893,0.46396373724104506,-0.013198253151544215,RETAINED
POST_HOC_MEASUREMENT_DIAGNOSTIC,yearly_rank,devices_weighted_mean,2021,VN_LEGACY63_42,0.4771619903925893,0.4565348780092763,-0.020627112383312995,RETAINED
POST_HOC_MEASUREMENT_DIAGNOSTIC,yearly_rank,devices_weighted_mean,2021,VN_LEGACY63_44,0.4771619903925893,0.47952656776725894,0.002364577374669663,RETAINED
POST_HOC_MEASUREMENT_DIAGNOSTIC,yearly_rank,devices_weighted_mean,2021,VN_LEGACY63_45,0.4771619903925893,0.48239738116529846,0.005235390772709181,RETAINED
POST_HOC_MEASUREMENT_DIAGNOSTIC,yearly_rank,devices_weighted_mean,2021,VN_LEGACY63_46,0.4771619903925893,0.47486779163886167,-0.0022941987537276054,RETAINED
POST_HOC_MEASUREMENT_DIAGNOSTIC,yearly_rank,devices_weighted_mean,2021,VN_LEGACY63_48,0.4771619903925893,0.4626290608366933,-0.014532929555895968,RETAINED
POST_HOC_MEASUREMENT_DIAGNOSTIC,yearly_rank,devices_weighted_mean,2021,VN_LEGACY63_49,0.4771619903925893,0.4751951650965328,-0.0019668252960564625,RETAINED
POST_HOC_MEASUREMENT_DIAGNOSTIC,yearly_rank,devices_weighted_mean,2021,VN_LEGACY63_51,0.4771619903925893,0.4915386554064242,0.014376665013834944,RETAINED
POST_HOC_MEASUREMENT_DIAGNOSTIC,yearly_rank,devices_weighted_mean,2021,VN_LEGACY63_52,0.4771619903925893,0.5329891716623273,0.05582718126973801,RETAINED
POST_HOC_MEASUREMENT_DIAGNOSTIC,yearly_rank,devices_weighted_mean,2021,VN_LEGACY63_54,0.4771619903925893,0.4880382776667094,0.0108762872741201,RETAINED
POST_HOC_MEASUREMENT_DIAGNOSTIC,yearly_rank,devices_weighted_mean,2021,VN_LEGACY63_56,0.4771619903925893,0.4643414758460503,-0.012820514546538986,RETAINED
POST_HOC_MEASUREMENT_DIAGNOSTIC,yearly_rank,devices_weighted_mean,2021,VN_LEGACY63_58,0.4771619903925893,0.47980357607759616,0.0026415856850068864,RETAINED
POST_HOC_MEASUREMENT_DIAGNOSTIC,yearly_rank,devices_weighted_mean,2021,VN_LEGACY63_60,0.4771619903925893,0.4761712897470161,-0.0009907006455731615,RETAINED
POST_HOC_MEASUREMENT_DIAGNOSTIC,yearly_rank,devices_weighted_mean,2021,VN_LEGACY63_62,0.4771619903925893,0.47504406965453067,-0.0021179207380586096,RETAINED
POST_HOC_MEASUREMENT_DIAGNOSTIC,yearly_rank,devices_weighted_mean,2021,VN_LEGACY63_64,0.4771619903925893,0.46217577451068714,-0.014986215881902132,RETAINED
POST_HOC_MEASUREMENT_DIAGNOSTIC,yearly_rank,devices_weighted_mean,2021,VN_LEGACY63_66,0.4771619903925893,0.4784185345259104,0.0012565441333211025,RETAINED
POST_HOC_MEASUREMENT_DIAGNOSTIC,yearly_rank,devices_weighted_mean,2021,VN_LEGACY63_67,0.4771619903925893,0.4810375221872798,0.0038755317946905232,RETAINED
POST_HOC_MEASUREMENT_DIAGNOSTIC,yearly_rank,devices_weighted_mean,2021,VN_LEGACY63_68,0.4771619903925893,0.475919467181176,-0.0012425232114132712,RETAINED
POST_HOC_MEASUREMENT_DIAGNOSTIC,yearly_rank,devices_weighted_mean,2021,VN_LEGACY63_70,0.4771619903925893,0.4751951650965328,-0.0019668252960564625,RETAINED
POST_HOC_MEASUREMENT_DIAGNOSTIC,yearly_rank,devices_weighted_mean,2021,VN_LEGACY63_72,0.4771619903925893,0.4576932763979588,-0.01946871399463046,RETAINED
POST_HOC_MEASUREMENT_DIAGNOSTIC,yearly_rank,devices_weighted_mean,2021,VN_LEGACY63_74,0.4771619903925893,0.4573910855139547,-0.019770904878634588,RETAINED
POST_HOC_MEASUREMENT_DIAGNOSTIC,yearly_rank,devices_weighted_mean,2021,VN_LEGACY63_75,0.4771619903925893,0.46217577451068714,-0.014986215881902132,RETAINED
POST_HOC_MEASUREMENT_DIAGNOSTIC,yearly_rank,devices_weighted_mean,2021,VN_LEGACY63_77,0.4771619903925893,0.4742826205032154,-0.002879369889373873,RETAINED
POST_HOC_MEASUREMENT_DIAGNOSTIC,yearly_rank,devices_weighted_mean,2021,VN_LEGACY63_79,0.4771619903925893,0.4524553010752202,-0.02470668931736908,RETAINED
POST_HOC_MEASUREMENT_DIAGNOSTIC,yearly_rank,devices_weighted_mean,2021,VN_LEGACY63_80,0.4771619903925893,0.4734323849398419,-0.0037296054527473643,RETAINED
POST_HOC_MEASUREMENT_DIAGNOSTIC,yearly_rank,devices_weighted_mean,2021,VN_LEGACY63_82,0.4771619903925893,0.4694787208741209,-0.007683269518468372,RETAINED
POST_HOC_MEASUREMENT_DIAGNOSTIC,yearly_rank,devices_weighted_mean,2021,VN_LEGACY63_83,0.4771619903925893,0.47831780423124237,0.001155813838653097,RETAINED
POST_HOC_MEASUREMENT_DIAGNOSTIC,yearly_rank,devices_weighted_mean,2021,VN_LEGACY63_84,0.4771619903925893,0.4761017377485453,-0.0010602526440439686,RETAINED
POST_HOC_MEASUREMENT_DIAGNOSTIC,yearly_rank,devices_weighted_mean,2021,VN_LEGACY63_86,0.4771619903925893,0.4763283809115484,-0.0008336094810408867,RETAINED
POST_HOC_MEASUREMENT_DIAGNOSTIC,yearly_rank,devices_weighted_mean,2021,VN_LEGACY63_87,0.4771619903925893,0.47889700342558367,0.0017350130329943925,RETAINED
POST_HOC_MEASUREMENT_DIAGNOSTIC,yearly_rank,devices_weighted_mean,2021,VN_LEGACY63_89,0.4771619903925893,0.4773860490055629,0.00022405861297364327,RETAINED
POST_HOC_MEASUREMENT_DIAGNOSTIC,yearly_rank,devices_weighted_mean,2021,VN_LEGACY63_91,0.4771619903925893,0.4850415514003348,0.007879561007745506,RETAINED
POST_HOC_MEASUREMENT_DIAGNOSTIC,yearly_rank,devices_weighted_mean,2021,VN_LEGACY63_92,0.4771619903925893,0.47416267957618524,-0.0029993108164040327,RETAINED
POST_HOC_MEASUREMENT_DIAGNOSTIC,yearly_rank,devices_weighted_mean,2021,VN_LEGACY63_93,0.4771619903925893,0.47504406965453067,-0.0021179207380586096,RETAINED
POST_HOC_MEASUREMENT_DIAGNOSTIC,yearly_rank,devices_weighted_mean,2021,VN_LEGACY63_94,0.4771619903925893,0.47902291629391874,0.0018609259013294688,RETAINED
POST_HOC_MEASUREMENT_DIAGNOSTIC,yearly_rank,devices_weighted_mean,2021,VN_LEGACY63_95,0.4771619903925893,0.47320574177683883,-0.003956248615750446,RETAINED
POST_HOC_MEASUREMENT_DIAGNOSTIC,yearly_rank,devices_weighted_mean,2021,VN_LEGACY63_96,0.4771619903925893,0.5046839588606049,0.027521968468015634,RETAINED
POST_HOC_MEASUREMENT_DIAGNOSTIC,yearly_rank,devices_weighted_mean,2022,VN_LEGACY63_01,0.4257014618512557,0.40203978859386036,-0.02366167325739532,RETAINED
POST_HOC_MEASUREMENT_DIAGNOSTIC,yearly_rank,devices_weighted_mean,2022,VN_LEGACY63_02,0.4257014618512557,0.43222825200792137,0.006526790156665685,RETAINED
POST_HOC_MEASUREMENT_DIAGNOSTIC,yearly_rank,devices_weighted_mean,2022,VN_LEGACY63_04,0.4257014618512557,0.4228405944428131,-0.0028608674084426022,RETAINED
POST_HOC_MEASUREMENT_DIAGNOSTIC,yearly_rank,devices_weighted_mean,2022,VN_LEGACY63_06,0.4257014618512557,0.4121631832079996,-0.013538278643256074,RETAINED
POST_HOC_MEASUREMENT_DIAGNOSTIC,yearly_rank,devices_weighted_mean,2022,VN_LEGACY63_08,0.4257014618512557,0.4276198990530478,0.0019184372017921336,RETAINED
POST_HOC_MEASUREMENT_DIAGNOSTIC,yearly_rank,devices_weighted_mean,2022,VN_LEGACY63_10,0.4257014618512557,0.41775371456207644,-0.007947747289179241,RETAINED
POST_HOC_MEASUREMENT_DIAGNOSTIC,yearly_rank,devices_weighted_mean,2022,VN_LEGACY63_11,0.4257014618512557,0.4845378999269946,0.058836438075738906,RETAINED
POST_HOC_MEASUREMENT_DIAGNOSTIC,yearly_rank,devices_weighted_mean,2022,VN_LEGACY63_12,0.4257014618512557,0.42581213813552055,0.00011067628426486564,RETAINED
POST_HOC_MEASUREMENT_DIAGNOSTIC,yearly_rank,devices_weighted_mean,2022,VN_LEGACY63_14,0.4257014618512557,0.41347267703868423,-0.012228784812571447,RETAINED
POST_HOC_MEASUREMENT_DIAGNOSTIC,yearly_rank,devices_weighted_mean,2022,VN_LEGACY63_15,0.4257014618512557,0.4118106271766614,-0.013890834674594288,RETAINED
POST_HOC_MEASUREMENT_DIAGNOSTIC,yearly_rank,devices_weighted_mean,2022,VN_LEGACY63_17,0.4257014618512557,0.4426340973450852,0.016932635493829507,RETAINED
POST_HOC_MEASUREMENT_DIAGNOSTIC,yearly_rank,devices_weighted_mean,2022,VN_LEGACY63_19,0.4257014618512557,0.414933266311371,-0.010768195539884673,RETAINED
POST_HOC_MEASUREMENT_DIAGNOSTIC,yearly_rank,devices_weighted_mean,2022,VN_LEGACY63_20,0.4257014618512557,0.42097708399145406,-0.004724377859801621,RETAINED
POST_HOC_MEASUREMENT_DIAGNOSTIC,yearly_rank,devices_weighted_mean,2022,VN_LEGACY63_22,0.4257014618512557,0.4234197936371543,-0.0022816682141013622,RETAINED
POST_HOC_MEASUREMENT_DIAGNOSTIC,yearly_rank,devices_weighted_mean,2022,VN_LEGACY63_24,0.4257014618512557,0.42699571909787015,0.001294257246614472,RETAINED
POST_HOC_MEASUREMENT_DIAGNOSTIC,yearly_rank,devices_weighted_mean,2022,VN_LEGACY63_25,0.4257014618512557,0.4405187611570561,0.014817299305800447,RETAINED
POST_HOC_MEASUREMENT_DIAGNOSTIC,yearly_rank,devices_weighted_mean,2022,VN_LEGACY63_26,0.4257014618512557,0.4337698314142967,0.008068369563041022,RETAINED
POST_HOC_MEASUREMENT_DIAGNOSTIC,yearly_rank,devices_weighted_mean,2022,VN_LEGACY63_27,0.4257014618512557,0.42754973571854443,0.0018482738672887522,RETAINED
POST_HOC_MEASUREMENT_DIAGNOSTIC,yearly_rank,devices_weighted_mean,2022,VN_LEGACY63_30,0.4257014618512557,0.4253588518095144,-0.00034261004174129805,RETAINED
POST_HOC_MEASUREMENT_DIAGNOSTIC,yearly_rank,devices_weighted_mean,2022,VN_LEGACY63_31,0.4257014618512557,0.4258876858565216,0.00018622400526591143,RETAINED
POST_HOC_MEASUREMENT_DIAGNOSTIC,yearly_rank,devices_weighted_mean,2022,VN_LEGACY63_33,0.4257014618512557,0.4240997231261637,-0.0016017387250920057,RETAINED
POST_HOC_MEASUREMENT_DIAGNOSTIC,yearly_rank,devices_weighted_mean,2022,VN_LEGACY63_34,0.4257014618512557,0.434323848034971,0.008622386183715303,RETAINED
POST_HOC_MEASUREMENT_DIAGNOSTIC,yearly_rank,devices_weighted_mean,2022,VN_LEGACY63_35,0.4257014618512557,0.42719717968720633,0.0014957178359506496,RETAINED
POST_HOC_MEASUREMENT_DIAGNOSTIC,yearly_rank,devices_weighted_mean,2022,VN_LEGACY63_36,0.4257014618512557,0.45044069518185914,0.02473923333060346,RETAINED
POST_HOC_MEASUREMENT_DIAGNOSTIC,yearly_rank,devices_weighted_mean,2022,VN_LEGACY63_37,0.4257014618512557,0.4616721230373469,0.03597066118609121,RETAINED
POST_HOC_MEASUREMENT_DIAGNOSTIC,yearly_rank,devices_weighted_mean,2022,VN_LEGACY63_38,0.4257014618512557,0.46494585761405854,0.039244395762802864,RETAINED
POST_HOC_MEASUREMENT_DIAGNOSTIC,yearly_rank,devices_weighted_mean,2022,VN_LEGACY63_40,0.4257014618512557,0.40491060199189993,-0.020790859859355748,RETAINED
POST_HOC_MEASUREMENT_DIAGNOSTIC,yearly_rank,devices_weighted_mean,2022,VN_LEGACY63_42,0.4257014618512557,0.4022916143305305,-0.02340984752072517,RETAINED
POST_HOC_MEASUREMENT_DIAGNOSTIC,yearly_rank,devices_weighted_mean,2022,VN_LEGACY63_44,0.4257014618512557,0.42002014619210765,-0.005681315659148034,RETAINED
POST_HOC_MEASUREMENT_DIAGNOSTIC,yearly_rank,devices_weighted_mean,2022,VN_LEGACY63_45,0.4257014618512557,0.4346764040663091,0.008974942215053405,RETAINED
POST_HOC_MEASUREMENT_DIAGNOSTIC,yearly_rank,devices_weighted_mean,2022,VN_LEGACY63_46,0.4257014618512557,0.4365902796650021,0.010888817813746399,RETAINED
POST_HOC_MEASUREMENT_DIAGNOSTIC,yearly_rank,devices_weighted_mean,2022,VN_LEGACY63_48,0.4257014618512557,0.40430622022389157,-0.021395241627364114,RETAINED
POST_HOC_MEASUREMENT_DIAGNOSTIC,yearly_rank,devices_weighted_mean,2022,VN_LEGACY63_49,0.4257014618512557,0.42941324616990345,0.0037117843186477706,RETAINED
POST_HOC_MEASUREMENT_DIAGNOSTIC,yearly_rank,devices_weighted_mean,2022,VN_LEGACY63_51,0.4257014618512557,0.43444976090330606,0.008748299052050379,RETAINED
POST_HOC_MEASUREMENT_DIAGNOSTIC,yearly_rank,devices_weighted_mean,2022,VN_LEGACY63_52,0.4257014618512557,0.4446990683857802,0.018997606534524536,RETAINED
POST_HOC_MEASUREMENT_DIAGNOSTIC,yearly_rank,devices_weighted_mean,2022,VN_LEGACY63_54,0.4257014618512557,0.4671115589494217,0.04141009709816601,RETAINED
POST_HOC_MEASUREMENT_DIAGNOSTIC,yearly_rank,devices_weighted_mean,2022,VN_LEGACY63_56,0.4257014618512557,0.428557038665225,0.002855576813969307,RETAINED
POST_HOC_MEASUREMENT_DIAGNOSTIC,yearly_rank,devices_weighted_mean,2022,VN_LEGACY63_58,0.4257014618512557,0.4328380761886172,0.007136614337361513,RETAINED
POST_HOC_MEASUREMENT_DIAGNOSTIC,yearly_rank,devices_weighted_mean,2022,VN_LEGACY63_60,0.4257014618512557,0.4297658022012416,0.004064340349985929,RETAINED
POST_HOC_MEASUREMENT_DIAGNOSTIC,yearly_rank,devices_weighted_mean,2022,VN_LEGACY63_62,0.4257014618512557,0.4451019895644524,0.019400527713196725,RETAINED
POST_HOC_MEASUREMENT_DIAGNOSTIC,yearly_rank,devices_weighted_mean,2022,VN_LEGACY63_64,0.4257014618512557,0.408939813778622,-0.016761648072633695,RETAINED
POST_HOC_MEASUREMENT_DIAGNOSTIC,yearly_rank,devices_weighted_mean,2022,VN_LEGACY63_66,0.4257014618512557,0.4253588518095144,-0.00034261004174129805,RETAINED
POST_HOC_MEASUREMENT_DIAGNOSTIC,yearly_rank,devices_weighted_mean,2022,VN_LEGACY63_67,0.4257014618512557,0.40828506686327964,-0.017416394987976036,RETAINED
POST_HOC_MEASUREMENT_DIAGNOSTIC,yearly_rank,devices_weighted_mean,2022,VN_LEGACY63_68,0.4257014618512557,0.4293880635962364,0.0036866017449807,RETAINED
POST_HOC_MEASUREMENT_DIAGNOSTIC,yearly_rank,devices_weighted_mean,2022,VN_LEGACY63_70,0.4257014618512557,0.4290355075648983,0.003334045713642597,RETAINED
POST_HOC_MEASUREMENT_DIAGNOSTIC,yearly_rank,devices_weighted_mean,2022,VN_LEGACY63_72,0.4257014618512557,0.40430622022389157,-0.021395241627364114,RETAINED
POST_HOC_MEASUREMENT_DIAGNOSTIC,yearly_rank,devices_weighted_mean,2022,VN_LEGACY63_74,0.4257014618512557,0.40093175535251185,-0.024769706498743826,RETAINED
POST_HOC_MEASUREMENT_DIAGNOSTIC,yearly_rank,devices_weighted_mean,2022,VN_LEGACY63_75,0.4257014618512557,0.4016368674151882,-0.024064594436067455,RETAINED
POST_HOC_MEASUREMENT_DIAGNOSTIC,yearly_rank,devices_weighted_mean,2022,VN_LEGACY63_77,0.4257014618512557,0.4145303451326989,-0.011171116718556806,RETAINED
POST_HOC_MEASUREMENT_DIAGNOSTIC,yearly_rank,devices_weighted_mean,2022,VN_LEGACY63_79,0.4257014618512557,0.40027700843716957,-0.025424453414086112,RETAINED
POST_HOC_MEASUREMENT_DIAGNOSTIC,yearly_rank,devices_weighted_mean,2022,VN_LEGACY63_80,0.4257014618512557,0.41231427865000164,-0.013387183201254038,RETAINED
POST_HOC_MEASUREMENT_DIAGNOSTIC,yearly_rank,devices_weighted_mean,2022,VN_LEGACY63_82,0.4257014618512557,0.41886174780342506,-0.006839714047830625,RETAINED
POST_HOC_MEASUREMENT_DIAGNOSTIC,yearly_rank,devices_weighted_mean,2022,VN_LEGACY63_83,0.4257014618512557,0.42484985082880683,-0.0008516110224488505,RETAINED
POST_HOC_MEASUREMENT_DIAGNOSTIC,yearly_rank,devices_weighted_mean,2022,VN_LEGACY63_84,0.4257014618512557,0.42563586011985144,-6.560173140424119e-05,RETAINED
POST_HOC_MEASUREMENT_DIAGNOSTIC,yearly_rank,devices_weighted_mean,2022,VN_LEGACY63_86,0.4257014618512557,0.4292873333015684,0.0035858714503126943,RETAINED
POST_HOC_MEASUREMENT_DIAGNOSTIC,yearly_rank,devices_weighted_mean,2022,VN_LEGACY63_87,0.4257014618512557,0.4373205743013454,0.01161911245008973,RETAINED
POST_HOC_MEASUREMENT_DIAGNOSTIC,yearly_rank,devices_weighted_mean,2022,VN_LEGACY63_89,0.4257014618512557,0.41886174780342506,-0.006839714047830625,RETAINED
POST_HOC_MEASUREMENT_DIAGNOSTIC,yearly_rank,devices_weighted_mean,2022,VN_LEGACY63_91,0.4257014618512557,0.4290103249912312,0.0033088631399755264,RETAINED
POST_HOC_MEASUREMENT_DIAGNOSTIC,yearly_rank,devices_weighted_mean,2022,VN_LEGACY63_92,0.4257014618512557,0.40088139020517777,-0.024820071646077912,RETAINED
POST_HOC_MEASUREMENT_DIAGNOSTIC,yearly_rank,devices_weighted_mean,2022,VN_LEGACY63_93,0.4257014618512557,0.426693528213866,0.0009920663626103443,RETAINED
POST_HOC_MEASUREMENT_DIAGNOSTIC,yearly_rank,devices_weighted_mean,2022,VN_LEGACY63_94,0.4257014618512557,0.4208962365451175,-0.004805225306138194,RETAINED
POST_HOC_MEASUREMENT_DIAGNOSTIC,yearly_rank,devices_weighted_mean,2022,VN_LEGACY63_95,0.4257014618512557,0.41840846147741884,-0.007293000373836844,RETAINED
POST_HOC_MEASUREMENT_DIAGNOSTIC,yearly_rank,devices_weighted_mean,2022,VN_LEGACY63_96,0.4257014618512557,0.41840846147741884,-0.007293000373836844,RETAINED
POST_HOC_MEASUREMENT_DIAGNOSTIC,yearly_rank,devices_weighted_mean,2023,VN_LEGACY63_01,0.35714285714285715,0.3484928609201481,-0.008649996222709067,RETAINED
POST_HOC_MEASUREMENT_DIAGNOSTIC,yearly_rank,devices_weighted_mean,2023,VN_LEGACY63_02,0.35714285714285715,0.3625947470474176,0.00545188990456047,RETAINED
POST_HOC_MEASUREMENT_DIAGNOSTIC,yearly_rank,devices_weighted_mean,2023,VN_LEGACY63_04,0.35714285714285715,0.344514114477097,-0.01262874266576014,RETAINED
POST_HOC_MEASUREMENT_DIAGNOSTIC,yearly_rank,devices_weighted_mean,2023,VN_LEGACY63_06,0.35714285714285715,0.3423988315580066,-0.01474402558485055,RETAINED
POST_HOC_MEASUREMENT_DIAGNOSTIC,yearly_rank,devices_weighted_mean,2023,VN_LEGACY63_08,0.35714285714285715,0.355342348467679,-0.0018005086751781696,RETAINED
POST_HOC_MEASUREMENT_DIAGNOSTIC,yearly_rank,devices_weighted_mean,2023,VN_LEGACY63_10,0.35714285714285715,0.35423434312910784,-0.002908514013749308,RETAINED
POST_HOC_MEASUREMENT_DIAGNOSTIC,yearly_rank,devices_weighted_mean,2023,VN_LEGACY63_11,0.35714285714285715,0.3751857168039083,0.018042859661051125,RETAINED
POST_HOC_MEASUREMENT_DIAGNOSTIC,yearly_rank,devices_weighted_mean,2023,VN_LEGACY63_12,0.35714285714285715,0.4126060789201984,0.055463221777341254,RETAINED
POST_HOC_MEASUREMENT_DIAGNOSTIC,yearly_rank,devices_weighted_mean,2023,VN_LEGACY63_14,0.35714285714285715,0.3751857168039083,0.018042859661051125,RETAINED
POST_HOC_MEASUREMENT_DIAGNOSTIC,yearly_rank,devices_weighted_mean,2023,VN_LEGACY63_15,0.35714285714285715,0.344514114477097,-0.01262874266576014,RETAINED
POST_HOC_MEASUREMENT_DIAGNOSTIC,yearly_rank,devices_weighted_mean,2023,VN_LEGACY63_17,0.35714285714285715,0.3545868902822895,-0.0025559668605676378,RETAINED
POST_HOC_MEASUREMENT_DIAGNOSTIC,yearly_rank,devices_weighted_mean,2023,VN_LEGACY63_19,0.35714285714285715,0.3564503538062502,-0.0006925033366069755,RETAINED
POST_HOC_MEASUREMENT_DIAGNOSTIC,yearly_rank,devices_weighted_mean,2023,VN_LEGACY63_20,0.35714285714285715,0.35327742942761453,-0.0038654277152426197,RETAINED
POST_HOC_MEASUREMENT_DIAGNOSTIC,yearly_rank,devices_weighted_mean,2023,VN_LEGACY63_22,0.35714285714285715,0.35025559668605677,-0.0068872604568003815,RETAINED
POST_HOC_MEASUREMENT_DIAGNOSTIC,yearly_rank,devices_weighted_mean,2023,VN_LEGACY63_24,0.35714285714285715,0.3585656367253406,0.0014227795824834355,RETAINED
POST_HOC_MEASUREMENT_DIAGNOSTIC,yearly_rank,devices_weighted_mean,2023,VN_LEGACY63_25,0.35714285714285715,0.35584598725793865,-0.0012968698849185056,RETAINED
POST_HOC_MEASUREMENT_DIAGNOSTIC,yearly_rank,devices_weighted_mean,2023,VN_LEGACY63_26,0.35714285714285715,0.3478381304928106,-0.009304726650046558,RETAINED
POST_HOC_MEASUREMENT_DIAGNOSTIC,yearly_rank,devices_weighted_mean,2023,VN_LEGACY63_27,0.35714285714285715,0.355342348467679,-0.0018005086751781696,RETAINED
POST_HOC_MEASUREMENT_DIAGNOSTIC,yearly_rank,devices_weighted_mean,2023,VN_LEGACY63_30,0.35714285714285715,0.3503059605650828,-0.006836896577774365,RETAINED
POST_HOC_MEASUREMENT_DIAGNOSTIC,yearly_rank,devices_weighted_mean,2023,VN_LEGACY63_31,0.35714285714285715,0.35106141875047214,-0.006081438392385008,RETAINED
POST_HOC_MEASUREMENT_DIAGNOSTIC,yearly_rank,devices_weighted_mean,2023,VN_LEGACY63_33,0.35714285714285715,0.3534285210646924,-0.003714336078164737,RETAINED
POST_HOC_MEASUREMENT_DIAGNOSTIC,yearly_rank,devices_weighted_mean,2023,VN_LEGACY63_34,0.35714285714285715,0.3842512150285815,0.027108357885724355,RETAINED
POST_HOC_MEASUREMENT_DIAGNOSTIC,yearly_rank,devices_weighted_mean,2023,VN_LEGACY63_35,0.35714285714285715,0.34310392586437005,-0.014038931278487099,RETAINED
POST_HOC_MEASUREMENT_DIAGNOSTIC,yearly_rank,devices_weighted_mean,2023,VN_LEGACY63_36,0.35714285714285715,0.3748835335297525,0.01774067638689536,RETAINED
POST_HOC_MEASUREMENT_DIAGNOSTIC,yearly_rank,devices_weighted_mean,2023,VN_LEGACY63_37,0.35714285714285715,0.37377552819118126,0.01663267104832411,RETAINED
POST_HOC_MEASUREMENT_DIAGNOSTIC,yearly_rank,devices_weighted_mean,2023,VN_LEGACY63_38,0.35714285714285715,0.3659691269421571,0.008826269799299957,RETAINED
POST_HOC_MEASUREMENT_DIAGNOSTIC,yearly_rank,devices_weighted_mean,2023,VN_LEGACY63_40,0.35714285714285715,0.34909722746845967,-0.008045629674397481,RETAINED
POST_HOC_MEASUREMENT_DIAGNOSTIC,yearly_rank,devices_weighted_mean,2023,VN_LEGACY63_42,0.35714285714285715,0.3402835486389162,-0.016859308503940962,RETAINED
POST_HOC_MEASUREMENT_DIAGNOSTIC,yearly_rank,devices_weighted_mean,2023,VN_LEGACY63_44,0.35714285714285715,0.3974969152124096,0.040354058069552445,RETAINED
POST_HOC_MEASUREMENT_DIAGNOSTIC,yearly_rank,devices_weighted_mean,2023,VN_LEGACY63_45,0.35714285714285715,0.35191760469391353,-0.005225252448943618,RETAINED
POST_HOC_MEASUREMENT_DIAGNOSTIC,yearly_rank,devices_weighted_mean,2023,VN_LEGACY63_46,0.35714285714285715,0.37055223993351966,0.013409382790662505,RETAINED
POST_HOC_MEASUREMENT_DIAGNOSTIC,yearly_rank,devices_weighted_mean,2023,VN_LEGACY63_48,0.35714285714285715,0.35362997658079626,-0.003512880562060894,RETAINED
POST_HOC_MEASUREMENT_DIAGNOSTIC,yearly_rank,devices_weighted_mean,2023,VN_LEGACY63_49,0.35714285714285715,0.36717786003878017,0.010035002895923018,RETAINED
POST_HOC_MEASUREMENT_DIAGNOSTIC,yearly_rank,devices_weighted_mean,2023,VN_LEGACY63_51,0.35714285714285715,0.3515146936617058,-0.00562816348115136,RETAINED
POST_HOC_MEASUREMENT_DIAGNOSTIC,yearly_rank,devices_weighted_mean,2023,VN_LEGACY63_52,0.35714285714285715,0.36370275238598876,0.006559895243131608,RETAINED
POST_HOC_MEASUREMENT_DIAGNOSTIC,yearly_rank,devices_weighted_mean,2023,VN_LEGACY63_54,0.35714285714285715,0.3827906625368286,0.025647805393971435,RETAINED
POST_HOC_MEASUREMENT_DIAGNOSTIC,yearly_rank,devices_weighted_mean,2023,VN_LEGACY63_56,0.35714285714285715,0.35604744277404243,-0.0010954143688147178,RETAINED
POST_HOC_MEASUREMENT_DIAGNOSTIC,yearly_rank,devices_weighted_mean,2023,VN_LEGACY63_58,0.35714285714285715,0.35725617587066555,0.00011331872780839802,RETAINED
POST_HOC_MEASUREMENT_DIAGNOSTIC,yearly_rank,devices_weighted_mean,2023,VN_LEGACY63_60,0.35714285714285715,0.3557956233789127,-0.0013472337639444665,RETAINED
POST_HOC_MEASUREMENT_DIAGNOSTIC,yearly_rank,devices_weighted_mean,2023,VN_LEGACY63_62,0.35714285714285715,0.3735740726750775,0.016431215532220322,RETAINED
POST_HOC_MEASUREMENT_DIAGNOSTIC,yearly_rank,devices_weighted_mean,2023,VN_LEGACY63_64,0.35714285714285715,0.3424995593160586,-0.014643297826798574,RETAINED
POST_HOC_MEASUREMENT_DIAGNOSTIC,yearly_rank,devices_weighted_mean,2023,VN_LEGACY63_66,0.35714285714285715,0.35468761804034155,-0.002455239102515605,RETAINED
POST_HOC_MEASUREMENT_DIAGNOSTIC,yearly_rank,devices_weighted_mean,2023,VN_LEGACY63_67,0.35714285714285715,0.3487446803152779,-0.008398176827579262,RETAINED
POST_HOC_MEASUREMENT_DIAGNOSTIC,yearly_rank,devices_weighted_mean,2023,VN_LEGACY63_68,0.35714285714285715,0.36506257711968976,0.007919719976832607,RETAINED
POST_HOC_MEASUREMENT_DIAGNOSTIC,yearly_rank,devices_weighted_mean,2023,VN_LEGACY63_70,0.35714285714285715,0.36481075772455995,0.007667900581702802,RETAINED
POST_HOC_MEASUREMENT_DIAGNOSTIC,yearly_rank,devices_weighted_mean,2023,VN_LEGACY63_72,0.35714285714285715,0.33373624436554106,-0.023406612777316094,RETAINED
POST_HOC_MEASUREMENT_DIAGNOSTIC,yearly_rank,devices_weighted_mean,2023,VN_LEGACY63_74,0.35714285714285715,0.3367580771070988,-0.020384780035758332,RETAINED
POST_HOC_MEASUREMENT_DIAGNOSTIC,yearly_rank,devices_weighted_mean,2023,VN_LEGACY63_75,0.35714285714285715,0.33857117675203346,-0.018571680390823686,RETAINED
POST_HOC_MEASUREMENT_DIAGNOSTIC,yearly_rank,devices_weighted_mean,2023,VN_LEGACY63_77,0.35714285714285715,0.3597240059429377,0.002581148800080535,RETAINED
POST_HOC_MEASUREMENT_DIAGNOSTIC,yearly_rank,devices_weighted_mean,2023,VN_LEGACY63_79,0.35714285714285715,0.3366069854700209,-0.02053587167283627,RETAINED
POST_HOC_MEASUREMENT_DIAGNOSTIC,yearly_rank,devices_weighted_mean,2023,VN_LEGACY63_80,0.35714285714285715,0.3535292488227444,-0.00361360832011276,RETAINED
POST_HOC_MEASUREMENT_DIAGNOSTIC,yearly_rank,devices_weighted_mean,2023,VN_LEGACY63_82,0.35714285714285715,0.35700435647553574,-0.0001385006673214062,RETAINED
POST_HOC_MEASUREMENT_DIAGNOSTIC,yearly_rank,devices_weighted_mean,2023,VN_LEGACY63_83,0.35714285714285715,0.35126287426657604,-0.005879982876281109,RETAINED
POST_HOC_MEASUREMENT_DIAGNOSTIC,yearly_rank,devices_weighted_mean,2023,VN_LEGACY63_84,0.35714285714285715,0.35413361537105587,-0.0030092417718012854,RETAINED
POST_HOC_MEASUREMENT_DIAGNOSTIC,yearly_rank,devices_weighted_mean,2023,VN_LEGACY63_86,0.35714285714285715,0.37302007000579185,0.015877212862934698,RETAINED
POST_HOC_MEASUREMENT_DIAGNOSTIC,yearly_rank,devices_weighted_mean,2023,VN_LEGACY63_87,0.35714285714285715,0.3549394374354713,-0.0022034197073858564,RETAINED
POST_HOC_MEASUREMENT_DIAGNOSTIC,yearly_rank,devices_weighted_mean,2023,VN_LEGACY63_89,0.35714285714285715,0.35443579864521163,-0.0027070584976455203,RETAINED
POST_HOC_MEASUREMENT_DIAGNOSTIC,yearly_rank,devices_weighted_mean,2023,VN_LEGACY63_91,0.35714285714285715,0.3536803404598222,-0.003462516683034933,RETAINED
POST_HOC_MEASUREMENT_DIAGNOSTIC,yearly_rank,devices_weighted_mean,2023,VN_LEGACY63_92,0.35714285714285715,0.3495505023796933,-0.007592354763163833,RETAINED
POST_HOC_MEASUREMENT_DIAGNOSTIC,yearly_rank,devices_weighted_mean,2023,VN_LEGACY63_93,0.35714285714285715,0.35498980131449726,-0.0021530558283598955,RETAINED
POST_HOC_MEASUREMENT_DIAGNOSTIC,yearly_rank,devices_weighted_mean,2023,VN_LEGACY63_94,0.35714285714285715,0.3559467150159905,-0.0011961421268666395,RETAINED
POST_HOC_MEASUREMENT_DIAGNOSTIC,yearly_rank,devices_weighted_mean,2023,VN_LEGACY63_95,0.35714285714285715,0.3361033466797613,-0.02103951046309588,RETAINED
POST_HOC_MEASUREMENT_DIAGNOSTIC,yearly_rank,devices_weighted_mean,2023,VN_LEGACY63_96,0.35714285714285715,0.3502052328070308,-0.006937624335826342,RETAINED
POST_HOC_MEASUREMENT_DIAGNOSTIC,yearly_rank,devices_weighted_mean,2024,VN_LEGACY63_01,0.27052780652489306,0.2633593554096206,-0.007168451115272478,RETAINED
POST_HOC_MEASUREMENT_DIAGNOSTIC,yearly_rank,devices_weighted_mean,2024,VN_LEGACY63_02,0.27052780652489306,0.2664568119706631,-0.004070994554229934,RETAINED
POST_HOC_MEASUREMENT_DIAGNOSTIC,yearly_rank,devices_weighted_mean,2024,VN_LEGACY63_04,0.27052780652489306,0.26579871824420936,-0.004729088280683691,RETAINED
POST_HOC_MEASUREMENT_DIAGNOSTIC,yearly_rank,devices_weighted_mean,2024,VN_LEGACY63_06,0.27052780652489306,0.29095945614866664,0.020431649623773585,RETAINED
POST_HOC_MEASUREMENT_DIAGNOSTIC,yearly_rank,devices_weighted_mean,2024,VN_LEGACY63_08,0.27052780652489306,0.291563837916675,0.02103603139178195,RETAINED
POST_HOC_MEASUREMENT_DIAGNOSTIC,yearly_rank,devices_weighted_mean,2024,VN_LEGACY63_10,0.27052780652489306,0.25479728036283616,-0.01573052616205689,RETAINED
POST_HOC_MEASUREMENT_DIAGNOSTIC,yearly_rank,devices_weighted_mean,2024,VN_LEGACY63_11,0.27052780652489306,0.30964492580959024,0.03911711928469719,RETAINED
POST_HOC_MEASUREMENT_DIAGNOSTIC,yearly_rank,devices_weighted_mean,2024,VN_LEGACY63_12,0.27052780652489306,0.27660538915846933,0.006077582633576273,RETAINED
POST_HOC_MEASUREMENT_DIAGNOSTIC,yearly_rank,devices_weighted_mean,2024,VN_LEGACY63_14,0.27052780652489306,0.30788214565289934,0.037354339128006286,RETAINED
POST_HOC_MEASUREMENT_DIAGNOSTIC,yearly_rank,devices_weighted_mean,2024,VN_LEGACY63_15,0.27052780652489306,0.25147318063879054,-0.019054625886102516,RETAINED
POST_HOC_MEASUREMENT_DIAGNOSTIC,yearly_rank,devices_weighted_mean,2024,VN_LEGACY63_17,0.27052780652489306,0.29891714942744274,0.028389342902549686,RETAINED
POST_HOC_MEASUREMENT_DIAGNOSTIC,yearly_rank,devices_weighted_mean,2024,VN_LEGACY63_19,0.27052780652489306,0.266179803660326,-0.0043480028645670465,RETAINED
POST_HOC_MEASUREMENT_DIAGNOSTIC,yearly_rank,devices_weighted_mean,2024,VN_LEGACY63_20,0.27052780652489306,0.2686476958796933,-0.0018801106451997729,RETAINED
POST_HOC_MEASUREMENT_DIAGNOSTIC,yearly_rank,devices_weighted_mean,2024,VN_LEGACY63_22,0.27052780652489306,0.26730965363924986,-0.0032181528856431996,RETAINED
POST_HOC_MEASUREMENT_DIAGNOSTIC,yearly_rank,devices_weighted_mean,2024,VN_LEGACY63_24,0.27052780652489306,0.2620498615789359,-0.008477944945957161,RETAINED
POST_HOC_MEASUREMENT_DIAGNOSTIC,yearly_rank,devices_weighted_mean,2024,VN_LEGACY63_25,0.27052780652489306,0.24472425089603106,-0.025803555628861996,RETAINED
POST_HOC_MEASUREMENT_DIAGNOSTIC,yearly_rank,devices_weighted_mean,2024,VN_LEGACY63_26,0.27052780652489306,0.27776378754715186,0.007235981022258808,RETAINED
POST_HOC_MEASUREMENT_DIAGNOSTIC,yearly_rank,devices_weighted_mean,2024,VN_LEGACY63_27,0.27052780652489306,0.26869806102702726,-0.0018297454978657979,RETAINED
POST_HOC_MEASUREMENT_DIAGNOSTIC,yearly_rank,devices_weighted_mean,2024,VN_LEGACY63_30,0.27052780652489306,0.27224880391407613,0.0017209973891830765,RETAINED
POST_HOC_MEASUREMENT_DIAGNOSTIC,yearly_rank,devices_weighted_mean,2024,VN_LEGACY63_31,0.27052780652489306,0.2615462101055956,-0.008981596419297466,RETAINED
POST_HOC_MEASUREMENT_DIAGNOSTIC,yearly_rank,devices_weighted_mean,2024,VN_LEGACY63_33,0.27052780652489306,0.2677914883750148,-0.0027363181498782363,RETAINED
POST_HOC_MEASUREMENT_DIAGNOSTIC,yearly_rank,devices_weighted_mean,2024,VN_LEGACY63_34,0.27052780652489306,0.2683203224220221,-0.0022074841028709713,RETAINED
POST_HOC_MEASUREMENT_DIAGNOSTIC,yearly_rank,devices_weighted_mean,2024,VN_LEGACY63_35,0.27052780652489306,0.27559808621178883,0.005070279686895773,RETAINED
POST_HOC_MEASUREMENT_DIAGNOSTIC,yearly_rank,devices_weighted_mean,2024,VN_LEGACY63_36,0.27052780652489306,0.2683203224220221,-0.0022074841028709713,RETAINED
POST_HOC_MEASUREMENT_DIAGNOSTIC,yearly_rank,devices_weighted_mean,2024,VN_LEGACY63_37,0.27052780652489306,0.26527323100831357,-0.005254575516579485,RETAINED
POST_HOC_MEASUREMENT_DIAGNOSTIC,yearly_rank,devices_weighted_mean,2024,VN_LEGACY63_38,0.27052780652489306,0.24066985653564196,-0.029857949989251092,RETAINED
POST_HOC_MEASUREMENT_DIAGNOSTIC,yearly_rank,devices_weighted_mean,2024,VN_LEGACY63_40,0.27052780652489306,0.23966255358896144,-0.03086525293593162,RETAINED
POST_HOC_MEASUREMENT_DIAGNOSTIC,yearly_rank,devices_weighted_mean,2024,VN_LEGACY63_42,0.27052780652489306,0.29314664889444253,0.022618842369549474,RETAINED
POST_HOC_MEASUREMENT_DIAGNOSTIC,yearly_rank,devices_weighted_mean,2024,VN_LEGACY63_44,0.27052780652489306,0.24434651229102586,-0.026181294233867197,RETAINED
POST_HOC_MEASUREMENT_DIAGNOSTIC,yearly_rank,devices_weighted_mean,2024,VN_LEGACY63_45,0.27052780652489306,0.2573659028768715,-0.013161903648021556,RETAINED
POST_HOC_MEASUREMENT_DIAGNOSTIC,yearly_rank,devices_weighted_mean,2024,VN_LEGACY63_46,0.27052780652489306,0.26975572912104184,-0.0007720774038512124,RETAINED
POST_HOC_MEASUREMENT_DIAGNOSTIC,yearly_rank,devices_weighted_mean,2024,VN_LEGACY63_48,0.27052780652489306,0.25610677419352085,-0.014421032331372208,RETAINED
POST_HOC_MEASUREMENT_DIAGNOSTIC,yearly_rank,devices_weighted_mean,2024,VN_LEGACY63_49,0.27052780652489306,0.27134223126206364,0.0008144247371705826,RETAINED
POST_HOC_MEASUREMENT_DIAGNOSTIC,yearly_rank,devices_weighted_mean,2024,VN_LEGACY63_51,0.27052780652489306,0.27197179560373896,0.0014439890788459087,RETAINED
POST_HOC_MEASUREMENT_DIAGNOSTIC,yearly_rank,devices_weighted_mean,2024,VN_LEGACY63_52,0.27052780652489306,0.2872324352459488,0.01670462872105577,RETAINED
POST_HOC_MEASUREMENT_DIAGNOSTIC,yearly_rank,devices_weighted_mean,2024,VN_LEGACY63_54,0.27052780652489306,0.2755477210644548,0.005019914539561743,RETAINED
POST_HOC_MEASUREMENT_DIAGNOSTIC,yearly_rank,devices_weighted_mean,2024,VN_LEGACY63_56,0.27052780652489306,0.2878368170139571,0.017309010489064025,RETAINED
POST_HOC_MEASUREMENT_DIAGNOSTIC,yearly_rank,devices_weighted_mean,2024,VN_LEGACY63_58,0.27052780652489306,0.2723998993560782,0.0018720928311851681,RETAINED
POST_HOC_MEASUREMENT_DIAGNOSTIC,yearly_rank,devices_weighted_mean,2024,VN_LEGACY63_60,0.27052780652489306,0.27159405699873373,0.0010662504738406797,RETAINED
POST_HOC_MEASUREMENT_DIAGNOSTIC,yearly_rank,devices_weighted_mean,2024,VN_LEGACY63_62,0.27052780652489306,0.27096449265705846,0.0004366861321654092,RETAINED
POST_HOC_MEASUREMENT_DIAGNOSTIC,yearly_rank,devices_weighted_mean,2024,VN_LEGACY63_64,0.27052780652489306,0.2705867540520533,5.894752716023577e-05,RETAINED
POST_HOC_MEASUREMENT_DIAGNOSTIC,yearly_rank,devices_weighted_mean,2024,VN_LEGACY63_66,0.27052780652489306,0.2929740620420277,0.02244625551713464,RETAINED
POST_HOC_MEASUREMENT_DIAGNOSTIC,yearly_rank,devices_weighted_mean,2024,VN_LEGACY63_67,0.27052780652489306,0.25117098975478636,-0.0193568167701067,RETAINED
POST_HOC_MEASUREMENT_DIAGNOSTIC,yearly_rank,devices_weighted_mean,2024,VN_LEGACY63_68,0.27052780652489306,0.29483757249338666,0.024309765968493602,RETAINED
POST_HOC_MEASUREMENT_DIAGNOSTIC,yearly_rank,devices_weighted_mean,2024,VN_LEGACY63_70,0.27052780652489306,0.27272727281374937,0.002199466288856311,RETAINED
POST_HOC_MEASUREMENT_DIAGNOSTIC,yearly_rank,devices_weighted_mean,2024,VN_LEGACY63_72,0.27052780652489306,0.2663308991023281,-0.004196907422564955,RETAINED
POST_HOC_MEASUREMENT_DIAGNOSTIC,yearly_rank,devices_weighted_mean,2024,VN_LEGACY63_74,0.27052780652489306,0.25041551254477595,-0.020112293980117102,RETAINED
POST_HOC_MEASUREMENT_DIAGNOSTIC,yearly_rank,devices_weighted_mean,2024,VN_LEGACY63_75,0.27052780652489306,0.25041551254477595,-0.020112293980117102,RETAINED
POST_HOC_MEASUREMENT_DIAGNOSTIC,yearly_rank,devices_weighted_mean,2024,VN_LEGACY63_77,0.27052780652489306,0.25494837580483826,-0.015579430720054799,RETAINED
POST_HOC_MEASUREMENT_DIAGNOSTIC,yearly_rank,devices_weighted_mean,2024,VN_LEGACY63_79,0.27052780652489306,0.2516746412281266,-0.01885316529676645,RETAINED
POST_HOC_MEASUREMENT_DIAGNOSTIC,yearly_rank,devices_weighted_mean,2024,VN_LEGACY63_80,0.27052780652489306,0.2848149081739155,0.014287101649022471,RETAINED
POST_HOC_MEASUREMENT_DIAGNOSTIC,yearly_rank,devices_weighted_mean,2024,VN_LEGACY63_82,0.27052780652489306,0.27209770847207404,0.001569901947180985,RETAINED
POST_HOC_MEASUREMENT_DIAGNOSTIC,yearly_rank,devices_weighted_mean,2024,VN_LEGACY63_83,0.27052780652489306,0.287635356424621,0.01710754989972796,RETAINED
POST_HOC_MEASUREMENT_DIAGNOSTIC,yearly_rank,devices_weighted_mean,2024,VN_LEGACY63_84,0.27052780652489306,0.2820448250705441,0.01151701854565107,RETAINED
POST_HOC_MEASUREMENT_DIAGNOSTIC,yearly_rank,devices_weighted_mean,2024,VN_LEGACY63_86,0.27052780652489306,0.28136489558153477,0.010837089056641713,RETAINED
POST_HOC_MEASUREMENT_DIAGNOSTIC,yearly_rank,devices_weighted_mean,2024,VN_LEGACY63_87,0.27052780652489306,0.27255099479808026,0.002023188273187204,RETAINED
POST_HOC_MEASUREMENT_DIAGNOSTIC,yearly_rank,devices_weighted_mean,2024,VN_LEGACY63_89,0.27052780652489306,0.2695290859580387,-0.0009987205668543497,RETAINED
POST_HOC_MEASUREMENT_DIAGNOSTIC,yearly_rank,devices_weighted_mean,2024,VN_LEGACY63_91,0.27052780652489306,0.27177033501440284,0.0012425284895097866,RETAINED
POST_HOC_MEASUREMENT_DIAGNOSTIC,yearly_rank,devices_weighted_mean,2024,VN_LEGACY63_92,0.27052780652489306,0.25701334684553334,-0.013514459679359714,RETAINED
POST_HOC_MEASUREMENT_DIAGNOSTIC,yearly_rank,devices_weighted_mean,2024,VN_LEGACY63_93,0.27052780652489306,0.26851840195528226,-0.0020094045696107954,RETAINED
POST_HOC_MEASUREMENT_DIAGNOSTIC,yearly_rank,devices_weighted_mean,2024,VN_LEGACY63_94,0.27052780652489306,0.2724502645034122,0.0019224579785191431,RETAINED
POST_HOC_MEASUREMENT_DIAGNOSTIC,yearly_rank,devices_weighted_mean,2024,VN_LEGACY63_95,0.27052780652489306,0.27212289104574106,0.0015950845208480002,RETAINED
POST_HOC_MEASUREMENT_DIAGNOSTIC,yearly_rank,devices_weighted_mean,2024,VN_LEGACY63_96,0.27052780652489306,0.2684714178640242,-0.0020563886608688797,RETAINED
POST_HOC_MEASUREMENT_DIAGNOSTIC,change_rank_2021_2024,devices_weighted_mean,2021-2024,VN_LEGACY63_01,-0.16868279569892475,-0.1608370476694115,0.007845748029513239,RETAINED
POST_HOC_MEASUREMENT_DIAGNOSTIC,change_rank_2021_2024,devices_weighted_mean,2021-2024,VN_LEGACY63_02,-0.16868279569892475,-0.16426179144317696,0.00442100425574779,RETAINED
POST_HOC_MEASUREMENT_DIAGNOSTIC,change_rank_2021_2024,devices_weighted_mean,2021-2024,VN_LEGACY63_04,-0.16868279569892475,-0.15665684571025662,0.012025949988668128,RETAINED
POST_HOC_MEASUREMENT_DIAGNOSTIC,change_rank_2021_2024,devices_weighted_mean,2021-2024,VN_LEGACY63_06,-0.16868279569892475,-0.1791191357558359,-0.010436340056911159,RETAINED
POST_HOC_MEASUREMENT_DIAGNOSTIC,change_rank_2021_2024,devices_weighted_mean,2021-2024,VN_LEGACY63_08,-0.16868279569892475,-0.14890080834025837,0.019781987358666375,RETAINED
POST_HOC_MEASUREMENT_DIAGNOSTIC,change_rank_2021_2024,devices_weighted_mean,2021-2024,VN_LEGACY63_10,-0.16868279569892475,-0.16068595603233363,0.007996839666591121,RETAINED
POST_HOC_MEASUREMENT_DIAGNOSTIC,change_rank_2021_2024,devices_weighted_mean,2021-2024,VN_LEGACY63_11,-0.16868279569892475,-0.14184986527662363,0.026832930422301116,RETAINED
POST_HOC_MEASUREMENT_DIAGNOSTIC,change_rank_2021_2024,devices_weighted_mean,2021-2024,VN_LEGACY63_12,-0.16868279569892475,-0.15615320691999698,0.012529588778927764,RETAINED
POST_HOC_MEASUREMENT_DIAGNOSTIC,change_rank_2021_2024,devices_weighted_mean,2021-2024,VN_LEGACY63_14,-0.16868279569892475,-0.15343355745259502,0.015249238246329733,RETAINED
POST_HOC_MEASUREMENT_DIAGNOSTIC,change_rank_2021_2024,devices_weighted_mean,2021-2024,VN_LEGACY63_15,-0.16868279569892475,-0.18632117045654858,-0.017638374757623837,RETAINED
POST_HOC_MEASUREMENT_DIAGNOSTIC,change_rank_2021_2024,devices_weighted_mean,2021-2024,VN_LEGACY63_17,-0.16868279569892475,-0.164211427564151,0.004471368134773751,RETAINED
POST_HOC_MEASUREMENT_DIAGNOSTIC,change_rank_2021_2024,devices_weighted_mean,2021-2024,VN_LEGACY63_19,-0.16868279569892475,-0.1791191357558359,-0.010436340056911159,RETAINED
POST_HOC_MEASUREMENT_DIAGNOSTIC,change_rank_2021_2024,devices_weighted_mean,2021-2024,VN_LEGACY63_20,-0.16868279569892475,-0.17237037596635693,-0.0036875802674321834,RETAINED
POST_HOC_MEASUREMENT_DIAGNOSTIC,change_rank_2021_2024,devices_weighted_mean,2021-2024,VN_LEGACY63_22,-0.16868279569892475,-0.161542141975775,0.007140653723149759,RETAINED
POST_HOC_MEASUREMENT_DIAGNOSTIC,change_rank_2021_2024,devices_weighted_mean,2021-2024,VN_LEGACY63_24,-0.16868279569892475,-0.16627634660421545,0.002406449094709301,RETAINED
POST_HOC_MEASUREMENT_DIAGNOSTIC,change_rank_2021_2024,devices_weighted_mean,2021-2024,VN_LEGACY63_25,-0.16868279569892475,-0.20002014555161038,-0.03133734985268563,RETAINED
POST_HOC_MEASUREMENT_DIAGNOSTIC,change_rank_2021_2024,devices_weighted_mean,2021-2024,VN_LEGACY63_26,-0.16868279569892475,-0.16542016066077408,0.003262635038150663,RETAINED
POST_HOC_MEASUREMENT_DIAGNOSTIC,change_rank_2021_2024,devices_weighted_mean,2021-2024,VN_LEGACY63_27,-0.16868279569892475,-0.18596862330336683,-0.017285827604442083,RETAINED
POST_HOC_MEASUREMENT_DIAGNOSTIC,change_rank_2021_2024,devices_weighted_mean,2021-2024,VN_LEGACY63_30,-0.16868279569892475,-0.18758026743219763,-0.018897471733272886,RETAINED
POST_HOC_MEASUREMENT_DIAGNOSTIC,change_rank_2021_2024,devices_weighted_mean,2021-2024,VN_LEGACY63_31,-0.16868279569892475,-0.18758026743219763,-0.018897471733272886,RETAINED
POST_HOC_MEASUREMENT_DIAGNOSTIC,change_rank_2021_2024,devices_weighted_mean,2021-2024,VN_LEGACY63_33,-0.16868279569892475,-0.18455843469063987,-0.015875638991715124,RETAINED
POST_HOC_MEASUREMENT_DIAGNOSTIC,change_rank_2021_2024,devices_weighted_mean,2021-2024,VN_LEGACY63_34,-0.16868279569892475,-0.1714638261438896,-0.0027810304449648604,RETAINED
POST_HOC_MEASUREMENT_DIAGNOSTIC,change_rank_2021_2024,devices_weighted_mean,2021-2024,VN_LEGACY63_35,-0.16868279569892475,-0.14552642844551889,0.023156367253405863,RETAINED
POST_HOC_MEASUREMENT_DIAGNOSTIC,change_rank_2021_2024,devices_weighted_mean,2021-2024,VN_LEGACY63_36,-0.16868279569892475,-0.19050137241570345,-0.021818576716778698,RETAINED
POST_HOC_MEASUREMENT_DIAGNOSTIC,change_rank_2021_2024,devices_weighted_mean,2021-2024,VN_LEGACY63_37,-0.16868279569892475,-0.16819017400720204,0.0004926216917227055,RETAINED
POST_HOC_MEASUREMENT_DIAGNOSTIC,change_rank_2021_2024,devices_weighted_mean,2021-2024,VN_LEGACY63_38,-0.16868279569892475,-0.21935987509757998,-0.050677079398655234,RETAINED
POST_HOC_MEASUREMENT_DIAGNOSTIC,change_rank_2021_2024,devices_weighted_mean,2021-2024,VN_LEGACY63_40,-0.16868279569892475,-0.20273979501901235,-0.0340569993200876,RETAINED
POST_HOC_MEASUREMENT_DIAGNOSTIC,change_rank_2021_2024,devices_weighted_mean,2021-2024,VN_LEGACY63_42,-0.16868279569892475,-0.13489964997104076,0.03378314572788399,RETAINED
POST_HOC_MEASUREMENT_DIAGNOSTIC,change_rank_2021_2024,devices_weighted_mean,2021-2024,VN_LEGACY63_44,-0.16868279569892475,-0.16038377275817783,0.008299022940746914,RETAINED
POST_HOC_MEASUREMENT_DIAGNOSTIC,change_rank_2021_2024,devices_weighted_mean,2021-2024,VN_LEGACY63_45,-0.16868279569892475,-0.1624486917982423,0.006234103900682436,RETAINED
POST_HOC_MEASUREMENT_DIAGNOSTIC,change_rank_2021_2024,devices_weighted_mean,2021-2024,VN_LEGACY63_46,-0.16868279569892475,-0.18163732970713403,-0.012954534008209284,RETAINED
POST_HOC_MEASUREMENT_DIAGNOSTIC,change_rank_2021_2024,devices_weighted_mean,2021-2024,VN_LEGACY63_48,-0.16868279569892475,-0.16531943290272216,0.0033633627962025847,RETAINED
POST_HOC_MEASUREMENT_DIAGNOSTIC,change_rank_2021_2024,devices_weighted_mean,2021-2024,VN_LEGACY63_49,-0.16868279569892475,-0.16411069980609908,0.004572095892825673,RETAINED
POST_HOC_MEASUREMENT_DIAGNOSTIC,change_rank_2021_2024,devices_weighted_mean,2021-2024,VN_LEGACY63_51,-0.16868279569892475,-0.15665684571025662,0.012025949988668128,RETAINED
POST_HOC_MEASUREMENT_DIAGNOSTIC,change_rank_2021_2024,devices_weighted_mean,2021-2024,VN_LEGACY63_52,-0.16868279569892475,-0.16939890710382513,-0.0007161114049003825,RETAINED
POST_HOC_MEASUREMENT_DIAGNOSTIC,change_rank_2021_2024,devices_weighted_mean,2021-2024,VN_LEGACY63_54,-0.16868279569892475,-0.1882853617385611,-0.019602566039636365,RETAINED
POST_HOC_MEASUREMENT_DIAGNOSTIC,change_rank_2021_2024,devices_weighted_mean,2021-2024,VN_LEGACY63_56,-0.16868279569892475,-0.1530306464203873,0.015652149278537447,RETAINED
POST_HOC_MEASUREMENT_DIAGNOSTIC,change_rank_2021_2024,devices_weighted_mean,2021-2024,VN_LEGACY63_58,-0.16868279569892475,-0.17559366422401854,-0.0069108685250937885,RETAINED
POST_HOC_MEASUREMENT_DIAGNOSTIC,change_rank_2021_2024,devices_weighted_mean,2021-2024,VN_LEGACY63_60,-0.16868279569892475,-0.16486615799148852,0.0038166377074362323,RETAINED
POST_HOC_MEASUREMENT_DIAGNOSTIC,change_rank_2021_2024,devices_weighted_mean,2021-2024,VN_LEGACY63_62,-0.16868279569892475,-0.17624839465135606,-0.007565598952431307,RETAINED
POST_HOC_MEASUREMENT_DIAGNOSTIC,change_rank_2021_2024,devices_weighted_mean,2021-2024,VN_LEGACY63_64,-0.16868279569892475,-0.17257183148246077,-0.0038890357835360267,RETAINED
POST_HOC_MEASUREMENT_DIAGNOSTIC,change_rank_2021_2024,devices_weighted_mean,2021-2024,VN_LEGACY63_66,-0.16868279569892475,-0.16340560549973557,0.00527719019918918,RETAINED
POST_HOC_MEASUREMENT_DIAGNOSTIC,change_rank_2021_2024,devices_weighted_mean,2021-2024,VN_LEGACY63_67,-0.16868279569892475,-0.20223615622875274,-0.03355336052982799,RETAINED
POST_HOC_MEASUREMENT_DIAGNOSTIC,change_rank_2021_2024,devices_weighted_mean,2021-2024,VN_LEGACY63_68,-0.16868279569892475,-0.1469869809372718,0.021695814761652943,RETAINED
POST_HOC_MEASUREMENT_DIAGNOSTIC,change_rank_2021_2024,devices_weighted_mean,2021-2024,VN_LEGACY63_70,-0.16868279569892475,-0.16320414998363175,0.005478645715292996,RETAINED
POST_HOC_MEASUREMENT_DIAGNOSTIC,change_rank_2021_2024,devices_weighted_mean,2021-2024,VN_LEGACY63_72,-0.16868279569892475,-0.15756339553272394,0.011119400166200805,RETAINED
POST_HOC_MEASUREMENT_DIAGNOSTIC,change_rank_2021_2024,devices_weighted_mean,2021-2024,VN_LEGACY63_74,-0.16868279569892475,-0.15454156279116618,0.014141232907758566,RETAINED
POST_HOC_MEASUREMENT_DIAGNOSTIC,change_rank_2021_2024,devices_weighted_mean,2021-2024,VN_LEGACY63_75,-0.16868279569892475,-0.16698144091057895,0.0017013547883457936,RETAINED
POST_HOC_MEASUREMENT_DIAGNOSTIC,change_rank_2021_2024,devices_weighted_mean,2021-2024,VN_LEGACY63_77,-0.16868279569892475,-0.17896804411875802,-0.010285248419833276,RETAINED
POST_HOC_MEASUREMENT_DIAGNOSTIC,change_rank_2021_2024,devices_weighted_mean,2021-2024,VN_LEGACY63_79,-0.16868279569892475,-0.152073732718894,0.01660906298003076,RETAINED
POST_HOC_MEASUREMENT_DIAGNOSTIC,change_rank_2021_2024,devices_weighted_mean,2021-2024,VN_LEGACY63_80,-0.16868279569892475,-0.1594772229357105,0.009205572763214237,RETAINED
POST_HOC_MEASUREMENT_DIAGNOSTIC,change_rank_2021_2024,devices_weighted_mean,2021-2024,VN_LEGACY63_82,-0.16868279569892475,-0.1663770743622674,0.0023057213366573515,RETAINED
POST_HOC_MEASUREMENT_DIAGNOSTIC,change_rank_2021_2024,devices_weighted_mean,2021-2024,VN_LEGACY63_83,-0.16868279569892475,-0.1594772229357105,0.009205572763214237,RETAINED
POST_HOC_MEASUREMENT_DIAGNOSTIC,change_rank_2021_2024,devices_weighted_mean,2021-2024,VN_LEGACY63_84,-0.16868279569892475,-0.15434010727506234,0.01434268842386241,RETAINED
POST_HOC_MEASUREMENT_DIAGNOSTIC,change_rank_2021_2024,devices_weighted_mean,2021-2024,VN_LEGACY63_86,-0.16868279569892475,-0.1630026944675279,0.005680101231396839,RETAINED
POST_HOC_MEASUREMENT_DIAGNOSTIC,change_rank_2021_2024,devices_weighted_mean,2021-2024,VN_LEGACY63_87,-0.16868279569892475,-0.16411069980609908,0.004572095892825673,RETAINED
POST_HOC_MEASUREMENT_DIAGNOSTIC,change_rank_2021_2024,devices_weighted_mean,2021-2024,VN_LEGACY63_89,-0.16868279569892475,-0.1697010903779809,-0.0010182946790561476,RETAINED
POST_HOC_MEASUREMENT_DIAGNOSTIC,change_rank_2021_2024,devices_weighted_mean,2021-2024,VN_LEGACY63_91,-0.16868279569892475,-0.15434010727506234,0.01434268842386241,RETAINED
POST_HOC_MEASUREMENT_DIAGNOSTIC,change_rank_2021_2024,devices_weighted_mean,2021-2024,VN_LEGACY63_92,-0.16868279569892475,-0.1761980307723301,-0.007515235073405346,RETAINED
POST_HOC_MEASUREMENT_DIAGNOSTIC,change_rank_2021_2024,devices_weighted_mean,2021-2024,VN_LEGACY63_93,-0.16868279569892475,-0.17992495782025134,-0.011242162121326588,RETAINED
POST_HOC_MEASUREMENT_DIAGNOSTIC,change_rank_2021_2024,devices_weighted_mean,2021-2024,VN_LEGACY63_94,-0.16868279569892475,-0.176298758530382,-0.00761596283145724,RETAINED
POST_HOC_MEASUREMENT_DIAGNOSTIC,change_rank_2021_2024,devices_weighted_mean,2021-2024,VN_LEGACY63_95,-0.16868279569892475,-0.1630026944675279,0.005680101231396839,RETAINED
POST_HOC_MEASUREMENT_DIAGNOSTIC,change_rank_2021_2024,devices_weighted_mean,2021-2024,VN_LEGACY63_96,-0.16868279569892475,-0.1660748910881116,0.0026079046108131443,RETAINED
